dataset,rid,dimA_overall,dimB_total,n_judges,client_valence_nec,client_valence_emo_std,client_valence_emo_mean,client_valence_happy_ending,client_n_tokens,counselor_n_tokens,counselor_valence_emo_mean,total_tokens
annomi,annomi_0,4.933333333333334,4.601851851851851,3.0,-0.0809624572051041,0.1537333687136126,0.21777649963086,0.0,267,540,0.1422498228858398,807
annomi,annomi_1,4.833333333333333,3.759259259259259,3.0,0.0334202934662236,0.1398990272496096,0.1429248622134038,1.0,225,580,0.1054510688571984,805
annomi,annomi_10,1.8,2.592592592592593,3.0,0.112421875,0.10015258514775,0.0800444540450588,1.0,133,105,0.11836171875,238
annomi,annomi_101,3.816666666666667,4.361111111111112,3.0,0.0191605886243386,0.1126085854560486,0.0752852225386278,1.0,310,629,0.1116385919098822,939
annomi,annomi_102,1.3333333333333333,1.805555555555556,3.0,-0.0578633308531746,0.0911205418065867,0.155430062604752,0.0,170,253,0.1608919561540463,423
annomi,annomi_103,3.85,4.185185185185184,3.0,-0.0176150432900432,0.1199328321972291,0.1372653132086167,0.0,121,88,0.1026283152501506,209
annomi,annomi_104,4.466666666666667,4.444444444444445,3.0,0.0758486495135688,0.1262663584049528,0.1845359419515669,1.0,321,581,0.1445316933066933,902
annomi,annomi_105,3.85,4.5,3.0,-0.0214904317460317,0.1282691610659468,0.1318078103313397,0.0,638,198,0.1893628117913832,836
annomi,annomi_106,1.6666666666666667,2.0277777777777777,3.0,0.2231734417344173,0.1490822930052378,0.0692017676767676,1.0,218,374,0.0895419634703196,592
annomi,annomi_107,2.2333333333333334,1.462962962962963,3.0,0.045869597069597,0.0966905744000922,0.1329381485429993,1.0,143,226,0.1066915587740472,369
annomi,annomi_108,3.283333333333333,4.657407407407407,3.0,-0.015310934065934,0.1304291166163404,0.2090378038670665,0.0,660,948,0.1847309042040671,1608
annomi,annomi_11,4.183333333333333,3.305555555555556,3.0,0.1582751488095238,0.0697193516130556,0.1334617063492063,1.0,51,188,0.1901914449765008,239
annomi,annomi_110,3.8333333333333335,4.055555555555555,3.0,-0.1299521222377839,0.1410842269657539,0.2020177394930575,0.0,1031,451,0.1845257146448322,1482
annomi,annomi_111,4.8500000000000005,3.9629629629629632,3.0,-0.0758489130434783,0.1550034470475089,0.2202692942013028,0.0,355,670,0.1219826141248229,1025
annomi,annomi_112,3.8166666666666655,4.814814814814815,3.0,0.0927780555555555,0.1298884045193127,0.1792748583333333,1.0,1009,543,0.1677115592116996,1552
annomi,annomi_113,5.05,4.157407407407407,3.0,0.0389719610206952,0.1521437321404852,0.170641055395222,1.0,405,830,0.1110439287164317,1235
annomi,annomi_114,4.233333333333333,4.148148148148148,3.0,0.0171842996486126,0.1236654371241748,0.1705331285593117,1.0,664,349,0.158806772875817,1013
annomi,annomi_115,2.15,1.8703703703703705,3.0,0.0713564192343604,0.1117438693227389,0.1587292985595008,1.0,182,334,0.129204597069597,516
annomi,annomi_117,4.333333333333333,4.601851851851852,3.0,0.0179463648476422,0.1265716992184453,0.1808993355481727,1.0,697,667,0.1286228283157234,1364
annomi,annomi_118,1.5333333333333332,1.0,3.0,0.0693403073286052,0.1386233955798062,0.1039745174199623,1.0,245,344,0.1474456503198294,589
annomi,annomi_119,4.616666666666667,4.5,3.0,0.0615811379097093,0.1269164009191209,0.2167294940990213,1.0,781,552,0.1808400947119179,1333
annomi,annomi_12,3.383333333333333,3.740740740740741,3.0,0.0908097798259088,0.1292748771602999,0.1334446594982078,1.0,319,836,0.1354825147310032,1155
annomi,annomi_120,4.033333333333333,4.787037037037037,3.0,0.0199317841880342,0.1018631799978524,0.1748681903550224,1.0,271,524,0.2111297541994144,795
annomi,annomi_122,3.5500000000000003,3.333333333333333,3.0,-0.0527936688311688,0.1204646780902813,0.0715614447253828,0.0,122,101,0.1516546928916494,223
annomi,annomi_123,1.9333333333333336,1.5740740740740742,3.0,0.0700546853244222,0.1357187446380907,0.1581673534798535,1.0,295,600,0.0767898396583675,895
annomi,annomi_124,4.666666666666667,4.75925925925926,3.0,0.0167762108262108,0.1109642081608022,0.1944221589895747,1.0,988,650,0.2003198833667632,1638
annomi,annomi_125,2.5000000000000004,3.388888888888889,3.0,0.1018824404761904,0.0930234463131673,0.2240988636363636,1.0,53,49,0.0496167361111111,102
annomi,annomi_126,1.9,4.333333333333333,3.0,-0.0647740277777777,0.1641309623207407,0.15332191005291,0.0,309,1081,0.1578816827321724,1390
annomi,annomi_127,4.633333333333334,4.018518518518518,3.0,0.1136659297052154,0.1454314015940403,0.1232827964042759,1.0,499,442,0.098487763481066,941
annomi,annomi_128,4.5,4.083333333333333,3.0,0.1073982461297275,0.129366739154624,0.12016049003549,1.0,416,605,0.1333475151805688,1021
annomi,annomi_129,4.45,3.027777777777778,3.0,0.0081857956857956,0.1496460592621229,0.2063258709808709,1.0,204,237,0.2390298732943469,441
annomi,annomi_13,4.466666666666666,3.9814814814814814,3.0,0.0929203703703703,0.1606000330750056,0.2036352330293819,1.0,103,273,0.1226911375661375,376
annomi,annomi_131,3.8333333333333335,4.694444444444444,3.0,0.0396504078483244,0.1437181549064554,0.0902655200385863,1.0,371,925,0.1121243267831149,1296
annomi,annomi_132,4.416666666666667,4.685185185185186,3.0,-0.1053159159159159,0.1519935801066465,0.160154580468551,0.0,383,600,0.148108646899256,983
annomi,annomi_14,4.533333333333334,3.935185185185185,3.0,0.0437810201316299,0.12357954754065,0.2501347040104286,1.0,216,300,0.1400808841978945,516
annomi,annomi_15,2.483333333333333,2.0277777777777777,3.0,0.0973464676034348,0.141724503408006,0.1590835388552815,1.0,316,289,0.0741107893990929,605
annomi,annomi_16,4.233333333333333,4.037037037037037,3.0,-0.1351494639376218,0.1789276292991379,0.1928170662768031,0.0,294,242,0.1603606870359016,536
annomi,annomi_17,2.6666666666666665,2.342592592592592,3.0,0.2169560236060236,0.1320440817702444,0.1136911993392957,1.0,206,517,0.1507962309398825,723
annomi,annomi_18,3.5666666666666664,3.1203703703703707,3.0,0.0640885030864197,0.1713622113694467,0.1524008186360964,1.0,549,1549,0.1423606374974232,2098
annomi,annomi_19,4.3,3.6666666666666665,3.0,0.1183019841269841,0.1234559895546271,0.1108168423106947,1.0,131,39,0.1947001851851851,170
annomi,annomi_2,3.8333333333333335,4.731481481481482,3.0,0.1079178451178451,0.1486340194044248,0.1747899390974919,1.0,340,570,0.1481248684322213,910
annomi,annomi_20,5.333333333333333,4.064814814814814,3.0,0.1515432501155802,0.1374691431857659,0.1450356499356499,1.0,527,484,0.1180357660818713,1011
annomi,annomi_22,3.516666666666667,4.444444444444444,3.0,-0.0172802409737642,0.1353680322656773,0.1705033598705182,0.0,975,580,0.1886257776665832,1555
annomi,annomi_23,4.133333333333334,3.740740740740741,3.0,-0.0579407008547008,0.116152237622042,0.1825506547863097,0.0,1635,736,0.1107670902382044,2371
annomi,annomi_24,4.233333333333333,4.166666666666667,3.0,0.1123375992063492,0.1465479872318092,0.1535765260631001,1.0,333,296,0.1257059924782921,629
annomi,annomi_25,4.383333333333333,4.629629629629629,3.0,-0.1083101725875535,0.1528247012404387,0.2055182501889644,0.0,324,291,0.1658206321062704,615
annomi,annomi_26,2.85,2.5185185185185186,3.0,0.1875901587301587,0.1499155334445087,0.2623628571428572,1.0,84,219,0.1160624659863945,303
annomi,annomi_28,3.233333333333333,4.083333333333333,3.0,0.0436799160853301,0.1357969107029558,0.0646946173288848,1.0,794,709,0.094675171201814,1503
annomi,annomi_29,3.8333333333333335,4.361111111111111,3.0,-0.0591174482924482,0.1196383495281688,0.1606172481177768,0.0,340,791,0.1731258251126537,1131
annomi,annomi_3,2.883333333333333,3.407407407407407,3.0,0.0809439553340716,0.1330858283637798,0.1725455241786637,1.0,224,122,0.1672747331085826,346
annomi,annomi_30,2.6833333333333336,1.8611111111111116,3.0,0.0296661375661375,0.1470474140662311,0.150840502354788,1.0,100,303,0.1183786956052262,403
annomi,annomi_31,4.616666666666666,4.712962962962963,3.0,0.088756984126984,0.1518050408647701,0.1551870704816017,1.0,361,622,0.0958154502964861,983
annomi,annomi_32,1.4833333333333334,1.2314814814814816,3.0,0.0385820105820105,0.1257907983283305,0.1302460533126294,1.0,193,209,0.120172746031746,402
annomi,annomi_33,4.866666666666667,3.583333333333333,3.0,0.0371505890376984,0.1235376958458601,0.1419627853713502,1.0,333,369,0.1256157903439153,702
annomi,annomi_34,4.433333333333333,4.277777777777778,3.0,0.0234495981726023,0.1220288749282201,0.1707199052416936,1.0,1200,1563,0.1937237753059181,2763
annomi,annomi_35,4.316666666666666,4.101851851851852,3.0,0.0120084068195179,0.1146044802973658,0.1801460629460629,1.0,823,430,0.1935446489839007,1253
annomi,annomi_37,4.533333333333334,4.361111111111111,3.0,-0.008647103870788,0.1383434440166822,0.1322826645576645,0.0,295,287,0.1056961216740892,582
annomi,annomi_38,5.016666666666667,4.185185185185185,3.0,0.0259764750290359,0.1309890695740589,0.1714414607193088,1.0,1036,1238,0.1265796375941209,2274
annomi,annomi_39,3.866666666666667,4.129629629629629,3.0,0.0373670188785573,0.13879526117586,0.1479348370432985,1.0,854,743,0.104616242268933,1597
annomi,annomi_4,4.5,4.12037037037037,3.0,-0.0929645445134575,0.133090611184473,0.131455610527039,0.0,240,281,0.1271107259570494,521
annomi,annomi_40,3.8166666666666655,4.379629629629629,3.0,-0.310369600340136,0.1624678869408339,0.236218401043401,0.0,152,83,0.1536848133848134,235
annomi,annomi_41,3.766666666666667,4.685185185185185,3.0,0.0315791025182003,0.1393307321343072,0.1916669727891156,1.0,1339,282,0.1848511454154311,1621
annomi,annomi_42,3.9500000000000006,3.6851851851851856,3.0,0.2631011805555555,0.1550884253546458,0.1633993134920635,1.0,209,97,0.1912925595238095,306
annomi,annomi_43,3.9500000000000006,4.518518518518518,3.0,0.0430223673300166,0.1185268259490128,0.1303522932268852,1.0,683,556,0.1570391558573459,1239
annomi,annomi_45,3.35,2.722222222222222,3.0,-0.0571746965452847,0.0956431397682756,0.1777300811895639,0.0,183,585,0.1553203400573192,768
annomi,annomi_46,4.1000000000000005,4.231481481481482,3.0,0.1389605844155844,0.1443378571538013,0.1435960701484894,1.0,288,679,0.1269250775882492,967
annomi,annomi_47,2.766666666666667,2.333333333333333,3.0,,,,,14,205,0.128278356818918,219
annomi,annomi_48,4.466666666666667,3.9259259259259256,3.0,0.1427346521942111,0.1514100667844172,0.1772253248862898,1.0,180,103,0.1075043693009118,283
annomi,annomi_50,4.183333333333333,4.037037037037037,3.0,0.1297731089555163,0.1273096600686615,0.1668327133542903,1.0,418,280,0.1024849323493234,698
annomi,annomi_51,4.466666666666667,4.175925925925927,3.0,-0.1357713293650793,0.1419171578797242,0.3107389153439153,0.0,69,167,0.0750774638336347,236
annomi,annomi_52,3.2166666666666663,4.018518518518518,3.0,0.1135824845679012,0.1218271958621789,0.2008551260247688,1.0,191,320,0.1414371535752564,511
annomi,annomi_53,1.7833333333333332,3.453703703703704,3.0,0.0044876767113095,0.1209040577646701,0.1846573683821354,1.0,653,1218,0.1521914717003426,1871
annomi,annomi_54,1.7333333333333332,3.8333333333333335,3.0,0.075406432748538,0.1779865873856934,0.1803938814094573,1.0,200,353,0.1673168212440014,553
annomi,annomi_57,1.4833333333333334,1.8240740740740744,3.0,-0.0366323412698412,0.1858458863619537,0.1651499832327297,0.0,151,230,0.0973274599583423,381
annomi,annomi_58,3.516666666666667,4.592592592592593,3.0,-0.0493603849206349,0.1332979392916329,0.1684893642072213,0.0,1010,610,0.138196544119589,1620
annomi,annomi_59,1.5666666666666669,1.7222222222222223,3.0,,,,,28,142,0.1412356725146198,170
annomi,annomi_6,4.816666666666666,4.018518518518519,3.0,-0.0089036094803218,0.1455349729006365,0.1249690476190476,0.0,376,404,0.1428111944946755,780
annomi,annomi_60,4.233333333333333,4.833333333333333,3.0,0.0837358155166829,0.1310347555553527,0.1994223283122773,1.0,499,678,0.1581581731795857,1177
annomi,annomi_61,4.883333333333333,4.675925925925927,3.0,-0.0401111822401916,0.1195807593262983,0.179453614772965,0.0,540,691,0.1318360098682679,1231
annomi,annomi_62,3.9333333333333336,4.2407407407407405,3.0,-0.1034263012181616,0.1387063499107367,0.196351740206786,0.0,227,512,0.1645500575909621,739
annomi,annomi_63,4.416666666666667,4.092592592592593,3.0,-0.0101748726239467,0.1373165249307189,0.1299229885729885,0.0,416,576,0.0454423266425911,992
annomi,annomi_65,4.433333333333334,3.935185185185185,3.0,-0.0400275793650793,0.1863905016248936,0.1092443406992426,0.0,162,144,0.0971851146384479,306
annomi,annomi_67,5.133333333333334,4.268518518518518,3.0,0.1045211224489795,0.1925736545256783,0.2394479523809523,1.0,184,488,0.1280391805017066,672
annomi,annomi_69,1.1,3.0185185185185186,3.0,0.0980309523809523,0.0397154141594608,0.195915731292517,1.0,37,80,0.0946983512184216,117
annomi,annomi_70,3.1333333333333333,3.8055555555555554,3.0,0.0039833333333333,0.0970469003328142,0.0721371882086167,1.0,37,159,0.1299534894179894,196
annomi,annomi_72,1.4333333333333336,3.453703703703704,3.0,0.0307157678332377,0.1431296803618265,0.1804898372826004,1.0,427,385,0.1812889838736913,812
annomi,annomi_73,3.583333333333333,3.703703703703704,3.0,0.0878614612511671,0.1335898338796302,0.1218822104978354,1.0,97,184,0.1055998548752834,281
annomi,annomi_74,1.2666666666666668,2.203703703703704,3.0,-0.1235191338854382,0.1299524377682434,0.1122855740284619,0.0,125,224,0.1475293318567737,349
annomi,annomi_76,3.1833333333333336,4.435185185185185,3.0,-0.0071925204995109,0.1561065518090352,0.1831335480770674,0.0,1066,538,0.1711967893899841,1604
annomi,annomi_77,2.7833333333333337,4.416666666666667,3.0,0.0553236263736262,0.1102651709790568,0.2236456008497675,1.0,207,641,0.1623726309774965,848
annomi,annomi_78,4.7,4.564814814814816,3.0,0.0834114167739167,0.1252521571802587,0.1025983660130718,1.0,383,1186,0.0803710084826907,1569
annomi,annomi_79,4.233333333333333,3.9629629629629632,3.0,-0.0512444862155388,0.0839086720695437,0.150218640459656,0.0,201,134,0.1061855619047619,335
annomi,annomi_8,5.016666666666667,4.027777777777778,3.0,0.1298361423220974,0.1384774559447506,0.1327068578885693,1.0,456,427,0.1125818029923293,883
annomi,annomi_80,4.066666666666666,4.833333333333333,3.0,0.0494433234126984,0.1215844583956729,0.0915729412226937,1.0,413,258,0.1336950213552623,671
annomi,annomi_81,2.566666666666667,4.2407407407407405,3.0,-0.013015873015873,0.0989300296372016,0.1426949864498645,0.0,91,133,0.1376619207629288,224
annomi,annomi_82,3.65,4.305555555555556,3.0,0.0971824074074074,0.1331768050574533,0.0786210547504025,1.0,147,397,0.1695049787268859,544
annomi,annomi_83,4.366666666666667,4.101851851851852,3.0,0.1247243913101963,0.1478681173092387,0.1804313819963061,1.0,602,1128,0.1502886814332524,1730
annomi,annomi_85,3.95,3.9629629629629632,3.0,-0.0417889071104632,0.1511340671051381,0.1825279393424036,0.0,989,816,0.0915928074782164,1805
annomi,annomi_86,2.5333333333333337,3.62037037037037,3.0,-0.0910924242424242,0.1183514170705418,0.1175470096371882,0.0,177,153,0.1501957451499118,330
annomi,annomi_87,4.733333333333333,3.9166666666666665,3.0,0.0484878434065933,0.1182661618902874,0.200934977106227,1.0,269,157,0.127772871085371,426
annomi,annomi_88,4.05,4.527777777777778,3.0,-0.024447672352523,0.1235562998684056,0.1935977203146342,0.0,346,712,0.1533702262412788,1058
annomi,annomi_89,3.4333333333333336,3.8148148148148144,3.0,-0.1122575768849206,0.1653146728193986,0.1471965506715506,0.0,490,285,0.106869880089717,775
annomi,annomi_9,2.95,3.4814814814814814,3.0,-0.0912681145431145,0.1638565856634007,0.098288101536911,0.0,198,397,0.1000808112420225,595
annomi,annomi_90,1.7,2.3796296296296298,3.0,-0.0214226803751803,0.1221550826359521,0.1562356341991342,0.0,559,383,0.1792658199643493,942
annomi,annomi_91,4.283333333333333,4.5740740740740735,3.0,0.0363121444032158,0.1570897391508638,0.1278743058132344,1.0,779,749,0.1090095838695838,1528
annomi,annomi_92,2.016666666666667,1.351851851851852,3.0,0.0875067226890756,0.1606171103281229,0.1346982980089916,1.0,182,328,0.0685979026720406,510
annomi,annomi_93,4.4,4.518518518518518,3.0,0.0551585576259489,0.1140965670243799,0.211332322454844,1.0,241,286,0.2159839364506332,527
annomi,annomi_94,2.6666666666666665,4.351851851851851,3.0,0.0095849110728628,0.1373427449760984,0.1990969385708555,1.0,840,478,0.1649410718516262,1318
annomi,annomi_95,2.8166666666666664,4.00925925925926,3.0,0.1844389523809524,0.150064030923137,0.1373180004409171,1.0,261,687,0.1366111064288055,948
annomi,annomi_96,4.75,4.083333333333333,3.0,-0.047359984984985,0.1265925144589138,0.2082593189964158,0.0,753,1249,0.1511987932027649,2002
annomi,annomi_97,4.483333333333333,4.055555555555555,3.0,-0.0352507099169943,0.1144330329507369,0.1189900858822847,0.0,557,487,0.1534932498173607,1044
annomi,annomi_99,4.45,4.157407407407407,3.0,0.0033641025641026,0.137972618131142,0.1353769871794871,1.0,269,653,0.142779995440205,922
cactus,cactus_0,3.583333333333333,4.527777777777778,3.0,0.1986715196461097,0.141174959848548,0.200259903940001,1.0,318,453,0.1778506765694265,771
cactus,cactus_1,3.333333333333333,4.4444444444444455,3.0,0.0794433913308913,0.1465084266844375,0.2080770164384668,1.0,402,446,0.192736211906578,848
cactus,cactus_10,3.3000000000000003,4.62037037037037,3.0,0.1012292279051538,0.1407840230657452,0.1307641696891697,1.0,416,417,0.1797521037581699,833
cactus,cactus_100,3.5666666666666664,4.361111111111111,3.0,-0.0146356891701828,0.1339391012273944,0.147505211706849,0.0,406,386,0.1494129805060839,792
cactus,cactus_101,3.2166666666666663,4.212962962962963,3.0,0.1004894718792867,0.1197301318393455,0.1234177640004657,1.0,418,541,0.1735345678183553,959
cactus,cactus_102,3.4166666666666665,4.4907407407407405,3.0,0.2135647037981859,0.1377786600903153,0.1868929138321995,1.0,289,411,0.1989095741530443,700
cactus,cactus_103,3.35,3.944444444444444,3.0,0.0019971741221741,0.1384468940330163,0.170640468975469,1.0,339,376,0.1968236873405129,715
cactus,cactus_104,3.1,4.018518518518518,3.0,0.0375661706349206,0.1294974854434585,0.1648965702947845,1.0,331,494,0.1828561438389788,825
cactus,cactus_105,3.866666666666667,3.935185185185185,3.0,-0.143600779478458,0.1251027056295632,0.1260589215850659,0.0,293,446,0.1808287348806799,739
cactus,cactus_106,3.6833333333333336,4.2407407407407405,3.0,0.0442033272283272,0.1485311930561791,0.1195785750691714,1.0,336,429,0.1816833758503401,765
cactus,cactus_107,3.35,4.351851851851852,3.0,0.1623532131834215,0.1452386184620288,0.192752799581371,1.0,373,433,0.1930437930518119,806
cactus,cactus_108,3.5500000000000003,4.5740740740740735,3.0,0.1439488153594771,0.1651773220470556,0.152933364753526,1.0,350,348,0.1775780154047853,698
cactus,cactus_109,3.4666666666666663,4.555555555555556,3.0,0.1206752926587301,0.134249716091911,0.1517312470238095,1.0,409,513,0.2011111953577727,922
cactus,cactus_11,3.0333333333333337,4.138888888888889,3.0,0.0207714900514195,0.1079981812315407,0.1544685407496332,1.0,366,386,0.2007625015788808,752
cactus,cactus_110,3.5499999999999994,4.611111111111111,3.0,-0.0155053979125896,0.136027504093328,0.1856316374155805,0.0,378,384,0.213059491005291,762
cactus,cactus_111,3.4,4.666666666666667,3.0,0.0021190242763771,0.1686788344563069,0.1575981279178338,1.0,434,513,0.1909466301335349,947
cactus,cactus_112,2.9333333333333336,4.37962962962963,3.0,0.1043743413516609,0.139193574669653,0.0773008197792148,1.0,495,460,0.1349822853975293,955
cactus,cactus_113,3.25,4.703703703703703,3.0,0.069479002547521,0.1378689356366625,0.2132157322699194,1.0,415,461,0.221798960528164,876
cactus,cactus_114,3.2166666666666663,3.935185185185185,3.0,-0.0321211685823754,0.1257403796622142,0.1407982163172436,0.0,302,345,0.1995075904667423,647
cactus,cactus_115,3.1666666666666665,4.777777777777778,3.0,0.162132176629517,0.1509457403096779,0.1667179109496906,1.0,481,582,0.232792327349788,1063
cactus,cactus_116,3.75,4.407407407407407,3.0,0.0622759379509379,0.1277282400759617,0.1561349623432956,1.0,342,369,0.2180522145061728,711
cactus,cactus_117,3.35,4.222222222222221,3.0,0.0087257936507936,0.1507784888425491,0.1561227693160597,1.0,281,307,0.2321521119633535,588
cactus,cactus_118,3.45,4.101851851851852,3.0,0.0865230974124809,0.1257803465454317,0.1118217035455486,1.0,377,391,0.1645629217568353,768
cactus,cactus_119,3.2,3.8796296296296298,3.0,-0.1530373939986953,0.1223431963258235,0.1340943495514147,0.0,377,490,0.1849696845196845,867
cactus,cactus_12,3.1666666666666665,4.796296296296297,3.0,0.1520903823178016,0.1335150797402774,0.2474688513216231,1.0,478,364,0.2270488419405321,842
cactus,cactus_120,3.783333333333333,4.351851851851851,3.0,0.0631820811287477,0.1216432617009174,0.1359183772113838,1.0,463,486,0.1411616252370969,949
cactus,cactus_121,4.1000000000000005,3.638888888888889,3.0,-0.0808603930461073,0.120053038210447,0.1040590471198961,0.0,327,504,0.1713493602693602,831
cactus,cactus_122,3.4,4.4907407407407405,3.0,0.1091168858090499,0.1545322437728774,0.1284680877464063,1.0,348,455,0.1963090166559897,803
cactus,cactus_123,2.983333333333333,4.00925925925926,3.0,-0.0209436709712133,0.1269309311546355,0.2002756365185895,0.0,307,421,0.2111940649560794,728
cactus,cactus_124,3.4333333333333336,4.564814814814815,3.0,-0.079981074074074,0.1665781840115169,0.155937490000421,0.0,386,394,0.1605528004535147,780
cactus,cactus_125,3.4166666666666665,4.5740740740740735,3.0,0.0964957624716553,0.1664340196234634,0.1665314158163265,1.0,289,385,0.172524011102668,674
cactus,cactus_126,3.333333333333333,3.3796296296296298,3.0,-0.1009270871985157,0.1259835875512309,0.1454583261556129,0.0,396,457,0.1690917472718253,853
cactus,cactus_127,3.233333333333333,4.0740740740740735,3.0,0.0873372607376283,0.1198971304178735,0.0937350233426703,1.0,349,351,0.1524159983291562,700
cactus,cactus_128,3.3166666666666664,4.453703703703703,3.0,0.1246480571016284,0.1509671845379707,0.1181814849082983,1.0,395,500,0.1592690896453625,895
cactus,cactus_129,2.8666666666666667,3.87037037037037,3.0,-0.0348721475719,0.1267894116223564,0.1332461802608832,0.0,514,607,0.1694963004990179,1121
cactus,cactus_13,3.633333333333333,4.694444444444445,3.0,0.1392430695282808,0.1539030862313667,0.1709761371215152,1.0,366,430,0.1628421511518304,796
cactus,cactus_130,3.3833333333333333,4.111111111111111,3.0,0.0692425631981187,0.1263160852758261,0.1128151546250684,1.0,415,472,0.1977798364702252,887
cactus,cactus_131,3.516666666666667,4.462962962962963,3.0,0.1319723787167449,0.1332500991444578,0.1226343833600856,1.0,365,489,0.1475293022486772,854
cactus,cactus_132,3.25,3.879629629629629,3.0,0.0315929761904761,0.1142643272339773,0.137846902494331,1.0,359,357,0.1749659642401021,716
cactus,cactus_133,3.4166666666666665,4.25925925925926,3.0,-0.1093345521541949,0.1318656520228202,0.1078200181566337,0.0,433,517,0.1833483150543682,950
cactus,cactus_134,3.6166666666666663,4.481481481481482,3.0,0.1027048955722639,0.1472373657320624,0.1260839772386942,1.0,486,476,0.1563657277114986,962
cactus,cactus_135,3.0,4.648148148148148,3.0,-0.0025376984126984,0.1322180268618536,0.173029609375,0.0,329,305,0.2217604542042042,634
cactus,cactus_136,3.1,4.564814814814814,3.0,0.089839131393298,0.1395687476851267,0.2164325113378684,1.0,373,472,0.2080102694641571,845
cactus,cactus_137,3.3833333333333333,4.685185185185184,3.0,0.11926016285302,0.1294903089240235,0.2214468981994176,1.0,396,390,0.2055547869016373,786
cactus,cactus_138,3.0666666666666664,4.064814814814814,3.0,0.0565344726062467,0.1304720998650327,0.1167695656612055,1.0,320,406,0.1321376464355683,726
cactus,cactus_139,3.1166666666666667,4.648148148148148,3.0,0.0978807510927076,0.1243699867616679,0.1433383582635744,1.0,356,411,0.1914393824528153,767
cactus,cactus_14,3.65,4.203703703703703,3.0,-0.0313481510552939,0.148780551954736,0.1725318276544753,0.0,466,434,0.1990392521008403,900
cactus,cactus_140,3.6833333333333336,4.666666666666667,3.0,0.2468420785613823,0.1679251098588151,0.0877785323472823,1.0,405,398,0.1329387338311502,803
cactus,cactus_141,3.6166666666666663,4.166666666666667,3.0,0.0094540389215046,0.1296129354820947,0.1819027334457852,1.0,376,417,0.1825421889589169,793
cactus,cactus_142,3.8,4.185185185185186,3.0,0.0060258425744727,0.1177023718293955,0.1720658816191336,1.0,378,432,0.1827794157379264,810
cactus,cactus_143,3.25,4.222222222222222,3.0,0.0377849149659863,0.1237752345334579,0.1632123635912698,1.0,361,436,0.1584214360060964,797
cactus,cactus_144,3.766666666666667,4.138888888888889,3.0,-0.0364397557997558,0.127606791625134,0.1917235224586288,0.0,338,369,0.1633888205467372,707
cactus,cactus_145,3.6833333333333336,4.342592592592593,3.0,0.0455478466386555,0.1246842579074146,0.1547351638504864,1.0,350,394,0.1773004834054834,744
cactus,cactus_146,3.8166666666666655,4.675925925925926,3.0,0.0204051960784313,0.1318728448289824,0.1446675848481469,1.0,436,552,0.1642025278435499,988
cactus,cactus_147,3.466666666666667,4.731481481481481,3.0,0.1109438767636684,0.1510655746333337,0.1869328056984566,1.0,370,439,0.177407799926172,809
cactus,cactus_148,3.2,3.925925925925926,3.0,0.1076117767537122,0.1713819931709455,0.1380896142958245,1.0,323,408,0.1828763187731232,731
cactus,cactus_149,2.983333333333333,3.7129629629629632,3.0,-0.0355272628495842,0.0981149009281875,0.1537159930083144,0.0,429,482,0.1880717515688446,911
cactus,cactus_15,3.233333333333333,3.907407407407407,3.0,-0.0302799049464747,0.1231850595094792,0.1166659310205133,0.0,440,524,0.1839941655108645,964
cactus,cactus_150,3.45,4.277777777777779,3.0,0.0305574108431251,0.1378119812439844,0.1384169039437081,1.0,397,381,0.1611324436763953,778
cactus,cactus_151,3.3666666666666667,4.675925925925927,3.0,0.0644879761904761,0.1160922163849977,0.1679488330642991,1.0,363,473,0.2442620723864258,836
cactus,cactus_152,3.3666666666666667,4.018518518518518,3.0,0.1444454525954525,0.1462500378469046,0.0727102344780629,1.0,382,438,0.1509197829947829,820
cactus,cactus_153,3.3833333333333333,4.37962962962963,3.0,0.0127922910830999,0.1378151160445664,0.1580054528478058,1.0,349,401,0.1736940962099125,750
cactus,cactus_154,3.333333333333333,4.490740740740741,3.0,0.0585171428571428,0.1305562292875292,0.1402403201058201,1.0,309,456,0.2024977637512872,765
cactus,cactus_155,3.4,4.018518518518518,3.0,0.0614699701092557,0.1311298105451193,0.108613188068715,1.0,398,418,0.1841444813133077,816
cactus,cactus_156,3.483333333333333,4.129629629629629,3.0,0.0814695004668534,0.1274293067178934,0.0791544976657329,1.0,434,441,0.1726021154835391,875
cactus,cactus_157,3.6166666666666663,4.3240740740740735,3.0,-0.0552284798534798,0.1246450860535292,0.1141451805404095,0.0,402,470,0.1772219243879764,872
cactus,cactus_158,3.15,4.194444444444445,3.0,-0.0645747853239657,0.1265330552272663,0.2133559677916474,0.0,318,406,0.1815757716604693,724
cactus,cactus_159,3.033333333333333,4.12962962962963,3.0,0.0650817557104141,0.1645840335900921,0.1683375454897406,1.0,419,448,0.1920401896445746,867
cactus,cactus_16,3.133333333333333,4.462962962962963,3.0,0.0226736205593348,0.1440329764182749,0.1389103494320319,1.0,431,416,0.1866439247689248,847
cactus,cactus_160,3.65,3.592592592592593,3.0,-0.0605772765246449,0.1319616999288468,0.12655291005291,0.0,297,435,0.1534386271331694,732
cactus,cactus_161,3.4000000000000004,4.12962962962963,3.0,0.0367886578259996,0.1293430276744104,0.0847105980439313,1.0,405,433,0.1592811854222821,838
cactus,cactus_162,3.4333333333333336,3.675925925925926,3.0,-0.0044184848484848,0.1230445222451703,0.161866163167776,0.0,288,450,0.2030942014901199,738
cactus,cactus_163,3.7,4.351851851851852,3.0,0.0339125457875457,0.1299293944976521,0.1748343748473748,1.0,334,392,0.2064068061254092,726
cactus,cactus_164,3.4333333333333336,4.231481481481481,3.0,0.0331050073099414,0.1301079932794588,0.1647784719631978,1.0,392,358,0.1913915927593578,750
cactus,cactus_165,3.883333333333333,4.731481481481481,3.0,0.049868699056199,0.124338019538074,0.1910960563470671,1.0,380,496,0.1984530499331834,876
cactus,cactus_166,3.4166666666666665,4.203703703703703,3.0,-0.053144043109668,0.1550740769623388,0.0969128043525102,0.0,451,557,0.1374569574788552,1008
cactus,cactus_167,3.5499999999999994,4.5740740740740735,3.0,0.1133583333333333,0.1560855068456675,0.1239011934011934,1.0,416,466,0.1637067712132263,882
cactus,cactus_168,3.4333333333333336,4.453703703703703,3.0,0.1497979901051329,0.1949419248682977,0.1018927833148763,1.0,396,441,0.1855981922398589,837
cactus,cactus_169,3.3666666666666667,4.12037037037037,3.0,0.0131070310753409,0.1374563098095272,0.0897889446227929,1.0,365,393,0.1530781983713624,758
cactus,cactus_17,3.4666666666666663,4.648148148148148,3.0,0.1369651687905209,0.1363469235391153,0.1827776045159848,1.0,364,492,0.1707789986526011,856
cactus,cactus_170,3.6,4.222222222222222,3.0,0.0494466343327454,0.1495094431581651,0.1068188349990201,1.0,414,466,0.1536787025459345,880
cactus,cactus_171,3.733333333333333,4.518518518518518,3.0,-0.0054728306878307,0.1586940964217825,0.1825933518518518,0.0,309,371,0.1501932243707796,680
cactus,cactus_172,3.116666666666667,4.398148148148148,3.0,0.0574811263318112,0.139897198760015,0.143703832384403,1.0,377,422,0.1852707521426649,799
cactus,cactus_173,3.6,4.601851851851852,3.0,0.1223365444862155,0.1423029108826938,0.115586576140873,1.0,393,434,0.20604416713352,827
cactus,cactus_174,3.483333333333333,4.583333333333333,3.0,-0.0204124352548037,0.1509322697389679,0.1218302573151738,0.0,488,545,0.1688955742122719,1033
cactus,cactus_175,3.583333333333333,4.157407407407407,3.0,-0.041885877085877,0.1382299227402227,0.1254826662212504,0.0,401,391,0.173155358181667,792
cactus,cactus_176,3.5666666666666664,4.851851851851852,3.0,0.0656938912938913,0.1316190872884924,0.1697742649168101,1.0,341,391,0.1820600089337655,732
cactus,cactus_177,3.483333333333333,4.675925925925927,3.0,0.2306339117567931,0.1529578577049853,0.1397489293704059,1.0,307,447,0.1930710235920852,754
cactus,cactus_178,3.2,4.722222222222222,3.0,0.0636341478696742,0.152241923991901,0.1806461983918677,1.0,390,472,0.1844057741094998,862
cactus,cactus_179,2.983333333333333,4.222222222222222,3.0,0.096732332886206,0.136101331755674,0.1621119003281014,1.0,367,433,0.1874886277702905,800
cactus,cactus_18,3.4333333333333336,4.75,3.0,0.0486700120554551,0.1177823996782518,0.1759353013863773,1.0,404,468,0.2120272504063353,872
cactus,cactus_180,3.016666666666667,3.648148148148149,3.0,-0.0041600590623846,0.1386781668257163,0.1084029213298222,0.0,443,448,0.1500527280616118,891
cactus,cactus_181,3.033333333333333,4.50925925925926,3.0,-0.0886391717325227,0.1269987313720947,0.1566798751635961,0.0,482,511,0.1860811460507177,993
cactus,cactus_182,3.5333333333333337,4.425925925925925,3.0,0.032744307760141,0.1140647180118146,0.1589632572970321,1.0,462,497,0.2186923342766068,959
cactus,cactus_183,3.783333333333333,4.2407407407407405,3.0,-0.0010392283419391,0.1309516791606542,0.1053387282463186,0.0,424,534,0.1544013340891912,958
cactus,cactus_184,3.083333333333333,3.648148148148149,3.0,0.1983275998905309,0.1545238194242941,0.080907454648526,1.0,303,446,0.1356851258581235,749
cactus,cactus_185,2.833333333333333,3.972222222222222,3.0,-0.1157250136836344,0.1433223307863654,0.1278659610488108,0.0,302,442,0.171514074012977,744
cactus,cactus_186,2.583333333333333,3.777777777777777,3.0,0.0994602873977874,0.1446000925907682,0.1294201904285237,1.0,342,332,0.1250597682932822,674
cactus,cactus_187,3.533333333333333,4.092592592592593,3.0,-0.0073308183183183,0.1494870259881569,0.1492943548387096,0.0,381,452,0.1823053665484252,833
cactus,cactus_188,3.633333333333333,4.425925925925927,3.0,0.0850153185475103,0.1470598580583518,0.1355904632152588,1.0,376,423,0.1970489063338701,799
cactus,cactus_189,3.0,4.287037037037037,3.0,0.0269734616220917,0.143628389981909,0.0879329042457091,1.0,378,428,0.1491694425502898,806
cactus,cactus_19,2.8666666666666667,4.87037037037037,3.0,0.239371544973545,0.1452285887785457,0.1993061071112795,1.0,386,451,0.1848589968038497,837
cactus,cactus_190,3.3166666666666664,4.203703703703703,3.0,0.0460958623149634,0.1482990333294733,0.0662770897695394,1.0,456,466,0.1456203475044284,922
cactus,cactus_191,3.2166666666666663,4.453703703703703,3.0,-0.0235639525769155,0.1196764161617086,0.1238505859298452,0.0,414,403,0.1720412144468616,817
cactus,cactus_192,3.466666666666667,4.268518518518519,3.0,0.1000101484420929,0.1451839291927973,0.1797707377476538,1.0,283,456,0.1939858696424133,739
cactus,cactus_193,2.766666666666666,4.138888888888889,3.0,0.0010396214896214,0.1544625697199337,0.1340513443649064,1.0,468,557,0.1918477508399954,1025
cactus,cactus_194,3.233333333333333,4.777777777777778,3.0,0.0597375767195767,0.1442449447982599,0.1327588169312169,1.0,384,440,0.1774203439767245,824
cactus,cactus_195,3.216666666666667,3.7870370370370368,3.0,0.0619126612103174,0.132503824914755,0.1276691835684891,1.0,333,490,0.1597704195954196,823
cactus,cactus_196,3.6,4.055555555555555,3.0,0.0231035595238094,0.1462766625160313,0.1092613753968254,1.0,509,424,0.1434369066743163,933
cactus,cactus_197,3.6666666666666665,4.166666666666667,3.0,0.0295760779436152,0.1430500829456151,0.1315065851883159,1.0,347,479,0.1701106121242823,826
cactus,cactus_198,3.366666666666667,3.972222222222222,3.0,0.0225103948896631,0.1175602629530254,0.1476533972125435,1.0,419,400,0.1725747614988024,819
cactus,cactus_199,3.85,4.638888888888888,3.0,0.1234289321789322,0.1591501551353073,0.1523433316599731,1.0,341,385,0.1652582858409321,726
cactus,cactus_2,3.5,4.148148148148149,3.0,0.0592353854875283,0.1343620947215631,0.1623964915238994,1.0,362,471,0.1840854566068852,833
cactus,cactus_20,3.733333333333333,4.0740740740740735,3.0,0.0396856034080298,0.1307894265069415,0.1789654888796604,1.0,353,373,0.1938923720129077,726
cactus,cactus_21,3.016666666666667,3.9166666666666665,3.0,-0.0982643037518037,0.1498435122837792,0.1421755122655122,0.0,339,408,0.1920643155507817,747
cactus,cactus_22,3.0666666666666664,3.814814814814815,3.0,-0.1007608230050011,0.1133926111661874,0.1591187258099587,0.0,374,540,0.1903190401458763,914
cactus,cactus_23,3.266666666666667,4.407407407407407,3.0,0.0538691553287982,0.154913885253775,0.1974776338864157,1.0,362,502,0.2034099174152419,864
cactus,cactus_24,3.6666666666666665,4.50925925925926,3.0,0.0474528170242455,0.1367150930998307,0.0659596974749053,1.0,466,426,0.1423970461725857,892
cactus,cactus_25,3.65,4.5740740740740735,3.0,-0.0001366625438053,0.1309256230915196,0.1708029244083508,0.0,396,496,0.1926764324826439,892
cactus,cactus_26,3.4500000000000006,3.981481481481481,3.0,0.0602602809106098,0.1486821697541716,0.1612374865658068,1.0,393,442,0.1647065141684079,835
cactus,cactus_27,3.483333333333333,4.564814814814815,3.0,0.100385551206784,0.140359381663995,0.1365561029380135,1.0,378,483,0.1674804559306141,861
cactus,cactus_28,3.6833333333333336,4.185185185185186,3.0,0.0838969971570718,0.1599100634905096,0.1146176764455782,1.0,345,486,0.1542658072942664,831
cactus,cactus_29,3.716666666666667,4.25925925925926,3.0,0.1150661528286528,0.1358692117093408,0.1912989289763524,1.0,401,437,0.1679484247515205,838
cactus,cactus_3,3.2,4.00925925925926,3.0,-0.0466048701298701,0.1437112594617429,0.1567499985569985,0.0,284,302,0.1668404829622406,586
cactus,cactus_30,2.983333333333334,4.527777777777778,3.0,0.121191357511997,0.1449018759531223,0.1706298124265138,1.0,441,471,0.1913746100460386,912
cactus,cactus_31,2.95,4.62962962962963,3.0,-0.0606271164021164,0.1496132552887354,0.1582552035886818,0.0,354,320,0.178697089521768,674
cactus,cactus_32,3.233333333333333,3.842592592592593,3.0,0.2128608868184955,0.1542921138595574,0.075893027537624,1.0,356,497,0.1318094059003383,853
cactus,cactus_33,3.583333333333333,4.694444444444445,3.0,0.1028876627429998,0.1634069478127157,0.0955436790751935,1.0,458,459,0.2047191543209876,917
cactus,cactus_34,3.733333333333333,4.694444444444445,3.0,0.0169872619047619,0.1518510668413568,0.1830197619047618,1.0,409,490,0.1995681071181071,899
cactus,cactus_35,3.5,4.796296296296297,3.0,0.0980994338624338,0.1251830030818566,0.1964614262679566,1.0,388,393,0.1989334346064815,781
cactus,cactus_36,3.2999999999999994,4.5740740740740735,3.0,0.1640199145299145,0.1677310300938468,0.134364492063492,1.0,334,392,0.1975519913796676,726
cactus,cactus_37,3.35,4.648148148148148,3.0,-0.017652207001522,0.1714720557384131,0.1257372531939605,0.0,378,421,0.1923079548081368,799
cactus,cactus_38,3.4333333333333336,4.064814814814814,3.0,0.046865671641791,0.1265755986018334,0.135334546182469,1.0,346,358,0.1505664040114613,704
cactus,cactus_39,3.233333333333333,4.7407407407407405,3.0,0.197182383188017,0.1715925798613434,0.1693027632461435,1.0,364,414,0.1737890819126004,778
cactus,cactus_4,3.516666666666667,3.583333333333333,3.0,-0.0438145954316686,0.1101209419456356,0.127718750241378,0.0,420,510,0.1666219869784241,930
cactus,cactus_40,3.6666666666666665,4.0740740740740735,3.0,0.0214258258258258,0.1227703882460392,0.1782848177149648,1.0,383,491,0.1581658894816571,874
cactus,cactus_41,3.1,4.37962962962963,3.0,0.1107250992063491,0.1374312213052395,0.1741762637899735,1.0,350,487,0.1781197325164375,837
cactus,cactus_42,3.45,4.768518518518519,3.0,0.163801037414966,0.1399914213473,0.1916311147186147,1.0,361,426,0.2188243843020821,787
cactus,cactus_43,3.2833333333333337,4.425925925925927,3.0,0.0439164178100618,0.1308031913725922,0.1474076118326118,1.0,306,383,0.1741098803157627,689
cactus,cactus_44,3.2000000000000006,4.361111111111112,3.0,0.1053195804988662,0.1549976508751077,0.0688142800935293,1.0,362,377,0.1648413345410627,739
cactus,cactus_45,2.4833333333333334,4.666666666666667,3.0,0.1447454732510287,0.1461682450394988,0.1394047881652661,1.0,417,454,0.214298923666845,871
cactus,cactus_46,3.516666666666667,4.5,3.0,0.05615348759222,0.1245375364016992,0.1677632792409328,1.0,367,424,0.1931299942627653,791
cactus,cactus_47,2.9333333333333336,3.805555555555556,3.0,0.1544500309214594,0.1298591439289993,0.1168302930560682,1.0,396,436,0.1490486413144492,832
cactus,cactus_48,3.1166666666666667,4.666666666666667,3.0,0.1119060384394721,0.11973478507452,0.1244897734591052,1.0,428,459,0.2224511843033509,887
cactus,cactus_49,3.8666666666666663,4.583333333333333,3.0,0.0769339433783463,0.153253934833211,0.1212039575929874,1.0,344,442,0.1752017687598519,786
cactus,cactus_5,3.2999999999999994,4.296296296296297,3.0,-0.0112320213799806,0.1235064371209259,0.1789897243107769,0.0,503,411,0.1747785852483613,914
cactus,cactus_50,3.616666666666667,4.537037037037037,3.0,0.0591093286494926,0.1378923682046684,0.1335605100182149,1.0,314,535,0.1641031572514937,849
cactus,cactus_51,3.7833333333333337,4.185185185185185,3.0,0.0598144948519948,0.1394317662057776,0.1483113515468743,1.0,382,424,0.1781817670682731,806
cactus,cactus_52,3.466666666666667,4.805555555555556,3.0,0.1030714387464387,0.1442356799608642,0.2274867617436145,1.0,403,519,0.1925382773109243,922
cactus,cactus_53,3.466666666666667,3.935185185185185,3.0,-0.0396315476190476,0.1183403448298637,0.1892749007936508,0.0,329,371,0.1903880930456897,700
cactus,cactus_54,3.4,4.8240740740740735,3.0,0.1710371176926055,0.1589055734261835,0.1427867168928763,1.0,423,504,0.2045827224627225,927
cactus,cactus_55,3.8166666666666655,4.416666666666667,3.0,0.0701201329126027,0.1478913203101721,0.1670729296889798,1.0,428,419,0.1347187833914053,847
cactus,cactus_56,3.6833333333333336,4.435185185185184,3.0,0.1344523526077097,0.1388095903154298,0.1511850712711902,1.0,362,490,0.1862753036003036,852
cactus,cactus_57,3.15,3.7129629629629632,3.0,-0.0757888354700854,0.1655005110997286,0.1430280570818071,0.0,269,415,0.1916784668465087,684
cactus,cactus_58,3.5666666666666664,4.222222222222222,3.0,-0.0442466820987654,0.1239695952944646,0.0980536599763872,0.0,372,476,0.1662509763434282,848
cactus,cactus_59,3.183333333333333,4.148148148148148,3.0,-0.0089930932288527,0.1283795883993788,0.1513778495652867,0.0,407,459,0.1597136701940035,866
cactus,cactus_6,2.9666666666666663,4.805555555555556,3.0,0.1238279898741105,0.1390302899483959,0.1655996749553063,1.0,302,338,0.1914836481401071,640
cactus,cactus_60,3.3833333333333333,4.101851851851852,3.0,0.0611491732804232,0.1213205287821778,0.104942821067821,1.0,372,465,0.1634264733013088,837
cactus,cactus_61,3.7,4.555555555555556,3.0,0.0509957671957672,0.1269047184526536,0.1984460783122772,1.0,401,397,0.2441753804614629,798
cactus,cactus_62,3.333333333333333,3.990740740740741,3.0,0.0214224354418384,0.113602302015804,0.1501545177045177,1.0,347,456,0.1537401423955115,803
cactus,cactus_63,3.016666666666667,4.388888888888889,3.0,0.1174253246753246,0.1404185352309019,0.1545621901080019,1.0,397,406,0.1788264653552436,803
cactus,cactus_64,3.2833333333333337,4.37037037037037,3.0,0.0717221616895345,0.1556912196232209,0.1362179929689997,1.0,307,488,0.1920415382576134,795
cactus,cactus_65,2.966666666666667,4.481481481481482,3.0,0.1622930059523809,0.1508941041276695,0.1346898509196896,1.0,412,493,0.1872378705890069,905
cactus,cactus_66,2.85,3.8796296296296298,3.0,0.1229759954264191,0.125194742958126,0.1497415701415701,1.0,305,484,0.2035492823725981,789
cactus,cactus_67,3.2833333333333337,3.824074074074074,3.0,0.0495942063492063,0.1253318740210291,0.1471692966247844,1.0,460,469,0.1742148706004141,929
cactus,cactus_68,3.9,4.435185185185186,3.0,-0.1508982089232089,0.126410741707402,0.1417782128002716,0.0,383,496,0.1752273524331019,879
cactus,cactus_69,3.466666666666667,4.546296296296297,3.0,0.0060544179894179,0.1470946351982529,0.1368727629629629,1.0,384,415,0.1714100907029478,799
cactus,cactus_7,3.1,3.925925925925926,3.0,-0.014266323073945,0.1246310802938172,0.1783173647317808,0.0,420,582,0.1772546441729687,1002
cactus,cactus_70,3.3833333333333333,3.592592592592593,3.0,0.0602946236559139,0.1615846526179442,0.0438762954429083,1.0,319,460,0.1396287993172139,779
cactus,cactus_71,3.3166666666666664,4.638888888888889,3.0,0.07487151416122,0.1449052625934327,0.1408567955382283,1.0,522,440,0.1521356700917025,962
cactus,cactus_72,3.4333333333333336,3.9814814814814814,3.0,0.013714170182841,0.1462062006072028,0.1522054938934638,1.0,408,462,0.1497607773573005,870
cactus,cactus_73,3.383333333333333,4.537037037037037,3.0,0.0710071733821734,0.1351073554076783,0.1400320506286102,1.0,336,398,0.1871971140898519,734
cactus,cactus_74,3.35,4.833333333333333,3.0,0.1599253384687208,0.1326272108266922,0.1977549227173863,1.0,352,476,0.1977824479113558,828
cactus,cactus_75,3.6666666666666665,4.027777777777778,3.0,0.0757627385975487,0.1160929227856521,0.1239842933301266,1.0,405,478,0.1618635470606153,883
cactus,cactus_76,3.3666666666666667,4.296296296296296,3.0,-0.0307717240797028,0.1375954716769746,0.0992592617708124,0.0,483,527,0.1720460654532083,1010
cactus,cactus_77,3.5,4.574074074074074,3.0,0.0975373866213151,0.1228801062191085,0.1753879223356009,1.0,429,472,0.1941177165826733,901
cactus,cactus_78,3.25,4.12037037037037,3.0,-0.0060677898843153,0.1287659977177612,0.1851672024477579,0.0,306,397,0.1886700110456553,703
cactus,cactus_79,3.2833333333333337,3.740740740740741,3.0,-0.0661362169312169,0.1473721020589435,0.1385972411186697,0.0,387,466,0.1697213851550831,853
cactus,cactus_8,3.1333333333333333,4.87037037037037,3.0,0.0453094767285445,0.1222220222554355,0.2175556033338641,1.0,308,449,0.1983330411255411,757
cactus,cactus_80,3.2,4.12962962962963,3.0,0.0585457605820105,0.1491693567080346,0.1243294488972706,1.0,312,368,0.1506612105938011,680
cactus,cactus_81,3.4166666666666665,4.0740740740740735,3.0,-0.0170135653235653,0.1329768667119231,0.1583083139759969,0.0,337,423,0.1987928753546507,760
cactus,cactus_82,3.3833333333333333,4.027777777777778,3.0,-0.0484912648181636,0.104981555670616,0.1555350495781856,0.0,406,415,0.1857594974196575,821
cactus,cactus_83,3.3833333333333333,3.9166666666666665,3.0,-0.0955594230284705,0.1297402040628353,0.1490064412598895,0.0,328,433,0.1843521469751422,761
cactus,cactus_84,4.016666666666667,4.37962962962963,3.0,0.1732867768959436,0.1616433732173881,0.1614770587512291,1.0,461,402,0.1508956551153116,863
cactus,cactus_85,3.3833333333333333,4.037037037037037,3.0,-0.033231603422619,0.1607982957183435,0.1387791556437389,0.0,333,434,0.1614657422969187,767
cactus,cactus_86,3.3666666666666667,4.361111111111111,3.0,0.0172343663391282,0.1497051264577419,0.1302658805031446,1.0,327,396,0.1741892641811246,723
cactus,cactus_87,3.1833333333333336,3.361111111111111,3.0,0.0229329298941798,0.1215482785221432,0.1540170423983546,1.0,310,415,0.159008613847838,725
cactus,cactus_88,3.5666666666666664,4.5,3.0,-0.0290438859494414,0.1448825997257566,0.1522460102431777,0.0,415,473,0.1959077680281883,888
cactus,cactus_89,3.4333333333333336,4.268518518518518,3.0,0.0744935776942355,0.1249322051329711,0.126887906125992,1.0,393,401,0.2102993855280207,794
cactus,cactus_9,3.4,4.407407407407407,3.0,0.1306588359788359,0.1299375069176874,0.1508621476734933,1.0,388,426,0.187746352441856,814
cactus,cactus_90,2.9,4.12037037037037,3.0,0.0349560090702947,0.1408554046183769,0.1128202333711262,1.0,429,425,0.1638788022741147,854
cactus,cactus_91,3.3166666666666664,4.787037037037037,3.0,0.1609137721755368,0.1641518908160145,0.1580073827980804,1.0,353,494,0.207476432662412,847
cactus,cactus_92,3.1166666666666667,4.75,3.0,0.1444505180776014,0.1357433408502067,0.1434921478996755,1.0,371,486,0.1909270872849489,857
cactus,cactus_93,3.65,4.25,3.0,-0.0002894482692675,0.1402837362628594,0.1951479306360571,0.0,428,432,0.1789097489586851,860
cactus,cactus_94,3.45,3.527777777777778,3.0,0.0655990170940171,0.1243928388393818,0.1210733528693528,1.0,334,413,0.1614925939022473,747
cactus,cactus_95,3.25,4.12037037037037,3.0,0.0749219556051587,0.1446763351499037,0.1385532217261905,1.0,329,422,0.160767428609862,751
cactus,cactus_96,3.1,3.3611111111111107,3.0,-0.0293453789042499,0.1443106448322704,0.1241922176726317,0.0,323,447,0.1891950333405813,770
cactus,cactus_97,3.466666666666667,4.00925925925926,3.0,-0.0517980483996877,0.1276241542553574,0.1822372898776997,0.0,314,448,0.1930184338503814,762
cactus,cactus_98,3.4166666666666665,4.333333333333333,3.0,0.1554571031746031,0.1514643527111057,0.1468959717000835,1.0,313,419,0.1779674738675958,732
cactus,cactus_99,3.616666666666667,4.240740740740741,3.0,0.0891458976833977,0.1506108201234557,0.1026591259202519,1.0,382,372,0.1637728322182867,754
cpsycoun,cpscycoun_career_1_02,2.9333333333333336,3.2685185185185186,3.0,,,,,24,34,0.0469622222222222,58
cpsycoun,cpscycoun_career_1_04,2.4000000000000004,3.4629629629629632,3.0,0.1674380952380952,0.1435685693771807,0.042511485474693,1.0,62,85,0.0885812447786132,147
cpsycoun,cpscycoun_career_1_06,2.5,3.5185185185185186,3.0,0.3505733843537415,0.1765830730924621,0.1134148781578359,1.0,80,123,0.1681038081314396,203
cpsycoun,cpscycoun_career_1_08,2.45,3.3888888888888893,3.0,0.1468848739495798,0.1711966128087075,0.1101533520074696,1.0,94,172,0.1311089492647774,266
cpsycoun,cpscycoun_career_1_10,2.4,3.333333333333333,3.0,-0.0896118212197159,0.1835334058066074,0.084304089390142,0.0,104,220,0.1471105694726547,324
cpsycoun,cpscycoun_career_2_02,2.6,3.2314814814814814,3.0,,,,,23,79,0.1148471768707483,102
cpsycoun,cpscycoun_career_2_04,2.4,3.7870370370370368,3.0,0.0163365079365079,0.1575497747903799,0.2463075268817205,1.0,40,158,0.1350412378821775,198
cpsycoun,cpscycoun_career_2_06,2.3666666666666667,3.842592592592592,3.0,-0.3234744047619047,0.2236448870027838,0.1212984496124031,0.0,52,223,0.176341147455867,275
cpsycoun,cpscycoun_career_2_10,2.3,3.777777777777778,3.0,-0.1278463585434174,0.1761444468510054,0.1067977591036414,0.0,94,404,0.2073613934096845,498
cpsycoun,cpscycoun_career_3_02,2.766666666666667,3.25,3.0,,,,,20,44,0.0879590702947845,64
cpsycoun,cpscycoun_career_3_04,2.6666666666666665,3.4444444444444446,3.0,0.3054761904761904,0.1304541860138773,0.1861232638888889,1.0,41,111,0.1406524393090569,152
cpsycoun,cpscycoun_career_3_06,2.766666666666667,3.861111111111111,3.0,0.1033191964285714,0.0991719594372526,0.1919320436507936,1.0,53,190,0.1702523305270543,243
cpsycoun,cpscycoun_career_3_08,2.5,3.648148148148149,3.0,0.0002351648351648,0.1253597924088664,0.2103363243307273,1.0,76,283,0.1894318112038002,359
cpsycoun,cpscycoun_career_3_10,2.25,3.740740740740741,3.0,-0.2321339285714286,0.1703578232021685,0.1688867185969037,0.0,90,363,0.2012601773383553,453
cpsycoun,cpscycoun_career_4_02,2.866666666666667,3.314814814814815,3.0,0.0294472222222222,0.0590994623037774,0.130137619047619,1.0,34,39,0.254857380952381,73
cpsycoun,cpscycoun_career_4_04,2.6666666666666665,3.4629629629629632,3.0,-0.0904404761904761,0.1870642225250787,0.1185204365079365,0.0,53,77,0.1966606267507002,130
cpsycoun,cpscycoun_career_4_06,2.333333333333333,3.314814814814815,3.0,0.1087753968253968,0.12605101353901,0.1209372588522588,1.0,74,124,0.2043003347135956,198
cpsycoun,cpscycoun_career_4_08,2.7000000000000006,4.027777777777778,3.0,0.0114230625583566,0.1549076672117841,0.1520778654485049,1.0,95,171,0.2113624632569077,266
cpsycoun,cpscycoun_career_5_02,3.2,3.2222222222222228,3.0,,,,,26,27,,53
cpsycoun,cpscycoun_career_5_04,2.733333333333333,3.3611111111111107,3.0,-0.0030074955908289,0.0747556684543516,0.1482258626639061,0.0,55,44,0.1158237414965986,99
cpsycoun,cpscycoun_career_5_06,3.0499999999999994,3.592592592592593,3.0,0.0123348639455782,0.0888329761667214,0.186388022579924,1.0,80,81,0.1492103064373897,161
cpsycoun,cpscycoun_career_5_08,2.4666666666666663,3.592592592592592,3.0,-0.0507660273368606,0.1154915898618292,0.1445303659611993,0.0,99,131,0.1463811247723132,230
cpsycoun,cpscycoun_career_5_10,2.7,3.842592592592592,3.0,0.064421164021164,0.0987145133484159,0.1400664498824221,1.0,117,165,0.1382896392958893,282
cpsycoun,cpscycoun_education_1_02,2.2,3.0092592592592595,3.0,0.1090443722943722,0.1415004775085147,0.1249850985221674,1.0,67,49,0.195238492063492,116
cpsycoun,cpscycoun_education_1_04,2.45,3.685185185185185,3.0,-0.0464899267399267,0.100144379938153,0.1465704029304029,0.0,74,70,0.1720982956023939,144
cpsycoun,cpscycoun_education_1_06,2.283333333333333,3.842592592592593,3.0,0.0728915476190475,0.1014716828943461,0.185234123015873,1.0,109,116,0.2132566273549918,225
cpsycoun,cpscycoun_education_1_08,2.3666666666666667,3.907407407407407,3.0,-0.0775047123015872,0.1460729107140205,0.1475672255291005,0.0,129,159,0.2093703042328042,288
cpsycoun,cpscycoun_education_1_10,2.216666666666667,4.138888888888889,3.0,0.0760797071702244,0.1379804746810531,0.1707089407191448,1.0,156,216,0.1971042577256345,372
cpsycoun,cpscycoun_education_2_02,2.4666666666666663,3.342592592592593,3.0,-0.0833795918367347,0.0913916313189108,0.1331483268983269,0.0,46,48,0.1679437118437118,94
cpsycoun,cpscycoun_education_2_04,2.566666666666667,3.5370370370370368,3.0,-0.0803969246031746,0.0911467346982318,0.1148067271352985,0.0,72,87,0.1454331501831502,159
cpsycoun,cpscycoun_education_2_06,2.5500000000000003,3.4907407407407405,3.0,-0.1198471655328798,0.080784906851061,0.1346137548262548,0.0,83,146,0.1804419765959912,229
cpsycoun,cpscycoun_education_2_10,2.866666666666667,4.212962962962963,3.0,0.2129361111111111,0.1326804418175737,0.1891507773874577,1.0,131,221,0.2334257637017071,352
cpsycoun,cpscycoun_education_3_02,2.9,3.3703703703703702,3.0,,,,,26,55,0.0887303140096618,81
cpsycoun,cpscycoun_education_3_04,2.516666666666667,3.222222222222222,3.0,0.0132862811791382,0.0855376956868901,0.1694955751250272,1.0,82,145,0.1550205386321195,227
cpsycoun,cpscycoun_education_3_06,2.3833333333333333,2.925925925925926,3.0,-0.115907913165266,0.1013918987530931,0.1446178393080078,0.0,98,189,0.1717699184303351,287
cpsycoun,cpscycoun_education_3_08,2.2333333333333334,3.0370370370370368,3.0,-0.1285176691729323,0.1170419915183167,0.1254221898283122,0.0,107,254,0.1960435276967929,361
cpsycoun,cpscycoun_education_3_10,2.25,2.833333333333333,3.0,0.0160329537612146,0.1117591817587352,0.1330426846100759,1.0,124,321,0.2028408628408628,445
cpsycoun,cpscycoun_education_4_02,2.4666666666666663,3.0370370370370368,3.0,-0.0564112433862434,0.1204877131664706,0.1304299689440994,0.0,55,60,0.2489293183940243,115
cpsycoun,cpscycoun_education_4_04,2.5333333333333337,3.305555555555556,3.0,-0.0167705853174603,0.0722531470856162,0.1976967528068138,0.0,91,112,0.279152569733395,203
cpsycoun,cpscycoun_education_4_06,2.583333333333333,4.027777777777778,2.0,-0.0234902056277055,0.0951119534941527,0.20856869644613,0.0,122,158,0.2532893789283051,280
cpsycoun,cpscycoun_education_4_08,2.45,3.5,3.0,-0.0500894285714285,0.0892479363386242,0.1688116319444444,0.0,137,225,0.2269969337889476,362
cpsycoun,cpscycoun_education_5_02,1.7333333333333334,3.472222222222222,3.0,0.1466885714285714,0.0663648893215199,0.1570192380952381,1.0,34,92,0.1508672929814496,126
cpsycoun,cpscycoun_education_5_04,2.2,3.435185185185185,3.0,0.0725234623015873,0.0756848889984892,0.1860861480251015,1.0,52,144,0.1618327689594356,196
cpsycoun,cpscycoun_education_5_06,2.0,3.175925925925926,3.0,0.1958021978021978,0.1043691325511606,0.2338077228327228,1.0,74,176,0.1597818244463454,250
cpsycoun,cpscycoun_education_5_08,1.9333333333333331,3.175925925925926,3.0,0.0110887301587301,0.0987615796664795,0.221278434065934,1.0,87,228,0.1591351924331376,315
cpsycoun,cpscycoun_education_5_10,1.9666666666666668,3.3981481481481484,3.0,0.0522755291005291,0.1003015001714427,0.2248936721283496,1.0,102,283,0.163741245220716,385
cpsycoun,cpscycoun_emotion_stress_1_02,2.3666666666666667,3.4351851851851856,3.0,0.2281485714285714,0.0950554298654879,0.1023047161172161,1.0,35,69,0.1302576851851851,104
cpsycoun,cpscycoun_emotion_stress_1_04,2.333333333333333,3.351851851851852,3.0,0.3206926190476191,0.1546236608557857,0.2181811728395061,1.0,63,140,0.1211431115957833,203
cpsycoun,cpscycoun_emotion_stress_1_06,2.3833333333333333,3.898148148148149,3.0,0.054858608058608,0.1531404498089771,0.176044012605042,1.0,77,186,0.1799024392431172,263
cpsycoun,cpscycoun_emotion_stress_1_08,2.3833333333333333,3.875,2.0,0.07921337535014,0.1439969593889378,0.1706222549019607,1.0,94,249,0.1788850694444444,343
cpsycoun,cpscycoun_emotion_stress_1_10,2.2333333333333334,3.824074074074074,3.0,0.1623754761904761,0.1401098324314708,0.1658518261673601,1.0,112,313,0.1852898313492063,425
cpsycoun,cpscycoun_emotion_stress_2_02,2.1,3.1851851851851856,3.0,,,,,21,116,0.1654441922563417,137
cpsycoun,cpscycoun_emotion_stress_2_04,2.066666666666667,3.638888888888889,3.0,0.0013869047619047,0.1793961957592232,0.0731909882232463,1.0,40,183,0.1518053936325488,223
cpsycoun,cpscycoun_emotion_stress_2_08,2.283333333333333,3.333333333333333,3.0,-0.0175434126984126,0.1641883516084042,0.1294210464432686,0.0,63,300,0.1887930139638902,363
cpsycoun,cpscycoun_emotion_stress_2_10,2.45,3.9629629629629632,3.0,0.0559413359788359,0.1651243696605427,0.1530945355191257,1.0,70,309,0.1912433492063492,379
cpsycoun,cpscycoun_emotion_stress_3_02,2.95,3.2407407407407405,3.0,,,,,21,23,,44
cpsycoun,cpscycoun_emotion_stress_3_04,2.3833333333333333,3.1666666666666665,3.0,0.0551153273809523,0.1062701619568372,0.0829701530612244,1.0,51,49,0.0798139186507936,100
cpsycoun,cpscycoun_emotion_stress_3_06,2.5,3.074074074074074,3.0,0.0303281385281385,0.1025854541806151,0.0633085839598997,1.0,66,77,0.1557646650326797,143
cpsycoun,cpscycoun_emotion_stress_3_10,2.583333333333333,3.648148148148149,3.0,0.1752178571428571,0.1136951862020563,0.1090783779761904,1.0,89,137,0.1675846447172619,226
cpsycoun,cpscycoun_emotion_stress_4_02,2.1,3.25,3.0,0.1288422619047619,0.0882315688868466,0.129278869047619,1.0,33,39,0.0591974603174603,72
cpsycoun,cpscycoun_emotion_stress_4_04,2.4333333333333336,3.8333333333333335,3.0,0.0576150793650793,0.1344303863246652,0.1943358465608465,1.0,54,97,0.1507910128066378,151
cpsycoun,cpscycoun_emotion_stress_4_06,2.3,3.759259259259259,3.0,-0.1461062433862433,0.1353840501272836,0.144106684188827,0.0,86,137,0.1637421037946428,223
cpsycoun,cpscycoun_emotion_stress_4_08,2.433333333333333,3.7129629629629632,3.0,-0.0737574735449735,0.1424688050272066,0.1287376182033097,0.0,103,190,0.1479121130404279,293
cpsycoun,cpscycoun_emotion_stress_4_10,2.2333333333333334,3.6666666666666665,3.0,0.0374740683229813,0.1178361110514492,0.1489764939309057,1.0,128,227,0.1538604266783165,355
cpsycoun,cpscycoun_emotion_stress_5_02,2.066666666666667,3.2407407407407405,3.0,,,,,26,43,0.2782233893557423,69
cpsycoun,cpscycoun_emotion_stress_5_04,2.2333333333333334,3.101851851851852,3.0,-0.0225110544217687,0.0762058304361615,0.1574484126984127,0.0,48,93,0.2410998252078609,141
cpsycoun,cpscycoun_emotion_stress_5_06,2.4,3.1666666666666665,3.0,0.1340873015873016,0.0934530614976473,0.1996076612903226,1.0,71,142,0.2328409893782074,213
cpsycoun,cpscycoun_emotion_stress_5_10,2.2,3.453703703703704,3.0,-0.0733958764665286,0.1072299305091324,0.1660204042870709,0.0,126,244,0.2240066058763931,370
cpsycoun,cpscycoun_family_relationship_1_02,2.8666666666666667,3.2129629629629632,3.0,-0.2804809523809524,0.1306394067111419,0.0939267361111111,0.0,65,64,0.1959726262626262,129
cpsycoun,cpscycoun_family_relationship_1_04,3.1,3.87037037037037,3.0,0.0854851322751322,0.1334573753272713,0.1411408077154912,1.0,88,138,0.1192268118616955,226
cpsycoun,cpscycoun_family_relationship_1_06,2.983333333333333,4.046296296296296,3.0,-0.0671214285714285,0.1189088677817913,0.1394823685029567,0.0,111,181,0.1537033983942414,292
cpsycoun,cpscycoun_family_relationship_1_08,3.1666666666666665,4.0740740740740735,3.0,-0.063586326058201,0.111057373332551,0.1207949035812672,0.0,130,263,0.1662498468941382,393
cpsycoun,cpscycoun_family_relationship_1_10,2.6,4.0,3.0,-0.1316069973544973,0.1371708098817982,0.1048676859632742,0.0,162,333,0.1617857032627866,495
cpsycoun,cpscycoun_family_relationship_2_02,1.3666666666666665,3.0370370370370368,3.0,,,,,24,27,,51
cpsycoun,cpscycoun_family_relationship_2_04,1.5,2.9166666666666665,3.0,-0.2337174603174603,0.1203513290678135,0.0133385416666666,0.0,41,53,0.1206249639249639,94
cpsycoun,cpscycoun_family_relationship_2_08,1.4333333333333331,2.7870370370370368,3.0,0.2177801587301587,0.1428934002080121,0.0820233385661957,1.0,100,170,0.1643996154983732,270
cpsycoun,cpscycoun_family_relationship_2_10,1.4,2.601851851851852,3.0,0.0337146997929606,0.1416185140520963,0.0687808695652173,1.0,124,217,0.1747866758241758,341
cpsycoun,cpscycoun_family_relationship_3_02,1.3,2.935185185185185,3.0,,,,,24,45,0.2303224206349206,69
cpsycoun,cpscycoun_family_relationship_3_04,1.4,2.722222222222222,3.0,-0.0376590909090909,0.1667458584688174,0.0669672584238373,0.0,66,111,0.2344571661998132,177
cpsycoun,cpscycoun_family_relationship_3_06,1.4333333333333331,2.7870370370370368,3.0,-0.0109100529100529,0.1729918744520145,0.0788856171901384,0.0,103,174,0.2179349037999038,277
cpsycoun,cpscycoun_family_relationship_3_10,1.5333333333333332,3.7314814814814814,3.0,0.1284634462759463,0.1768795796298533,0.082940894059644,1.0,141,263,0.225274668791401,404
cpsycoun,cpscycoun_family_relationship_4_02,1.5333333333333332,2.935185185185185,3.0,0.1175464285714286,0.0987017529329587,0.0752591765873016,1.0,33,136,0.1886335926759154,169
cpsycoun,cpscycoun_family_relationship_4_04,1.6000000000000003,3.574074074074074,3.0,0.17904,0.1141279128481198,0.1136122857142857,1.0,59,200,0.2400022646056678,259
cpsycoun,cpscycoun_family_relationship_4_06,1.5833333333333333,3.407407407407407,3.0,-0.0595113553113553,0.1099430202736495,0.0962905294953802,0.0,76,297,0.225219174382716,373
cpsycoun,cpscycoun_family_relationship_4_08,1.6,3.6666666666666665,3.0,0.0466060224089635,0.106686637377166,0.1076465106732347,1.0,96,383,0.2215320802563449,479
cpsycoun,cpscycoun_family_relationship_4_10,1.6666666666666667,3.101851851851852,3.0,-0.0186175595238095,0.1031603478808933,0.1018075671852899,0.0,110,482,0.2166039623812879,592
cpsycoun,cpscycoun_family_relationship_5_02,1.5666666666666664,3.2870370370370368,3.0,-0.1226929761904762,0.1342589178825253,0.0259744341563785,0.0,63,84,0.1083564444444444,147
cpsycoun,cpscycoun_family_relationship_5_04,1.65,3.407407407407407,3.0,0.0492740842490842,0.134176731662951,0.0696542388167388,1.0,75,153,0.1070084986772486,228
cpsycoun,cpscycoun_family_relationship_5_06,1.7666666666666666,3.722222222222222,3.0,0.0689227891156462,0.1321667125126691,0.0637781634249944,1.0,80,235,0.1157882339513976,315
cpsycoun,cpscycoun_family_relationship_5_10,2.0,3.6944444444444446,3.0,-0.0940891812865497,0.1291660454554888,0.0462293448331713,0.0,107,345,0.1509805449263038,452
cpsycoun,cpscycoun_love_marriage_1_02,2.1333333333333333,3.2129629629629632,3.0,-0.0100359788359788,0.1770791510931348,0.1143961722883597,0.0,57,42,0.1123033309283309,99
cpsycoun,cpscycoun_love_marriage_1_04,2.4,3.685185185185185,3.0,-0.0814217948717948,0.1783760057285591,0.1308195510542525,0.0,76,96,0.149938651705893,172
cpsycoun,cpscycoun_love_marriage_1_06,2.583333333333333,3.6203703703703702,3.0,-0.3190849454365079,0.1957632392619437,0.0625722413463377,0.0,92,148,0.1580998344181797,240
cpsycoun,cpscycoun_love_marriage_1_08,2.4166666666666665,3.611111111111111,3.0,0.0349502380952381,0.1830283225036665,0.0660221483037659,1.0,111,213,0.1852587126517273,324
cpsycoun,cpscycoun_love_marriage_1_10,2.516666666666667,3.796296296296296,3.0,0.1560980158730159,0.1835504902044327,0.0929298511904761,1.0,129,260,0.193910779105799,389
cpsycoun,cpscycoun_love_marriage_2_02,2.0,3.2129629629629632,3.0,0.0884126984126984,0.1156179792584582,-0.0334894444444444,1.0,39,163,0.1172304421768707,202
cpsycoun,cpscycoun_love_marriage_2_04,2.016666666666667,3.481481481481481,3.0,0.4481625457875457,0.2068355926090202,0.0267315836940836,1.0,75,257,0.1080690476190476,332
cpsycoun,cpscycoun_love_marriage_2_08,2.3,3.8055555555555554,3.0,0.2256672524565381,0.1953511550100966,0.0344213146678424,1.0,117,392,0.1495688590492768,509
cpsycoun,cpscycoun_love_marriage_2_10,2.2,3.8055555555555554,3.0,0.2325134615384615,0.1858645768054208,0.0646935365560365,1.0,141,473,0.1612453125,614
cpsycoun,cpscycoun_love_marriage_3_02,2.95,3.2407407407407405,3.0,,,,,21,21,,42
cpsycoun,cpscycoun_love_marriage_3_04,2.3833333333333333,3.5462962962962963,3.0,0.0259992784992784,0.090466145319877,0.1419862528344671,1.0,65,60,0.2049975334578276,125
cpsycoun,cpscycoun_love_marriage_3_06,1.5833333333333333,3.222222222222222,3.0,0.0194994164332399,0.0882797015123921,0.1340717284976006,1.0,95,104,0.1536330200501252,199
cpsycoun,cpscycoun_love_marriage_3_10,1.5666666666666669,3.1388888888888893,3.0,-0.0677788040503557,0.1284240830857989,0.1000699119373776,0.0,155,223,0.164563857365376,378
cpsycoun,cpscycoun_love_marriage_4_02,1.6000000000000003,2.935185185185185,3.0,,,,,19,38,0.1626765188834154,57
cpsycoun,cpscycoun_love_marriage_4_04,2.1166666666666667,2.8796296296296298,3.0,0.2319888888888888,0.1398847208611696,0.1258971560846561,1.0,57,70,0.1937001821493624,127
cpsycoun,cpscycoun_love_marriage_4_06,1.8333333333333333,2.851851851851852,3.0,0.0826759103641456,0.1490149167214439,0.1577289869281045,1.0,94,121,0.1642628224206349,215
cpsycoun,cpscycoun_love_marriage_4_08,1.9666666666666668,2.842592592592593,3.0,-0.0437370748299319,0.1477017495125079,0.1316743239271017,0.0,117,155,0.1807819444444444,272
cpsycoun,cpscycoun_love_marriage_4_10,1.9333333333333331,2.8703703703703707,3.0,-0.0480325714285714,0.151265548337672,0.1164464162667651,0.0,138,192,0.1711331360048573,330
cpsycoun,cpscycoun_love_marriage_5_02,2.1333333333333333,3.2314814814814814,3.0,,,,,21,56,0.1360503208375549,77
cpsycoun,cpscycoun_love_marriage_5_04,2.1,2.805555555555556,3.0,0.0611914682539682,0.0434755640181248,0.188684337797619,1.0,41,95,0.1467095284237726,136
cpsycoun,cpscycoun_love_marriage_5_06,1.9666666666666668,3.342592592592593,3.0,0.192546201814059,0.0808004804262058,0.2137163207163206,1.0,48,134,0.1523619047619047,182
cpsycoun,cpscycoun_love_marriage_5_10,2.083333333333333,3.472222222222222,3.0,-0.3651293650793651,0.215208158122217,0.1642342245641426,0.0,70,234,0.1469748359788359,304
cpsycoun,cpscycoun_mental_disease_1_02,2.0,2.75,3.0,-0.2893766666666666,0.1190950121790663,0.2921377142857143,0.0,34,44,0.0697968820861678,78
cpsycoun,cpscycoun_mental_disease_1_04,2.2666666666666666,3.138888888888889,3.0,-0.3600896164021163,0.1323852285685288,0.2337815508717148,0.0,70,81,0.1801659501763668,151
cpsycoun,cpscycoun_mental_disease_1_06,2.2833333333333337,3.314814814814815,3.0,-0.6054204887218044,0.2472825769794654,0.1091893477182539,0.0,105,143,0.1731442341862117,248
cpsycoun,cpscycoun_mental_disease_1_08,2.2,2.8796296296296298,3.0,-0.2131607142857143,0.2043233258034988,0.1277614831349206,0.0,121,187,0.1387770287141073,308
cpsycoun,cpscycoun_mental_disease_1_10,2.2,3.074074074074074,3.0,-0.0770241758241758,0.1871665527730611,0.1251105573323856,0.0,143,224,0.172127253599114,367
cpsycoun,cpscycoun_mental_disease_2_02,2.016666666666667,2.953703703703704,3.0,-0.0828283597883597,0.1532899961648974,0.0365014254385964,0.0,161,77,0.1726629901960784,238
cpsycoun,cpscycoun_mental_disease_2_04,2.216666666666667,2.777777777777777,3.0,0.1560952059202059,0.1583603064157462,0.0688673616473616,1.0,194,138,0.1452855727820844,332
cpsycoun,cpscycoun_mental_disease_2_08,2.3833333333333333,3.694444444444444,3.0,-0.0515620992841581,0.1546430173722509,0.0623255774813167,0.0,266,274,0.1837461485474693,540
cpsycoun,cpscycoun_mental_disease_2_10,2.3000000000000003,4.037037037037037,3.0,0.1083430868838763,0.1737773873271575,0.0922447925368978,1.0,294,312,0.1961701647545707,606
cpsycoun,cpscycoun_mental_disease_3_02,1.8,3.277777777777778,3.0,0.0618100859788359,0.1895476037791602,0.0034260496671786,1.0,71,74,0.1848384920634921,145
cpsycoun,cpscycoun_mental_disease_3_04,2.183333333333333,3.703703703703704,3.0,0.186561221340388,0.1857610748016214,0.0543233298447584,1.0,100,129,0.2451284193121693,229
cpsycoun,cpscycoun_mental_disease_3_06,2.3000000000000003,3.814814814814815,3.0,0.2159333333333334,0.1892551262034011,0.0674747282997283,1.0,120,188,0.231624454642192,308
cpsycoun,cpscycoun_mental_disease_3_10,2.1666666666666665,3.944444444444444,3.0,-0.0189923195084485,0.1771552483619941,0.0671808217801888,0.0,167,318,0.2160577734114142,485
cpsycoun,cpscycoun_mental_disease_4_02,1.9333333333333331,3.194444444444444,3.0,0.1044472222222221,0.0664791407820354,0.1249661989795918,1.0,37,55,0.0853917701863353,92
cpsycoun,cpscycoun_mental_disease_4_04,2.3666666666666667,3.2685185185185186,3.0,0.1337248677248677,0.0928179873164756,0.1394321676587301,1.0,73,130,0.0852777581004853,203
cpsycoun,cpscycoun_mental_disease_4_06,2.5,3.2685185185185186,3.0,-0.0366518518518518,0.1171702952140254,0.1029356725146198,0.0,85,181,0.1234964031930601,266
cpsycoun,cpscycoun_mental_disease_4_08,2.4166666666666665,3.1944444444444446,3.0,0.197797723475355,0.1135111170447132,0.1342504505621693,1.0,105,276,0.1477093573509303,381
cpsycoun,cpscycoun_mental_disease_4_10,2.4166666666666665,3.9166666666666665,3.0,0.1141398337112622,0.1034839946285609,0.1223316768603465,1.0,118,318,0.1409052768788205,436
cpsycoun,cpscycoun_mental_disease_5_02,1.7666666666666668,3.1481481481481484,3.0,0.028126700680272,0.1253595328174457,0.0471481177606177,1.0,83,60,0.2113526844070961,143
cpsycoun,cpscycoun_mental_disease_5_04,1.8166666666666669,3.185185185185185,3.0,0.3575442176870748,0.1670433915392837,0.1782198866213152,1.0,114,106,0.1899839756177385,220
cpsycoun,cpscycoun_mental_disease_5_06,1.9833333333333332,3.101851851851852,3.0,0.29448033126294,0.1589836188857935,0.169644087635054,1.0,128,174,0.2303657503607504,302
cpsycoun,cpscycoun_mental_disease_5_10,1.95,3.861111111111111,3.0,0.1854711399711399,0.1610469839134664,0.1747672403901319,1.0,175,344,0.209224759535655,519
cpsycoun,cpscycoun_self-growth_1_02,2.333333333333333,3.064814814814815,3.0,0.0138142857142857,0.1154806572050233,0.1181591710758377,1.0,36,68,0.235634052999731,104
cpsycoun,cpscycoun_self-growth_1_04,2.833333333333333,3.3796296296296298,3.0,-0.0571010416666666,0.1214369281062416,0.1040985416666666,0.0,89,140,0.2177407760814249,229
cpsycoun,cpscycoun_self-growth_1_06,2.65,4.009259259259259,3.0,0.0846540674603174,0.113244861068726,0.1235703174603174,1.0,109,193,0.2100564203761214,302
cpsycoun,cpscycoun_self-growth_1_08,2.6666666666666665,3.7129629629629632,3.0,-0.0188121794871794,0.1123100076117913,0.1200003819071488,0.0,142,244,0.2179782995609591,386
cpsycoun,cpscycoun_self-growth_1_10,2.4333333333333336,4.046296296296296,3.0,-0.1506955102040816,0.1445902123947238,0.0947960204081632,0.0,184,275,0.2169464658670485,459
cpsycoun,cpscycoun_self-growth_2_02,1.8666666666666665,3.2407407407407405,3.0,-0.1802888888888889,0.1427096641097893,0.0884403799903799,0.0,42,52,0.0879184200812108,94
cpsycoun,cpscycoun_self-growth_2_04,1.9666666666666668,3.3703703703703707,3.0,-0.0254480952380952,0.1201699031131597,0.1137591581076875,0.0,60,85,0.1441176482873851,145
cpsycoun,cpscycoun_self-growth_2_08,2.25,3.351851851851852,3.0,0.2234758109040717,0.1420386015141804,0.1553956790123456,1.0,126,176,0.1690567293983461,302
cpsycoun,cpscycoun_self-growth_2_10,2.25,2.907407407407407,3.0,0.0871549676660787,0.1516847808634446,0.1699176499766573,1.0,145,228,0.1846241701094441,373
cpsycoun,cpscycoun_self-growth_3_02,1.6666666666666667,3.083333333333333,3.0,0.025507738095238,0.0631662103314983,0.1953060425685425,1.0,53,50,0.0270691056910569,103
cpsycoun,cpscycoun_self-growth_3_04,1.9666666666666668,3.194444444444444,3.0,0.00451,0.0941597913961281,0.1809608024691357,1.0,63,92,0.1392185695161598,155
cpsycoun,cpscycoun_self-growth_3_06,2.0,3.1296296296296298,3.0,-0.2285131802721088,0.1338985805361861,0.1473924714956405,0.0,80,133,0.1575272369431643,213
cpsycoun,cpscycoun_self-growth_3_10,1.9,3.055555555555556,3.0,-0.1059701659451658,0.1330736565744441,0.1734927869082736,0.0,122,216,0.1726807012499041,338
cpsycoun,cpscycoun_self-growth_4_02,1.9333333333333331,3.1203703703703702,3.0,,,,,23,55,0.2321953071083506,78
cpsycoun,cpscycoun_self-growth_4_04,2.4,3.2870370370370376,3.0,0.0035929232804232,0.069225053757027,0.2371794973544974,1.0,39,135,0.2353145502645502,174
cpsycoun,cpscycoun_self-growth_4_06,2.083333333333333,3.25,3.0,0.0764162698412698,0.1204415632724007,0.2647732782898105,1.0,71,196,0.2325048807401748,267
cpsycoun,cpscycoun_self-growth_4_08,2.333333333333333,3.5462962962962963,3.0,0.050159375,0.1267935756309892,0.2217222078791356,1.0,92,244,0.2383166244511989,336
cpsycoun,cpscycoun_self-growth_4_10,2.3833333333333333,4.0,3.0,0.0103002801120448,0.120248481144053,0.2733114321383984,1.0,98,261,0.269188388133031,359
cpsycoun,cpscycoun_self-growth_5_02,2.85,3.333333333333333,3.0,-0.1895522817460317,0.1414476052200597,0.2901511904761904,0.0,70,31,0.2329113636363636,101
cpsycoun,cpscycoun_self-growth_5_04,2.95,3.527777777777777,3.0,-0.1722802521008403,0.1384784812115839,0.269500056022409,0.0,94,57,0.1812206927910053,151
cpsycoun,cpscycoun_self-growth_5_06,2.6166666666666667,3.4629629629629632,3.0,-0.1827229296066253,0.134669578368575,0.256079105090312,0.0,125,86,0.218639775304061,211
cpsycoun,cpscycoun_self-growth_5_10,2.4166666666666665,3.842592592592593,3.0,-0.2541268796992481,0.128600696921117,0.2123313034987119,0.0,200,182,0.2339731489127443,382
cpsycoun,cpscycoun_sex_1_02,1.7,3.5,3.0,0.1766587301587301,0.142351565591877,0.1700718837535014,1.0,43,71,0.0312357270865335,114
cpsycoun,cpscycoun_sex_1_04,1.65,3.9444444444444446,3.0,0.2070034126984126,0.1241989838386704,0.1743476984126984,1.0,84,146,0.1311150475031862,230
cpsycoun,cpscycoun_sex_1_06,1.9,3.851851851851852,3.0,-0.0011949404761904,0.1345488036140865,0.1942241867043846,0.0,110,209,0.149217625,319
cpsycoun,cpscycoun_sex_1_08,1.9,3.9166666666666665,3.0,0.0416032029478458,0.1192855177775321,0.1986555443773753,1.0,151,320,0.1758241910376154,471
cpsycoun,cpscycoun_sex_1_10,1.95,4.185185185185184,3.0,0.0041631464413721,0.1161749440870859,0.2052900768535262,1.0,167,388,0.1777775338191565,555
cpsycoun,cpscycoun_sex_2_02,3.1,3.527777777777778,3.0,0.0364306122448979,0.1417281096998109,0.0633607142857142,1.0,45,73,0.1040303323412698,118
cpsycoun,cpscycoun_sex_2_04,2.2,3.2592592592592595,3.0,0.1903280612244898,0.1427521346872671,0.1060875419181757,1.0,80,149,0.0303460572562358,229
cpsycoun,cpscycoun_sex_2_08,2.083333333333333,3.1666666666666665,3.0,0.1144903628117914,0.1325675809187116,0.0904785714285714,1.0,117,312,0.1179687778301639,429
cpsycoun,cpscycoun_sex_2_10,2.1666666666666665,3.4814814814814814,3.0,0.0878628364389234,0.1337724859667005,0.0959527911164465,1.0,128,390,0.1292302337207849,518
cpsycoun,cpscycoun_sex_3_02,2.6166666666666667,3.2407407407407405,3.0,0.2085071428571428,0.1284892004536031,0.1161053221288515,1.0,43,26,,69
cpsycoun,cpscycoun_sex_3_04,1.95,3.3703703703703702,3.0,0.0790120701058201,0.120393108721934,0.1338493299505594,1.0,70,99,0.1897635229276896,169
cpsycoun,cpscycoun_sex_3_06,2.2666666666666666,3.555555555555556,3.0,0.1549336834733893,0.1226331532337928,0.1521931603352951,1.0,98,146,0.1766252577916811,244
cpsycoun,cpscycoun_sex_3_10,2.4833333333333334,3.8240740740740735,3.0,0.0196252747252747,0.1317087146739037,0.1325734884284502,1.0,140,253,0.1664983964350767,393
cpsycoun,cpscycoun_sex_4_02,2.533333333333333,3.342592592592593,3.0,,,,,15,62,0.1645492812219227,77
cpsycoun,cpscycoun_sex_4_04,2.3,3.592592592592593,3.0,,,,,29,118,0.1819323540119411,147
cpsycoun,cpscycoun_sex_4_06,3.15,3.75,3.0,0.1587033068783068,0.1461470735218102,0.1798136243386243,1.0,54,196,0.205800193107546,250
cpsycoun,cpscycoun_sex_4_08,2.55,3.453703703703704,3.0,0.0193842592592592,0.1166885601780514,0.1655758260447035,1.0,58,265,0.2094354027157738,323
cpsycoun,cpscycoun_sex_4_10,2.75,3.8796296296296298,3.0,-0.049735615079365,0.11517347495472,0.2134714477726574,0.0,71,291,0.2138857635370933,362
cpsycoun,cpscycoun_sex_5_02,3.133333333333333,3.277777777777778,3.0,-0.0981561904761904,0.0684941725951197,0.1917079682539682,0.0,34,53,0.2166165133477633,87
cpsycoun,cpscycoun_sex_5_04,3.0,3.5,3.0,-0.2297360544217687,0.166477032254492,0.1264567627990163,0.0,80,115,0.2186723233003893,195
cpsycoun,cpscycoun_sex_5_06,3.0666666666666664,3.675925925925926,3.0,-0.2071225992063493,0.160453702182815,0.1233691020852785,0.0,111,169,0.1876223363095238,280
cpsycoun,cpscycoun_sex_5_10,2.783333333333333,3.703703703703704,3.0,-0.2219680687830688,0.1633392440517068,0.0947823477539163,0.0,162,296,0.2040286986339251,458
cpsycoun,cpscycoun_social_relationship_1_02,2.333333333333333,3.203703703703704,3.0,,,,,26,73,0.1836467943948412,99
cpsycoun,cpscycoun_social_relationship_1_04,2.1166666666666667,3.185185185185185,3.0,0.0463285714285713,0.1442788479956163,0.2163842063492063,1.0,44,132,0.1903946444702542,176
cpsycoun,cpscycoun_social_relationship_1_06,2.1666666666666665,3.194444444444444,3.0,-0.216956277056277,0.1625312186053838,0.1965688775510204,0.0,65,233,0.2122571836026077,298
cpsycoun,cpscycoun_social_relationship_1_08,2.216666666666667,3.2314814814814814,3.0,0.0311983333333333,0.1443433288226107,0.1898078253968254,1.0,84,286,0.219161132599851,370
cpsycoun,cpscycoun_social_relationship_2_02,3.466666666666667,3.342592592592593,3.0,0.0332336309523809,0.0743267847223764,0.1238994408369408,1.0,31,48,0.0954908424908425,79
cpsycoun,cpscycoun_social_relationship_2_04,2.9333333333333336,3.657407407407407,3.0,-0.0214093915343915,0.0828594144707259,0.1489346168154762,0.0,73,119,0.1565981998556998,192
cpsycoun,cpscycoun_social_relationship_2_06,2.9,3.592592592592593,3.0,-0.0405202847805789,0.0824469666619746,0.137336771000535,0.0,98,182,0.1547665588586108,280
cpsycoun,cpscycoun_social_relationship_2_10,2.5666666666666664,3.75925925925926,3.0,0.0932621794871795,0.1083919097241693,0.1799940445665445,1.0,139,312,0.1689162541254125,451
cpsycoun,cpscycoun_social_relationship_3_02,2.0500000000000003,3.0092592592592595,3.0,-0.0198035714285714,0.1515936931196708,0.1362595598845599,0.0,119,117,0.1954194077013521,236
cpsycoun,cpscycoun_social_relationship_3_04,2.4333333333333336,2.824074074074074,3.0,0.0389369047619047,0.1421747413042136,0.1128291488603988,1.0,165,229,0.1844370598845599,394
cpsycoun,cpscycoun_social_relationship_3_06,2.5500000000000003,3.638888888888889,3.0,0.0093862797619047,0.146090202737051,0.1077750175070028,1.0,213,338,0.1911453792155159,551
cpsycoun,cpscycoun_social_relationship_3_08,2.5500000000000003,3.7129629629629632,3.0,0.1184340007215007,0.1447001103480685,0.1066182682041426,1.0,232,455,0.1886467915865897,687
cpsycoun,cpscycoun_social_relationship_3_10,2.5,4.222222222222222,3.0,0.1936904450669156,0.14075408078658,0.1453229474011827,1.0,264,505,0.1981994519649257,769
cpsycoun,cpscycoun_social_relationship_4_02,2.033333333333333,3.064814814814815,3.0,-0.0641402116402116,0.1410063959737988,0.296302915451895,0.0,58,65,0.2351493268140589,123
cpsycoun,cpscycoun_social_relationship_4_04,2.1333333333333333,2.7962962962962963,3.0,-0.0096180952380952,0.1378968309791058,0.2520801434676434,0.0,87,109,0.20862625,196
cpsycoun,cpscycoun_social_relationship_4_06,2.3,3.064814814814815,3.0,0.0118660401002506,0.1281886323427787,0.2556308910162003,1.0,106,164,0.1917832283666154,270
cpsycoun,cpscycoun_social_relationship_4_08,2.333333333333333,2.8796296296296298,3.0,0.0245671897546897,0.1373043304833278,0.247579873294347,1.0,123,214,0.2089143031358884,337
cpsycoun,cpscycoun_social_relationship_4_10,2.333333333333333,3.694444444444444,3.0,-0.0353001221001221,0.1336784429481081,0.2440052920150248,0.0,140,248,0.2083830610347346,388
cpsycoun,cpscycoun_social_relationship_5_02,2.15,3.25,3.0,,,,,26,68,0.1796869989238633,94
cpsycoun,cpscycoun_social_relationship_5_04,2.1,3.1481481481481484,3.0,0.171060606060606,0.1061178165075769,0.1408039257369614,1.0,65,145,0.2138777369281045,210
cpsycoun,cpscycoun_social_relationship_5_08,2.1,3.175925925925926,3.0,0.0781449404761904,0.1204895408067803,0.1262801907322069,1.0,133,306,0.2024377678905456,439
cpsycoun,cpscycoun_social_relationship_5_10,1.9,3.1666666666666665,3.0,0.1269069664902998,0.121222797645901,0.1326072799953314,1.0,145,387,0.2104961377760981,532
esconv,esconv_0,1.9666666666666668,4.3240740740740735,3.0,-0.0040568594104308,0.1462727367653145,0.1357463098946743,0.0,223,235,0.1617874209860935,458
esconv,esconv_1,1.8,4.138888888888889,3.0,0.2369184523809523,0.1125057197018615,0.1728610466269841,1.0,89,174,0.193249151034151,263
esconv,esconv_10,1.9,4.180555555555555,2.0,0.2036456065759636,0.1542722719069276,0.1926916131937409,1.0,150,258,0.1731079651941097,408
esconv,esconv_100,1.883333333333333,4.2407407407407405,3.0,0.1209050505050505,0.1457856849870845,0.1503248470070759,1.0,175,186,0.1705539077212806,361
esconv,esconv_101,1.75,4.25,3.0,0.1568972821203953,0.1413953708654654,0.2197082489339019,1.0,277,232,0.1675801996583386,509
esconv,esconv_102,2.216666666666667,4.37962962962963,3.0,0.1754614441609977,0.1484495445686744,0.1769663092423731,1.0,291,463,0.1716243706733794,754
esconv,esconv_103,1.2,3.907407407407407,3.0,0.0090546579743008,0.1332865755681716,0.2080683207239282,1.0,223,214,0.1447084881920247,437
esconv,esconv_104,1.6333333333333335,4.157407407407407,3.0,0.0607265285126397,0.1604674666528198,0.2214339214342811,1.0,148,147,0.2592874166091558,295
esconv,esconv_105,2.033333333333333,4.925925925925927,3.0,0.1168181007386452,0.1232728159462846,0.156089251411108,1.0,518,534,0.1405270476190476,1052
esconv,esconv_106,1.6499999999999997,3.7129629629629632,3.0,0.1852783333333333,0.132807122873311,0.2392952616690241,1.0,110,152,0.1900721528471528,262
esconv,esconv_107,2.3666666666666667,4.351851851851852,3.0,0.0107055224867724,0.0976683073198314,0.1646439836149513,1.0,133,195,0.1415241018091824,328
esconv,esconv_108,1.75,3.9444444444444446,3.0,0.2097649844720495,0.1454072909075338,0.1993337046120308,1.0,242,315,0.154730989988588,557
esconv,esconv_109,2.5166666666666666,4.277777777777778,3.0,0.1092463272543059,0.1535705097623948,0.1492083969593463,1.0,246,195,0.1626567844342037,441
esconv,esconv_11,1.2333333333333334,2.75,2.0,0.1971908068783069,0.1196104213250001,0.1420482100641675,1.0,103,230,0.1746977555124614,333
esconv,esconv_110,1.25,3.444444444444444,3.0,0.0237925293305728,0.1196093108347459,0.2514622739820566,1.0,124,214,0.1924490805265195,338
esconv,esconv_111,1.9,4.805555555555556,3.0,0.0664410689790319,0.1375486441939565,0.1790745380096483,1.0,417,564,0.1701588695838695,981
esconv,esconv_112,2.083333333333333,4.305555555555556,3.0,0.0716658541194255,0.1651323649025358,0.1927007936507936,1.0,117,130,0.211208077528532,247
esconv,esconv_113,1.4833333333333334,4.037037037037037,3.0,-0.0617278968253968,0.1245196060807919,0.1320150950809366,0.0,110,110,0.2450311488291686,220
esconv,esconv_114,1.3500000000000003,2.9629629629629632,3.0,0.17027035002035,0.1547149167114701,0.1250187356112928,1.0,402,303,0.1067949843429435,705
esconv,esconv_115,1.6666666666666667,3.842592592592593,3.0,0.0375116921768707,0.1137791810791761,0.1616123348873349,1.0,152,234,0.1829749700176367,386
esconv,esconv_116,1.65,4.342592592592593,3.0,0.0391011904761904,0.1211669391302344,0.1703020144300144,1.0,284,229,0.1544831042568542,513
esconv,esconv_117,1.6,3.5,3.0,-0.0564266426725728,0.1275257433808745,0.163711333985649,0.0,228,200,0.1704101699493061,428
esconv,esconv_118,2.066666666666667,4.37962962962963,3.0,0.2773853487886382,0.1770022559853337,0.1549032330827067,1.0,199,224,0.1364386618678479,423
esconv,esconv_119,1.6833333333333331,3.0185185185185186,3.0,0.1050573934837092,0.1201303398920078,0.0975963157894737,1.0,104,186,0.1020822997937404,290
esconv,esconv_12,1.4333333333333336,4.111111111111111,2.0,-0.0495556423611111,0.1211659055925604,0.1583989653325543,0.0,172,259,0.2261012031746032,431
esconv,esconv_120,1.6666666666666667,4.027777777777778,3.0,0.093228611111111,0.1320929119868324,0.2078795907251789,1.0,111,477,0.1769107058065391,588
esconv,esconv_121,1.2666666666666668,3.305555555555556,3.0,-0.2084154135338346,0.1681721862381222,0.1066843274423171,0.0,106,68,0.1665981840193704,174
esconv,esconv_122,1.6333333333333335,4.37962962962963,3.0,0.1330107351712615,0.1402648331792476,0.15613767567791,1.0,201,190,0.0762369332631763,391
esconv,esconv_123,1.9166666666666667,4.62962962962963,3.0,0.1823925947260624,0.1317306738898962,0.1658002534562211,1.0,319,242,0.1569388616390762,561
esconv,esconv_124,1.7833333333333332,4.472222222222222,3.0,0.0838891591902461,0.1346826059560144,0.1769548397810302,1.0,702,372,0.1591743156674974,1074
esconv,esconv_125,1.4333333333333336,3.638888888888889,3.0,0.1433875396825397,0.1303641773108882,0.239917604897256,1.0,138,308,0.1641402611880872,446
esconv,esconv_126,2.2,4.138888888888889,3.0,0.2436764880952381,0.1339185516157236,0.3355689615605278,1.0,92,171,0.2002760582010581,263
esconv,esconv_127,1.95,4.481481481481481,3.0,0.2660317460317461,0.1523774961716472,0.2065728998778999,1.0,204,146,0.158068873826903,350
esconv,esconv_128,1.8833333333333333,4.092592592592593,3.0,0.0813774503968253,0.1421637567341939,0.156450916803503,1.0,212,229,0.14997090007215,441
esconv,esconv_129,2.0666666666666664,4.564814814814815,3.0,0.0494332783882783,0.1406359455099254,0.204927695970696,1.0,334,450,0.2210124500593888,784
esconv,esconv_13,1.6666666666666667,4.0,3.0,0.0355399176954733,0.1501553297586416,0.1476302375116713,1.0,281,207,0.1874214145422478,488
esconv,esconv_130,2.083333333333333,4.027777777777778,3.0,0.1329305555555555,0.1638569242598695,0.1410774399842581,1.0,130,308,0.1402971624993364,438
esconv,esconv_131,1.45,3.0092592592592595,3.0,-0.169579657477026,0.1456392117286533,0.1450098287385129,0.0,199,187,0.2147682940966649,386
esconv,esconv_132,2.283333333333333,4.055555555555556,3.0,0.073876465824425,0.1278488114901337,0.1671145018712091,1.0,255,168,0.2214625786163521,423
esconv,esconv_133,1.8666666666666665,4.527777777777778,3.0,0.0063737125220458,0.1076923517682325,0.1493441262848751,1.0,236,261,0.1926572688334593,497
esconv,esconv_134,1.2333333333333334,2.638888888888889,3.0,0.0189633825944171,0.1458548748703235,0.1658018366580867,1.0,157,203,0.1502902041400752,360
esconv,esconv_135,1.0333333333333334,2.555555555555556,3.0,-0.0150838203463203,0.145147968169053,0.1163066742081447,0.0,230,264,0.1977860830999066,494
esconv,esconv_136,1.7833333333333332,4.472222222222222,3.0,0.1734761805555555,0.1262535153428368,0.1568245638849599,1.0,211,220,0.1174044478296847,431
esconv,esconv_137,1.7666666666666666,4.148148148148148,3.0,0.0029884194053207,0.1411378141953526,0.1656720770151636,1.0,367,463,0.1750763084749318,830
esconv,esconv_138,1.6499999999999997,3.9629629629629632,3.0,-0.0127092227695675,0.1417093656329058,0.1825584729064039,0.0,154,289,0.1584496754535147,443
esconv,esconv_139,2.4833333333333334,3.7314814814814814,3.0,-0.1839129464285714,0.1255517373532776,0.0725458768873403,0.0,50,149,0.0862938775510204,199
esconv,esconv_14,2.066666666666667,3.842592592592593,3.0,-0.0464158257747542,0.1223709645775971,0.1594224561994608,0.0,221,343,0.1742659229160726,564
esconv,esconv_140,1.45,3.944444444444444,3.0,0.1327922705314008,0.1381522609651246,0.2937176777087647,1.0,124,393,0.197313492063492,517
esconv,esconv_141,2.45,4.351851851851852,3.0,0.0400436507936508,0.1318192589385885,0.1769177634276343,1.0,280,302,0.2290610488108781,582
esconv,esconv_142,1.2333333333333332,1.9166666666666667,3.0,0.2291981379731379,0.1884258983607761,0.0288722101972102,1.0,141,259,0.1614645031746031,400
esconv,esconv_143,1.5,3.564814814814815,3.0,0.2101537229437229,0.1475780859432899,0.1504666067146283,1.0,287,349,0.186282619047619,636
esconv,esconv_144,2.216666666666667,4.388888888888889,3.0,0.0792961266390615,0.137539788053644,0.1748083689458689,1.0,243,229,0.1807498556998557,472
esconv,esconv_145,1.6333333333333335,3.555555555555556,3.0,-0.1269381972789116,0.119377598799687,0.1531882415536047,0.0,188,258,0.1074806527698093,446
esconv,esconv_146,2.316666666666667,4.277777777777778,3.0,-0.0370579520697167,0.1580653733945263,0.1681031915879192,0.0,266,253,0.1925599694249284,519
esconv,esconv_147,1.5,3.6944444444444446,3.0,0.0164568310657596,0.1336999396139928,0.1236547422042102,1.0,150,258,0.2399292296168802,408
esconv,esconv_148,1.6833333333333331,4.0,3.0,0.1792355257936507,0.1443645058054051,0.1602050132604995,1.0,410,250,0.1658446980175195,660
esconv,esconv_149,1.2666666666666668,4.083333333333333,3.0,0.1799563253968253,0.1612340844864269,0.1669575126984127,1.0,259,352,0.1504468172983479,611
esconv,esconv_15,2.433333333333333,4.092592592592593,3.0,0.1620995634920635,0.131754914120424,0.1652594448392955,1.0,210,235,0.1177150512712459,445
esconv,esconv_150,1.5,3.324074074074074,3.0,0.0287933956916099,0.1839673419853937,0.093270667989418,1.0,153,269,0.2007855280830281,422
esconv,esconv_151,1.8333333333333333,3.944444444444444,3.0,0.2102858276643991,0.1452021695857619,0.1524411816578483,1.0,117,358,0.1767206349206349,475
esconv,esconv_152,1.5666666666666669,3.9259259259259256,3.0,0.1504580709165386,0.1490501194341846,0.1401974621038126,1.0,320,249,0.1153261441798942,569
esconv,esconv_153,1.8,4.444444444444444,3.0,0.1251943472627146,0.1352858334741122,0.1937383672555043,1.0,257,232,0.2162388960068332,489
esconv,esconv_154,1.4666666666666668,4.222222222222222,3.0,-0.1159467261904762,0.0980239047600577,0.2318962690631808,0.0,111,248,0.1507953111509596,359
esconv,esconv_155,1.55,4.203703703703703,3.0,0.0926578514739229,0.1388227463311287,0.1722120389132801,1.0,432,183,0.1419337643678161,615
esconv,esconv_156,1.8333333333333333,4.287037037037037,3.0,0.1222317088293651,0.1415282928051658,0.1390826188003758,1.0,330,286,0.1822673199243596,616
esconv,esconv_157,1.5666666666666669,4.046296296296297,3.0,0.1040025396825397,0.1246705498239027,0.2010176763110307,1.0,88,192,0.1694509150837019,280
esconv,esconv_158,2.0166666666666666,4.444444444444444,3.0,0.096832615995116,0.1176005988105862,0.2163557269119769,1.0,141,179,0.1918090406162464,320
esconv,esconv_159,1.35,2.1759259259259256,3.0,-0.0551427271483305,0.1504180219820736,0.0391427062948467,0.0,301,382,0.1248760096174305,683
esconv,esconv_16,1.5,4.398148148148148,3.0,0.2283107910906296,0.1142317839064636,0.1786229085554557,1.0,168,299,0.1515010153256705,467
esconv,esconv_160,1.5,3.5370370370370368,3.0,0.0109026709401709,0.1101362994023731,0.1566191275764036,1.0,143,203,0.1824337362952053,346
esconv,esconv_161,1.3333333333333333,3.157407407407407,3.0,-0.0777598522167487,0.1544953033971851,0.1202000804375804,0.0,157,270,0.1900596925743477,427
esconv,esconv_162,1.9833333333333332,4.055555555555555,3.0,-0.1045236435786435,0.1421069175507467,0.1247745642135642,0.0,284,316,0.1549452135360116,600
esconv,esconv_163,1.3666666666666665,3.907407407407407,3.0,0.1935526713124274,0.1596834467268708,0.1662964418622314,1.0,218,171,0.1915722271213011,389
esconv,esconv_164,1.9333333333333336,3.861111111111111,3.0,0.2175106944444444,0.1828969555630963,0.1799841536935287,1.0,113,265,0.220415925719246,378
esconv,esconv_165,1.7333333333333334,4.583333333333333,3.0,0.1481793735224586,0.1230073496796474,0.1743295997973657,1.0,244,362,0.2527529070551733,606
esconv,esconv_166,1.55,3.4444444444444446,3.0,0.0305773027898028,0.1271779018117957,0.1427827689858378,1.0,343,267,0.1474631567614125,610
esconv,esconv_167,2.0666666666666664,4.407407407407407,3.0,0.2665188633786848,0.1450204835391233,0.1328064833445115,1.0,151,293,0.174282911357031,444
esconv,esconv_168,1.9,3.768518518518519,3.0,0.1457064153439153,0.1333707874139441,0.0892966673119112,1.0,132,151,0.1288488514419852,283
esconv,esconv_169,1.55,4.268518518518518,3.0,0.2058433395580453,0.1567423057217637,0.1809606943678372,1.0,268,190,0.2237485837060422,458
esconv,esconv_17,1.2666666666666668,3.203703703703704,3.0,-0.0363859491415613,0.115227593109559,0.1543972367994817,0.0,254,256,0.196454898464109,510
esconv,esconv_170,1.35,3.314814814814815,3.0,-0.0707446733821734,0.1404320976384259,0.1185075230852797,0.0,272,278,0.1194372632324305,550
esconv,esconv_171,2.333333333333333,4.240740740740741,3.0,0.0871604875283446,0.1322564671136589,0.1318720905739863,1.0,220,332,0.1496811034940292,552
esconv,esconv_172,2.35,4.212962962962963,3.0,0.0007570346320346,0.1681292269116437,0.2714891420361248,1.0,67,188,0.1538137913452159,255
esconv,esconv_173,2.0500000000000003,4.5740740740740735,3.0,0.0387253773731714,0.1442004568724383,0.1617273599850899,1.0,520,247,0.1879464402427638,767
esconv,esconv_174,1.5,3.703703703703704,3.0,-0.0377200096200096,0.1129569720689779,0.1628068422318422,0.0,174,109,0.253056126984127,283
esconv,esconv_175,1.9166666666666667,4.222222222222221,3.0,0.1528938548752834,0.1126486326710373,0.1726470891955267,1.0,185,177,0.1327100269274376,362
esconv,esconv_176,1.9666666666666668,4.333333333333333,3.0,0.0360397576147576,0.1069220590998677,0.1360862181909801,1.0,198,178,0.1976670000939232,376
esconv,esconv_177,1.4666666666666668,4.166666666666667,3.0,0.0152232539682539,0.1444469292974347,0.1456357388950412,1.0,138,150,0.1380278706518068,288
esconv,esconv_178,1.9,4.37962962962963,3.0,0.2344854276895942,0.1598590953625846,0.1959111678004534,1.0,191,235,0.1641933979491501,426
esconv,esconv_179,2.15,4.12037037037037,3.0,0.059567931547619,0.1450590939112248,0.1845318538114834,1.0,252,249,0.1670017361111111,501
esconv,esconv_18,1.6,3.8796296296296298,3.0,0.0850884821428571,0.1272486327754974,0.2032911607142857,1.0,209,302,0.1864720217779944,511
esconv,esconv_180,1.1333333333333333,2.472222222222222,3.0,-0.022719066515495,0.0995079380460798,0.0980658173861445,0.0,116,133,0.2048396281362007,249
esconv,esconv_181,1.5333333333333332,4.416666666666667,3.0,0.2637555782312926,0.1892141178868127,0.1703399044928706,1.0,186,577,0.1606016054661301,763
esconv,esconv_182,2.033333333333333,4.5555555555555545,3.0,0.102538139329806,0.1308489148439306,0.1450684024209204,1.0,148,232,0.166263723396683,380
esconv,esconv_183,1.6000000000000003,4.416666666666667,3.0,0.1347460182943233,0.1478726737105671,0.1528774194404629,1.0,308,225,0.2100292181069959,533
esconv,esconv_184,1.6000000000000003,4.027777777777778,3.0,0.1758886104149262,0.1476632453093598,0.1022853987544091,1.0,297,193,0.1414350802277432,490
esconv,esconv_185,2.183333333333333,4.12962962962963,3.0,0.3494482456140351,0.1684388134933138,0.1512889306599832,1.0,104,173,0.1510786174022454,277
esconv,esconv_186,1.6000000000000003,3.796296296296296,3.0,0.060150173611111,0.1348276328912677,0.1697905208333333,1.0,249,204,0.1685072995522995,453
esconv,esconv_187,1.7833333333333332,4.37962962962963,3.0,0.005212425595238,0.0945915234527897,0.2001293898809523,1.0,89,388,0.1627761601122419,477
esconv,esconv_188,1.7333333333333334,4.472222222222222,3.0,0.0757681444991789,0.1159770525664752,0.1879495210727969,1.0,154,265,0.1927715866815476,419
esconv,esconv_189,2.1333333333333333,3.722222222222223,3.0,0.0847022435897435,0.1240595912132054,0.3108309705561614,1.0,140,204,0.240317385022385,344
esconv,esconv_19,1.9666666666666668,4.12037037037037,3.0,0.0246154704393835,0.0906159774104567,0.1416026435911551,1.0,355,140,0.1591413061916878,495
esconv,esconv_190,1.7833333333333332,4.25925925925926,3.0,0.069289387755102,0.1408907647328636,0.2097810259497057,1.0,187,192,0.1474712225691734,379
esconv,esconv_191,2.5000000000000004,4.101851851851852,3.0,-0.0632639971139971,0.1400532671442174,0.1388095526695526,0.0,174,209,0.1376386448412698,383
esconv,esconv_192,1.7333333333333332,4.62037037037037,3.0,0.0714733374384236,0.1379876444059925,0.203696867525549,1.0,301,329,0.1741367708333333,630
esconv,esconv_193,1.4666666666666668,4.037037037037037,3.0,-0.0006058095238095,0.1602389503972577,0.142226455026455,0.0,135,230,0.1770677655677655,365
esconv,esconv_194,1.45,3.611111111111111,3.0,0.1386089402427638,0.1495064430577314,0.2706055324843115,1.0,95,176,0.2036241445680068,271
esconv,esconv_195,1.5333333333333334,3.935185185185185,3.0,0.2028214363523186,0.1671513750550891,0.1557325147836912,1.0,264,271,0.1201564128195807,535
esconv,esconv_196,1.5666666666666669,4.222222222222222,3.0,0.0572377886002885,0.1265662332636563,0.2053358676046176,1.0,229,216,0.2207921555095468,445
esconv,esconv_197,1.75,3.611111111111111,3.0,-0.0562758537758537,0.1634456888433638,0.1628311389833711,0.0,177,305,0.1781371138996139,482
esconv,esconv_198,1.6833333333333331,4.25925925925926,3.0,-0.0175874060150375,0.1187199062185026,0.1733947577276524,0.0,104,247,0.1592605225423502,351
esconv,esconv_199,2.033333333333333,4.12037037037037,3.0,-0.015971,0.1231655222068774,0.1866187101612298,0.0,136,212,0.1861759343967472,348
esconv,esconv_2,1.6666666666666667,4.138888888888889,3.0,-0.0009240079365079,0.1255550531168134,0.1425102783946048,0.0,202,386,0.1769775977853564,588
esconv,esconv_20,1.9333333333333336,3.981481481481481,3.0,0.1151508432539682,0.1500395968746424,0.1351466434271682,1.0,371,318,0.1157910181332511,689
esconv,esconv_21,1.5333333333333332,3.9444444444444446,3.0,-0.163170119047619,0.2393897613903017,0.1319866713352007,0.0,111,181,0.1360281584533038,292
esconv,esconv_22,1.4333333333333331,4.5,3.0,0.2946410119047619,0.1705541858189568,0.1615002207505519,1.0,311,433,0.1518901196091644,744
esconv,esconv_23,1.6166666666666665,4.194444444444445,3.0,-0.0293223958333333,0.1317633839905972,0.1439689186507936,0.0,89,227,0.1898902850589777,316
esconv,esconv_24,2.6166666666666667,4.101851851851852,3.0,0.1936291324575807,0.1602508582487119,0.1142188837423479,1.0,302,292,0.1755370225475349,594
esconv,esconv_25,1.65,4.25,3.0,0.0305259307359307,0.1288249434029138,0.1330207266059251,1.0,286,578,0.1857533489552821,864
esconv,esconv_26,1.7333333333333332,3.777777777777778,3.0,0.0198690043290043,0.134111464739013,0.1608569386933517,1.0,285,162,0.2058444677871148,447
esconv,esconv_27,2.5333333333333337,3.2407407407407405,3.0,-0.0617414285714285,0.1488723085531675,0.2523379030257937,0.0,137,76,0.2399180822080076,213
esconv,esconv_28,1.4333333333333331,3.62037037037037,3.0,-0.069954365079365,0.1456031602635466,0.113475119047619,0.0,129,180,0.1407760930103035,309
esconv,esconv_29,1.9,4.12037037037037,3.0,0.1716734053497942,0.1448589296307418,0.1465479289769435,1.0,283,274,0.2020090805630428,557
esconv,esconv_3,1.5333333333333332,3.5462962962962963,3.0,0.0304758616780045,0.1186447444435758,0.217085093265178,1.0,186,192,0.1896245424581489,378
esconv,esconv_30,1.7166666666666668,4.462962962962963,3.0,0.0411027960226235,0.1347771199991805,0.1615005509943441,1.0,444,256,0.132587807660176,700
esconv,esconv_31,2.1666666666666665,4.157407407407407,3.0,0.1819925994108983,0.1433089814219965,0.1501532032400589,1.0,494,326,0.2426482361924791,820
esconv,esconv_32,2.4,4.407407407407407,3.0,0.0932060973748473,0.1433891683305572,0.1585539667277167,1.0,269,325,0.1946359315350612,594
esconv,esconv_33,1.6499999999999997,3.75,3.0,-0.1237159373659373,0.1554873567739944,0.1449001803751804,0.0,196,146,0.2382691576874058,342
esconv,esconv_34,1.9,4.3240740740740735,3.0,-0.0027574585137085,0.1105314571107322,0.1505499263808087,0.0,230,232,0.174390157662467,462
esconv,esconv_35,1.5666666666666669,3.87037037037037,3.0,0.0539753427128427,0.1657126062619282,0.1559476619476619,1.0,231,361,0.1172656971500721,592
esconv,esconv_36,1.6833333333333331,4.25925925925926,3.0,-0.0059046513140776,0.1107265882451611,0.2015565053343742,0.0,314,280,0.1477523355590698,594
esconv,esconv_37,2.4166666666666665,4.231481481481481,3.0,0.0544279383975812,0.1461937801265167,0.149010484349503,1.0,223,235,0.2227917070515522,458
esconv,esconv_38,2.2,4.657407407407407,3.0,0.1224844887955181,0.1420342863519799,0.1925390478511092,1.0,351,539,0.2368038559448936,890
esconv,esconv_39,1.45,4.25925925925926,3.0,-0.0083949985025456,0.1320775599449547,0.1599269304212913,0.0,275,403,0.1582063270485859,678
esconv,esconv_4,1.3666666666666665,4.37962962962963,3.0,-0.1101622767857142,0.1387735800666671,0.1277891723356009,0.0,170,289,0.2199220039682539,459
esconv,esconv_40,1.6333333333333335,4.00925925925926,3.0,0.2207239229024943,0.1420848192650648,0.1621255203653788,1.0,115,223,0.1251692163625574,338
esconv,esconv_41,2.0500000000000003,3.564814814814815,3.0,0.1360613756613756,0.1394745765198685,0.0813924791020944,1.0,178,119,0.1059531204906204,297
esconv,esconv_42,1.9333333333333331,4.425925925925927,3.0,0.1345212301587301,0.14939583053526,0.2412741702741702,1.0,229,177,0.1557861276455026,406
esconv,esconv_43,1.3333333333333333,3.185185185185185,3.0,0.3585575933075933,0.184057022163159,0.1009623184734886,1.0,197,67,0.2248002463054187,264
esconv,esconv_44,1.5833333333333333,3.9166666666666665,3.0,0.0882835243974133,0.1529983898019336,0.1666563980906372,1.0,147,160,0.2073695022600651,307
esconv,esconv_45,2.183333333333333,4.509259259259259,3.0,0.0341248591909882,0.1415399298651743,0.2538791325447376,1.0,166,169,0.214839429563492,335
esconv,esconv_46,1.3500000000000003,4.027777777777778,3.0,0.1896626243386243,0.1624078047081166,0.1820592476190476,1.0,384,189,0.2133880467372133,573
esconv,esconv_47,1.9,4.342592592592593,3.0,0.0897371031746031,0.12523361924235,0.2674611149267399,1.0,113,148,0.2691343953408701,261
esconv,esconv_48,1.9333333333333336,4.231481481481481,3.0,0.0539676533676533,0.1047516029201849,0.1799794112706811,1.0,198,435,0.149187095722483,633
esconv,esconv_49,1.7666666666666666,3.694444444444444,3.0,0.2036760438233264,0.150414566038198,0.1799558876626473,1.0,242,205,0.178339461856171,447
esconv,esconv_5,2.033333333333333,4.222222222222221,3.0,0.0224354024943311,0.1593413059138243,0.1811461309523809,1.0,149,160,0.1712123120992326,309
esconv,esconv_50,1.5166666666666666,3.574074074074074,3.0,0.1687346044146825,0.142444327616663,0.2078327703373015,1.0,329,198,0.1646223544973544,527
esconv,esconv_51,1.8,3.6759259259259256,3.0,0.0981929979518689,0.1582507756667427,0.1798493798805695,1.0,320,273,0.1980095914502164,593
esconv,esconv_52,1.3500000000000003,3.9629629629629632,3.0,-0.0081246369469774,0.1315044149026037,0.1827978510895883,0.0,245,308,0.2105418206189945,553
esconv,esconv_53,2.0500000000000003,4.037037037037037,3.0,0.0259750273672687,0.1150516793447535,0.2126740225844252,1.0,158,275,0.1832517051557465,433
esconv,esconv_54,1.5833333333333333,3.703703703703704,3.0,0.0968166666666666,0.1552917131398721,0.1673101903870162,1.0,365,212,0.1832400461333958,577
esconv,esconv_55,1.7666666666666668,3.888888888888889,3.0,0.1085859682539682,0.1654935258450824,0.068546341765873,1.0,137,682,0.1485581057336258,819
esconv,esconv_56,2.3833333333333333,4.407407407407407,3.0,0.1933218020541549,0.1321874030456847,0.14843773071244,1.0,181,201,0.1375723090277777,382
esconv,esconv_57,2.25,4.287037037037037,3.0,0.0793507487271638,0.1478191852089653,0.1216690269664247,1.0,278,213,0.1603648828976035,491
esconv,esconv_58,2.1166666666666667,4.101851851851852,3.0,-0.0347790233686066,0.1178855478419986,0.2123294466490299,0.0,189,215,0.200610985899214,404
esconv,esconv_59,1.9833333333333332,4.564814814814815,3.0,0.0783522837706511,0.1121436991823888,0.239760809459285,1.0,255,349,0.2008241188141923,604
esconv,esconv_6,1.6666666666666667,4.277777777777778,3.0,0.1589064769975786,0.1355460633521287,0.2228233543027021,1.0,308,375,0.1981307539682539,683
esconv,esconv_60,2.316666666666667,4.722222222222222,3.0,0.1134874766573296,0.1533746553538774,0.1356912464985994,1.0,179,358,0.1505942466002637,537
esconv,esconv_61,2.083333333333333,4.435185185185186,3.0,-0.1139540476190476,0.138737327736401,0.2111690255731922,0.0,135,349,0.2283902322595704,484
esconv,esconv_62,1.866666666666667,3.564814814814815,3.0,0.2245403985507246,0.1489811958570517,0.1492980710835058,1.0,239,175,0.1880189352648689,414
esconv,esconv_63,2.35,4.194444444444445,3.0,0.1242457341269841,0.1401601799774799,0.1031434240362811,1.0,191,178,0.1406884075326383,369
esconv,esconv_64,1.5833333333333333,4.268518518518519,3.0,0.1973288239538239,0.0866933437592024,0.2671964622006995,1.0,68,115,0.1610298592392932,183
esconv,esconv_65,1.3333333333333333,3.657407407407407,3.0,0.1918489495798319,0.1294991817518729,0.0679008263305322,1.0,94,126,0.1151705060371727,220
esconv,esconv_66,1.2666666666666666,3.092592592592593,3.0,0.0441891594516594,0.1418197668622289,0.1100754647504647,1.0,120,137,0.2070210689484126,257
esconv,esconv_67,1.9,3.740740740740741,3.0,0.2496066184807255,0.1613061980087996,0.0947588084059915,1.0,151,242,0.2041439982287621,393
esconv,esconv_68,1.6,4.657407407407407,3.0,0.1607244751664105,0.1134297335815444,0.2419092694342694,1.0,321,510,0.1641593044070589,831
esconv,esconv_69,1.8666666666666665,4.5,3.0,0.2412111552028218,0.1479985415750021,0.2058391850701633,1.0,147,206,0.1956294134235758,353
esconv,esconv_7,2.3000000000000003,4.287037037037037,3.0,0.1007864500661375,0.1159784959492508,0.1864628837072019,1.0,251,322,0.1378210875297936,573
esconv,esconv_70,1.6000000000000003,3.8333333333333335,3.0,0.2925041005291006,0.162230677205396,0.192848991673172,1.0,253,229,0.1868238564213564,482
esconv,esconv_71,1.9333333333333331,4.083333333333333,3.0,0.0979125541125541,0.1325994142932176,0.1722575555555555,1.0,284,422,0.2192074291863638,706
esconv,esconv_72,1.9666666666666668,3.675925925925926,3.0,-0.0994404761904761,0.1427811933868226,0.1400667388167388,0.0,119,173,0.162101485675571,292
esconv,esconv_73,2.216666666666667,4.185185185185185,3.0,0.1602712877624167,0.1149340323315092,0.1087071681326458,1.0,166,220,0.1613849657714586,386
esconv,esconv_74,1.3333333333333333,4.4907407407407405,3.0,0.0291691697191697,0.1398251683368359,0.1635301780286582,1.0,338,299,0.2141833579638752,637
esconv,esconv_75,1.5666666666666664,3.935185185185185,3.0,-0.0230993197278912,0.1303603779225709,0.1654357705160337,0.0,256,550,0.1647692948097291,806
esconv,esconv_76,2.2,4.111111111111111,3.0,0.0457375205254515,0.1113373198466167,0.2089503728560775,1.0,158,249,0.1456002645502645,407
esconv,esconv_77,1.6333333333333335,4.037037037037037,3.0,0.0028561038961038,0.1284227485683042,0.1027768630737493,1.0,563,335,0.1553854379686434,898
esconv,esconv_78,1.7,3.824074074074074,3.0,-0.0096308956916099,0.1269533175273599,0.1322499046497279,0.0,292,134,0.1194186888888888,426
esconv,esconv_79,2.25,4.3055555555555545,3.0,0.0597385301152424,0.1366479202462427,0.1329350428182172,1.0,376,482,0.1400499916104567,858
esconv,esconv_8,1.8,4.185185185185185,3.0,0.2377781926406926,0.155268805592069,0.1630404241183652,1.0,230,132,0.1529968737901664,362
esconv,esconv_80,1.4,3.925925925925926,3.0,0.1644303340716131,0.1553517563557737,0.2225479193971166,1.0,227,135,0.3620780675233055,362
esconv,esconv_81,1.95,4.101851851851852,3.0,0.0351049107142857,0.1231988655974704,0.1105898951247165,1.0,289,415,0.1924795038705137,704
esconv,esconv_82,1.55,3.972222222222222,3.0,0.0883465367965367,0.1067136200108677,0.1080048412698412,1.0,119,266,0.1418889089617689,385
esconv,esconv_83,1.3500000000000003,3.4629629629629632,3.0,-0.1217040266106442,0.1543593557198361,0.1048252660928316,0.0,352,475,0.1213648136794059,827
esconv,esconv_84,1.5333333333333332,3.1296296296296293,3.0,0.185960119047619,0.1262831459547665,0.1661839334107626,1.0,132,339,0.187542012987013,471
esconv,esconv_85,2.083333333333333,4.361111111111112,3.0,0.1773453643578643,0.1491321116260983,0.1183712110346146,1.0,341,186,0.1268518182225809,527
esconv,esconv_86,1.3500000000000003,3.7129629629629632,3.0,0.0777081904761904,0.1348969199529436,0.1659020603174603,1.0,134,292,0.1807197978013349,426
esconv,esconv_87,2.1333333333333333,4.407407407407407,3.0,0.1123835600907029,0.1170928663192737,0.1653678965439603,1.0,291,374,0.1793908860621874,665
esconv,esconv_88,2.8000000000000003,4.592592592592593,3.0,0.3169049851190476,0.1854318658777456,0.1804107192254495,1.0,250,406,0.1930550457798568,656
esconv,esconv_89,1.6833333333333331,4.166666666666667,3.0,0.0246190943043884,0.1376816645040227,0.2073441118451233,1.0,182,218,0.2025227063871801,400
esconv,esconv_9,2.1666666666666665,4.796296296296296,3.0,-0.0322411623677248,0.1657828846277155,0.1915306159775295,0.0,252,386,0.1599669456022904,638
esconv,esconv_90,1.0,1.6574074074074074,3.0,0.0417604458450046,0.1383854445927156,0.1711744393687707,1.0,181,247,0.1683526744030945,428
esconv,esconv_91,2.033333333333333,4.4907407407407405,3.0,0.2176610028860029,0.1434981016576862,0.1745733895650935,1.0,232,240,0.1910742922421493,472
esconv,esconv_92,2.6833333333333336,3.9444444444444446,3.0,0.1123995098039215,0.1500039252956712,0.0965763798701298,1.0,97,162,0.1726998080713767,259
esconv,esconv_93,1.6166666666666665,3.777777777777778,3.0,-0.0439941011235955,0.1437073092380824,0.1845112771208409,0.0,456,419,0.1790929355400696,875
esconv,esconv_94,2.983333333333333,4.675925925925927,3.0,0.2040667678182384,0.152952832869908,0.2097087914445057,1.0,268,313,0.1589153626253133,581
esconv,esconv_95,2.066666666666667,4.703703703703703,3.0,0.1270253829826504,0.1332825477840044,0.1909372251684896,1.0,440,406,0.2295380192715205,846
esconv,esconv_96,2.216666666666667,4.018518518518518,3.0,0.0134352869352869,0.089231815595289,0.1694574236874236,1.0,74,241,0.2142758193076081,315
esconv,esconv_97,1.5333333333333332,2.888888888888889,3.0,-0.0488194083694083,0.1831602407980135,0.1342653404344193,0.0,123,282,0.2054324481074481,405
esconv,esconv_98,2.15,4.675925925925927,3.0,0.1790026839826839,0.1531106572145534,0.1227279517483322,1.0,285,602,0.1654732922455097,887
esconv,esconv_99,2.0166666666666666,4.472222222222222,3.0,0.0733667195767195,0.1331022316154133,0.2118021554436752,1.0,236,336,0.1637014246881219,572
kmi,kmi_1000,3.0500000000000003,4.166666666666667,3.0,0.2231219979296065,0.1792458030170664,0.1605849651067323,1.0,125,144,0.2251996972369194,269
kmi,kmi_108,2.1333333333333333,4.101851851851852,3.0,-0.0108667261904762,0.1443040698255642,0.1144943943596856,0.0,112,95,0.1764268687707641,207
kmi,kmi_109,2.55,4.185185185185186,3.0,0.0627478070175439,0.1026197233048841,0.2057056946489935,1.0,106,113,0.1915439636752136,219
kmi,kmi_115,2.7166666666666663,4.296296296296297,3.0,0.3215848677248676,0.1657975756854114,0.1759271094402673,1.0,85,107,0.0999509556203433,192
kmi,kmi_130,2.6666666666666665,4.222222222222222,3.0,-0.1423877401837928,0.1500152134502564,0.261207201336675,0.0,104,117,0.1905216416813639,221
kmi,kmi_140,2.75,4.0740740740740735,3.0,0.059453078078078,0.1217990803268755,0.1340666602316602,1.0,194,250,0.1753219801751959,444
kmi,kmi_144,2.533333333333333,3.9166666666666665,3.0,0.3847540849673202,0.1645201319131134,0.1608107999639249,1.0,97,90,0.2125194738389183,187
kmi,kmi_151,2.4666666666666663,4.268518518518518,3.0,0.0699386309523809,0.1080491253348932,0.2013569581958195,1.0,110,119,0.1898260786435786,229
kmi,kmi_152,2.716666666666667,3.972222222222222,3.0,0.1435457875457875,0.0936384739370462,0.218888287815126,1.0,77,97,0.2014335903679653,174
kmi,kmi_155,2.3833333333333333,3.8333333333333335,3.0,-0.2050547619047618,0.1471283940893251,0.232175208855472,0.0,85,73,0.1783689732142857,158
kmi,kmi_164,2.9333333333333336,4.398148148148149,3.0,0.0455731445731445,0.08834161812901,0.2051297196892941,1.0,197,213,0.1970962243230626,410
kmi,kmi_167,2.7,4.055555555555556,3.0,0.1403297739297739,0.1125577253121063,0.1681771968827691,1.0,175,143,0.1323784233593935,318
kmi,kmi_169,2.7166666666666663,4.138888888888889,3.0,-0.0042948107448107,0.0669639389717461,0.176681279178338,0.0,77,100,0.163646991104134,177
kmi,kmi_174,3.1166666666666667,3.907407407407407,3.0,0.0431359243697479,0.1121944948474199,0.2026342364532019,1.0,96,87,0.209776338013838,183
kmi,kmi_182,2.5500000000000003,4.203703703703703,3.0,0.0648232886904762,0.0901323759007025,0.3528698270975056,1.0,93,117,0.2123996546149324,210
kmi,kmi_186,3.016666666666666,4.166666666666666,3.0,0.0166538442460317,0.07758445504428,0.1254596337731879,1.0,92,110,0.1039690240452617,202
kmi,kmi_189,2.4833333333333334,4.018518518518518,3.0,0.1920057291666667,0.1361338463336174,0.0468338544654809,1.0,92,100,0.0995612986220129,192
kmi,kmi_190,2.7,3.9166666666666665,3.0,0.0315244505494505,0.1126568393076553,0.1967048507462686,1.0,76,102,0.2142926224611709,178
kmi,kmi_192,2.466666666666667,4.3240740740740735,3.0,0.2007576530612245,0.1686607829293581,0.2440034278155706,1.0,114,125,0.2429357074438971,239
kmi,kmi_198,2.283333333333333,4.101851851851852,3.0,-0.0221619408369408,0.0945559708327622,0.2356448237111954,0.0,122,99,0.2117064462081128,221
kmi,kmi_2,2.6,4.194444444444444,3.0,0.0862488095238094,0.1344790290480584,0.1603518272425249,1.0,95,94,0.1973709663865546,189
kmi,kmi_212,2.8166666666666664,4.055555555555555,3.0,0.0082593197278911,0.1009379009627077,0.1532181822258093,1.0,186,161,0.1215115392648287,347
kmi,kmi_218,2.716666666666667,3.8796296296296298,3.0,0.0020041666666666,0.1146264647214824,0.171497890845836,1.0,82,123,0.0914455096073517,205
kmi,kmi_221,2.8000000000000003,4.25925925925926,3.0,0.0309821180555556,0.1599899307229119,0.1759658976634132,1.0,170,167,0.1880073337351818,337
kmi,kmi_224,2.866666666666667,4.25925925925926,3.0,0.1997813725490196,0.1385390227263338,0.2285798689138577,1.0,98,103,0.2387860773387369,201
kmi,kmi_225,2.866666666666667,4.296296296296297,3.0,0.2051586257309941,0.1336063826092589,0.1782110201719577,1.0,105,114,0.3255307256235827,219
kmi,kmi_226,2.9333333333333336,3.842592592592593,3.0,-0.1291955467372134,0.1268100403565072,0.1122180576890254,0.0,102,123,0.1202606237816764,225
kmi,kmi_227,2.583333333333333,4.138888888888889,3.0,0.0242581569664903,0.1039193071359474,0.1972140270429159,1.0,144,145,0.1600132790616246,289
kmi,kmi_23,2.4166666666666665,4.2407407407407405,3.0,0.1396184429327286,0.1119782766317996,0.2100795275888133,1.0,114,145,0.1693715102707749,259
kmi,kmi_232,2.733333333333333,3.564814814814815,3.0,-0.1556604978354978,0.0869210281834491,0.1278123642439431,0.0,66,95,0.1314818983019564,161
kmi,kmi_24,2.6333333333333333,3.740740740740741,3.0,-0.0190559240362811,0.0978626479077833,0.1563378125679495,0.0,82,109,0.1702356746031746,191
kmi,kmi_242,2.333333333333333,3.675925925925926,3.0,-0.0431994047619048,0.1288846956748769,0.2207250595238095,0.0,109,167,0.1175164933694997,276
kmi,kmi_250,2.6833333333333336,4.3240740740740735,3.0,0.1598236542443064,0.1489828294366749,0.2380285546139359,1.0,127,156,0.1835375364431486,283
kmi,kmi_254,3.016666666666667,4.0740740740740735,3.0,0.0520144642857142,0.1555355184636834,0.1685150639543843,1.0,112,108,0.1605642255892255,220
kmi,kmi_259,3.2,4.185185185185186,3.0,0.1613481566820276,0.13837419648788,0.2077532458282458,1.0,165,139,0.2371656532356532,304
kmi,kmi_260,2.9,4.425925925925927,3.0,0.2379861746031746,0.1628811891714596,0.2018801996724616,1.0,135,137,0.2639197017609127,272
kmi,kmi_268,2.583333333333333,3.953703703703704,3.0,-0.1400731746031746,0.1214728105391526,0.1565937291144528,0.0,85,111,0.1177515094926859,196
kmi,kmi_269,2.583333333333333,4.12962962962963,3.0,0.0324069264069263,0.0965570446969307,0.1772681598062953,1.0,68,104,0.2081241896407685,172
kmi,kmi_27,2.8833333333333333,3.9166666666666665,3.0,0.2830629206349206,0.1778008566404093,0.1207123200442968,1.0,138,145,0.1116943423202614,283
kmi,kmi_272,2.583333333333333,4.25,3.0,0.3605325036075036,0.2270045166328504,0.1497422510822511,1.0,119,130,0.1947327233372688,249
kmi,kmi_275,2.5500000000000003,4.25925925925926,3.0,0.2514870331465919,0.1537283314586888,0.1729640849673202,1.0,179,187,0.1725218410023185,366
kmi,kmi_276,3.3000000000000003,4.222222222222222,3.0,0.0576687552213867,0.1611414617319511,0.1465229001322751,1.0,105,137,0.1463278242807539,242
kmi,kmi_289,2.95,4.351851851851852,3.0,0.0846544695071011,0.1149957438272283,0.2389005972835869,1.0,203,185,0.199012987012987,388
kmi,kmi_29,2.433333333333333,3.972222222222222,3.0,0.1244962109575012,0.1431385697706604,0.1104375315943787,1.0,166,155,0.1377695205479452,321
kmi,kmi_291,2.8166666666666664,4.074074074074074,3.0,0.0620024659863945,0.0825267025541854,0.3032089795918367,1.0,79,90,0.2808632226141486,169
kmi,kmi_292,2.45,3.981481481481481,3.0,-0.1705684173669467,0.1310358950302176,0.1895778051450465,0.0,96,93,0.1409262802343159,189
kmi,kmi_293,2.833333333333333,3.7870370370370368,3.0,0.0194158385093167,0.1329629591179148,0.1856987821565407,1.0,125,144,0.1180238183421516,269
kmi,kmi_294,2.6666666666666665,3.888888888888889,3.0,0.1317005952380952,0.120327982582348,0.241365017951625,1.0,93,101,0.2465773291925465,194
kmi,kmi_295,2.8000000000000003,4.212962962962963,3.0,0.1136007054673722,0.1327015380109839,0.2547080465762947,1.0,146,132,0.2289689895470383,278
kmi,kmi_297,2.6666666666666665,3.907407407407407,3.0,-0.0092593333333333,0.1074409933212868,0.1168049087614048,0.0,136,150,0.0953579083642913,286
kmi,kmi_298,2.6166666666666667,4.055555555555555,3.0,0.1149014828738513,0.1433237862423653,0.2528348538011696,1.0,104,122,0.2337656763590392,226
kmi,kmi_317,2.6333333333333333,3.990740740740741,3.0,0.1298583916900093,0.1034266003213826,0.2062528427550357,1.0,180,159,0.2400141534391534,339
kmi,kmi_318,2.266666666666666,3.703703703703704,3.0,-0.1802257142857143,0.1611623586941065,0.1824029470899471,0.0,84,85,0.102066369047619,169
kmi,kmi_338,2.483333333333333,3.648148148148149,3.0,0.0193466553287982,0.0919628490862091,0.1500099260708849,1.0,82,119,0.1638858008658009,201
kmi,kmi_342,2.5666666666666664,3.824074074074074,3.0,0.1295394736842105,0.1492209174783121,0.1992247023809523,1.0,105,121,0.1567561862244897,226
kmi,kmi_348,2.3666666666666667,4.398148148148149,3.0,0.168813492063492,0.1231450370369105,0.1831621240601503,1.0,85,108,0.2224360670194003,193
kmi,kmi_355,3.183333333333333,3.907407407407407,3.0,0.031514770723104,0.1281946823041767,0.117828933368219,1.0,100,118,0.1201147735546818,218
kmi,kmi_359,2.85,4.12962962962963,3.0,-0.0816387419165196,0.1226194078560796,0.1960107142857143,0.0,148,113,0.1945571657509157,261
kmi,kmi_36,2.766666666666667,4.092592592592593,3.0,0.1606678571428572,0.1512862464567596,0.1883290373783922,1.0,164,182,0.1553769864207725,346
kmi,kmi_361,2.766666666666667,4.092592592592593,3.0,0.1264893315018315,0.0866341613525331,0.2141052041681813,1.0,140,138,0.1768659468438538,278
kmi,kmi_363,2.483333333333333,3.814814814814815,3.0,-0.0200878042328042,0.1056407688340424,0.1574026798598227,0.0,86,86,0.2038867604617604,172
kmi,kmi_370,2.4,3.888888888888889,3.0,0.0235492647058823,0.1302027693144297,0.1844325884154831,1.0,180,179,0.1732653081232493,359
kmi,kmi_386,2.466666666666667,3.972222222222222,3.0,0.1679711951447245,0.1161803805931381,0.0405731691919192,1.0,97,92,0.1370740533562822,189
kmi,kmi_387,2.9333333333333336,3.9351851851851856,3.0,-0.011426488095238,0.1207743051917363,0.1956274888272461,0.0,112,94,0.1942666946778711,206
kmi,kmi_392,2.5166666666666666,4.3055555555555545,3.0,0.1896738591269841,0.1192657145557166,0.1709782336350518,1.0,130,118,0.1758051114023591,248
kmi,kmi_398,2.766666666666666,4.231481481481482,3.0,0.0766207950431634,0.1356579051975812,0.1489493165784832,1.0,297,260,0.168686424144691,557
kmi,kmi_40,2.8166666666666664,4.277777777777778,3.0,0.0045761904761904,0.1571704302882886,0.1926997474747475,1.0,119,154,0.2278498549534756,273
kmi,kmi_409,2.6166666666666667,4.277777777777778,3.0,-0.0925842923280423,0.1312450011948601,0.1827947867608582,0.0,191,207,0.1335533990700657,398
kmi,kmi_41,2.95,4.537037037037037,3.0,0.2033856150793651,0.1096399032107315,0.1848359394078144,1.0,113,111,0.2059101346093993,224
kmi,kmi_415,2.9166666666666665,4.342592592592593,3.0,-0.115142757936508,0.1488714211174045,0.2224445066915655,0.0,111,130,0.2429957431457431,241
kmi,kmi_417,2.2666666666666666,4.12962962962963,3.0,0.2379616269841269,0.1483956027717511,0.1564360958485958,1.0,113,125,0.1806563560481663,238
kmi,kmi_419,2.3833333333333333,4.222222222222222,3.0,-0.1047901360544218,0.0850435807950918,0.2599887994634473,0.0,80,94,0.2304957376283848,174
kmi,kmi_436,2.466666666666667,4.361111111111112,3.0,0.0438767857142857,0.1512871516936508,0.1880454875844727,1.0,211,215,0.1475973801818462,426
kmi,kmi_437,2.3666666666666667,3.9629629629629632,3.0,0.237020115995116,0.1175832856220162,0.1530188553113553,1.0,139,123,0.0889812273739905,262
kmi,kmi_442,2.4833333333333334,4.083333333333333,3.0,-0.1193177109440267,0.120219238808569,0.1768482748538011,0.0,104,109,0.184372746031746,213
kmi,kmi_444,2.983333333333333,4.314814814814814,3.0,0.2416902698412698,0.1384612487914326,0.227395546031746,1.0,134,165,0.2252383623321123,299
kmi,kmi_455,2.6833333333333336,3.87037037037037,3.0,0.077672619047619,0.1334024658147441,0.1719561355311355,1.0,74,117,0.1744119047619048,191
kmi,kmi_457,2.75,3.722222222222223,3.0,0.1058576777087646,0.1699741672474217,0.0858606038647343,1.0,124,132,0.1669726609885146,256
kmi,kmi_459,2.966666666666667,4.148148148148148,3.0,0.0716377674258109,0.132255132421678,0.1890322336561743,1.0,127,142,0.2042722729442654,269
kmi,kmi_463,2.716666666666667,3.8796296296296298,3.0,0.0860213128306878,0.1840486481033209,0.1312777220254493,1.0,130,127,0.1203568839117567,257
kmi,kmi_464,2.766666666666667,4.083333333333333,3.0,0.1184825036075035,0.0837805785268618,0.1857648412698412,1.0,64,99,0.2328667107583774,163
kmi,kmi_468,3.2,4.342592592592593,3.0,0.218201455026455,0.1715606942138585,0.0862382804232804,1.0,129,139,0.1671223778998779,268
kmi,kmi_469,2.45,4.092592592592593,3.0,0.0100980634920635,0.1468763532669768,0.1525784761904761,1.0,134,126,0.1144336182336182,260
kmi,kmi_470,2.2166666666666663,4.00925925925926,3.0,0.2673003637566137,0.1846080418061622,0.22831370176797,1.0,132,109,0.2139806111111111,241
kmi,kmi_481,2.283333333333333,3.87037037037037,3.0,0.1185590048840048,0.0962081659920195,0.1612781976075454,1.0,78,74,0.2183580769230769,152
kmi,kmi_484,2.766666666666667,4.398148148148148,3.0,0.1190106171039843,0.1024006739291173,0.2409966406400617,1.0,256,219,0.2309660525321239,475
kmi,kmi_498,2.766666666666667,4.111111111111112,3.0,0.1129332142857143,0.1410219784998439,0.1823022552255225,1.0,110,112,0.1696410386808444,222
kmi,kmi_502,2.733333333333333,4.351851851851852,3.0,0.1306889087301587,0.1197613251994685,0.1568743989828941,1.0,112,138,0.1913708256429186,250
kmi,kmi_503,2.0500000000000003,3.7314814814814814,3.0,0.2811363095238095,0.1467894087245246,0.2286017538265306,1.0,121,97,0.2045300189393939,218
kmi,kmi_51,2.9,4.046296296296297,3.0,0.02909477124183,0.1014658294526751,0.1804609523809524,1.0,94,84,0.2919705396825396,178
kmi,kmi_518,2.583333333333333,4.129629629629629,3.0,0.3547064745196324,0.1689524310009961,0.1656222917689412,1.0,106,94,0.0980398039215686,200
kmi,kmi_519,2.35,4.25,3.0,0.0615376543209876,0.0974949687380111,0.1917669544740972,1.0,100,77,0.2366852882819794,177
kmi,kmi_528,3.0333333333333337,4.324074074074074,3.0,0.2700355406746031,0.1636188670003606,0.1845540461583406,1.0,172,125,0.1666607998084291,297
kmi,kmi_537,2.7,4.37962962962963,3.0,0.040434588409007,0.1417254812780812,0.1989993853820598,1.0,224,234,0.1732345026455027,458
kmi,kmi_543,2.25,3.814814814814815,3.0,0.1379250425170068,0.1532765633942073,0.1311905511155511,1.0,152,114,0.1431547959183673,266
kmi,kmi_546,2.35,4.064814814814815,3.0,0.079817730880231,0.0906340995493543,0.2300929214929215,1.0,120,85,0.2059337092731829,205
kmi,kmi_556,2.6166666666666667,4.074074074074074,3.0,-0.009133251633987,0.2101955712391776,0.2344222432306255,0.0,179,180,0.1944431681054488,359
kmi,kmi_56,2.033333333333333,3.6296296296296298,3.0,-0.1263493764172335,0.1571364374543051,0.1446218703204552,0.0,115,149,0.0731276927437641,264
kmi,kmi_563,2.6833333333333336,4.333333333333333,3.0,0.1654861678004535,0.1213434329904817,0.2475664701082925,1.0,116,108,0.2439942640692641,224
kmi,kmi_564,2.4666666666666663,4.157407407407407,3.0,0.4487497198879552,0.2078515788985172,0.1171809797482211,1.0,96,125,0.1289175355774493,221
kmi,kmi_565,2.4833333333333334,4.222222222222222,3.0,-0.0243651420217209,0.0742417903728047,0.2295192419825072,0.0,107,101,0.1577835317460317,208
kmi,kmi_566,3.2999999999999994,4.00925925925926,3.0,0.0532179824561403,0.091375511734781,0.2083613355780022,1.0,108,126,0.1743748202414869,234
kmi,kmi_568,1.8,4.12037037037037,3.0,0.0878038748832866,0.1049324858652657,0.1268058125901876,1.0,97,102,0.2215956263867554,199
kmi,kmi_57,2.0666666666666664,4.064814814814815,3.0,0.0609056689342403,0.105347771465997,0.2442120861678004,1.0,79,116,0.1671372162883845,195
kmi,kmi_573,2.8000000000000003,4.305555555555556,3.0,-0.0156892416225749,0.1368727445589994,0.2021797927689594,0.0,99,110,0.2126437568756875,209
kmi,kmi_575,2.766666666666667,4.379629629629629,3.0,0.1505652661064425,0.2074452969686318,0.1587441287878787,1.0,97,108,0.1794467813051146,205
kmi,kmi_576,2.6833333333333336,3.796296296296296,3.0,0.0510620039682539,0.1122371172203684,0.1289492374727669,1.0,111,100,0.0670856009070294,211
kmi,kmi_577,2.6666666666666665,4.333333333333333,3.0,0.1608728291316526,0.1291039901632059,0.1991218346792908,1.0,180,194,0.166202486057486,374
kmi,kmi_58,2.8666666666666667,4.00925925925926,3.0,-0.0259357142857142,0.1349595019822043,0.1498968720821662,0.0,111,143,0.1368712834636342,254
kmi,kmi_580,2.233333333333333,4.212962962962963,3.0,0.2678822751322751,0.1503535922057662,0.119191326058201,1.0,129,106,0.167543765341188,235
kmi,kmi_585,2.45,3.9629629629629632,3.0,-0.0770277777777777,0.1560378546866174,0.2399539170506912,0.0,71,93,0.1588669359410431,164
kmi,kmi_587,2.866666666666667,3.824074074074074,3.0,0.0039219841269841,0.1422149318862931,0.1002960695389267,1.0,135,154,0.2225812917350848,289
kmi,kmi_60,2.95,3.990740740740741,3.0,0.4788421679197996,0.2034560671303747,0.1592839265259368,1.0,106,110,0.2424455484834197,216
kmi,kmi_603,2.8000000000000003,4.185185185185184,3.0,0.0414513457556935,0.1153286241531211,0.2280535476868809,1.0,126,127,0.2683363868711326,253
kmi,kmi_613,2.6833333333333336,4.361111111111111,3.0,0.1210357804232804,0.1218726341505389,0.1303398535294876,1.0,132,127,0.1854582458972289,259
kmi,kmi_617,2.566666666666667,4.425925925925926,3.0,-0.0234673195084485,0.1572658908597885,0.1416837734025234,0.0,165,151,0.1970770595797004,316
kmi,kmi_624,2.266666666666667,4.055555555555555,3.0,-0.0364330200501253,0.1233113735364625,0.2205667700066137,0.0,105,104,0.133225626566416,209
kmi,kmi_629,2.866666666666667,4.2407407407407405,3.0,-0.1551770451770451,0.1417146375832964,0.1832959590451957,0.0,140,148,0.1972437136005481,288
kmi,kmi_63,3.0333333333333337,4.0740740740740735,3.0,0.020724585921325,0.1196889628918254,0.1985313765736179,1.0,125,165,0.2036555606430606,290
kmi,kmi_630,2.833333333333333,4.018518518518519,3.0,0.1005862811791383,0.1056980886116865,0.1545403218694886,1.0,117,178,0.1112638489715412,295
kmi,kmi_636,2.5,3.9814814814814814,3.0,0.1192807936507936,0.1369180003041476,0.16896271101033,1.0,135,120,0.204524621049621,255
kmi,kmi_640,2.45,4.138888888888889,3.0,-0.0726857638888888,0.1238996319764972,0.172972371031746,0.0,89,116,0.1968372533748702,205
kmi,kmi_641,2.866666666666667,3.805555555555556,3.0,0.0907058261183261,0.097692082956302,0.1618088067390698,1.0,123,133,0.2219417242703533,256
kmi,kmi_657,2.6666666666666665,4.212962962962963,3.0,-0.0743373897707231,0.1032064482951641,0.2463114338042909,0.0,100,117,0.2182055849500294,217
kmi,kmi_665,2.766666666666667,3.87037037037037,3.0,0.111611111111111,0.0974713930067424,0.132432100340136,1.0,177,104,0.2008960651629072,281
kmi,kmi_668,2.6666666666666665,3.842592592592593,3.0,-0.0437099206349206,0.1278408311796786,0.0903513731060606,0.0,185,166,0.0818461227378424,351
kmi,kmi_669,2.9333333333333336,4.231481481481482,3.0,0.2231359126984127,0.1148594797955426,0.1626738745771532,1.0,70,93,0.2296045871126228,163
kmi,kmi_676,2.9166666666666665,4.166666666666666,3.0,0.025217931547619,0.154177883468461,0.085427646329365,1.0,169,148,0.1501171919607171,317
kmi,kmi_688,2.8000000000000003,4.537037037037037,3.0,0.1777945468509984,0.1081376509354101,0.2435085775335775,1.0,165,203,0.2641412125675012,368
kmi,kmi_693,2.6166666666666667,4.175925925925926,3.0,0.1872394024276377,0.1268472317815227,0.1874888095238095,1.0,94,100,0.1733812314669457,194
kmi,kmi_698,2.4333333333333336,4.0740740740740735,3.0,0.0627853174603175,0.1055243898233748,0.2013310729355032,1.0,88,122,0.19260770824554,210
kmi,kmi_699,2.783333333333333,4.175925925925927,3.0,-0.185937912087912,0.119725162084064,0.295962882018479,0.0,76,100,0.1677158468515611,176
kmi,kmi_7,2.8166666666666664,4.388888888888888,3.0,-0.1040354938271605,0.1208678294808141,0.150732867494824,0.0,147,120,0.1502081009581009,267
kmi,kmi_703,2.233333333333333,3.768518518518519,3.0,0.0195816468253968,0.0857828280414005,0.1172281274556027,1.0,110,106,0.0835957535591556,216
kmi,kmi_709,2.483333333333333,3.777777777777778,3.0,-0.0072069764464925,0.1409708806771385,0.1934945097448262,0.0,167,168,0.2034093366277328,335
kmi,kmi_71,3.15,3.9351851851851856,3.0,0.2774507747543462,0.1550959633707718,0.2015573562443845,1.0,115,130,0.2146530303030302,245
kmi,kmi_710,2.833333333333333,4.064814814814815,3.0,0.1704620927318295,0.1438293453346031,0.1813153599486933,1.0,108,149,0.2485232596371882,257
kmi,kmi_712,3.266666666666667,4.148148148148148,3.0,-0.267842546583851,0.1404962862299445,0.1784404451345756,0.0,124,113,0.1554572535103785,237
kmi,kmi_72,2.35,4.222222222222222,3.0,-0.0207511316872427,0.1727591033812275,0.1263761963118581,0.0,145,135,0.2459022203325774,280
kmi,kmi_720,2.833333333333333,4.203703703703703,3.0,-0.0377982664995823,0.1217930084654904,0.2101619674185464,0.0,104,113,0.2185990384615384,217
kmi,kmi_727,3.083333333333333,4.166666666666667,3.0,0.2953047619047619,0.1518450029769799,0.2202252488566047,1.0,68,112,0.1965052627523501,180
kmi,kmi_731,2.533333333333333,4.018518518518519,3.0,-0.0066230612244898,0.1222520194480708,0.2270799999999999,0.0,184,127,0.1986415725047081,311
kmi,kmi_736,2.6166666666666667,4.361111111111112,3.0,0.0733624794745484,0.1590686883536073,0.1578101970443349,1.0,154,153,0.1835300457451499,307
kmi,kmi_738,2.8666666666666667,4.333333333333333,3.0,0.0219836309523809,0.0831103452863041,0.1762244357638889,1.0,73,94,0.1326273949579832,167
kmi,kmi_742,2.5500000000000003,3.75925925925926,3.0,0.0541853571428571,0.1072379042005567,0.2126744825708061,1.0,111,113,0.1582599244505494,224
kmi,kmi_744,3.0,4.305555555555555,3.0,-0.0193377149470899,0.1212344838190171,0.1437985256162085,0.0,132,113,0.1766795177045177,245
kmi,kmi_750,2.95,4.175925925925927,3.0,0.0654339743589744,0.1277855004574921,0.212582257878997,1.0,78,109,0.1214325079365079,187
kmi,kmi_753,2.516666666666666,3.87037037037037,3.0,0.1737092592592592,0.1555278978030515,0.1753290919398062,1.0,86,79,0.2388474489795918,165
kmi,kmi_761,2.6666666666666665,3.9444444444444446,3.0,0.0119236607142857,0.0778035982547605,0.2219050453514739,1.0,93,99,0.311908139329806,192
kmi,kmi_765,2.716666666666667,4.175925925925926,3.0,0.2146761904761904,0.1029256841000398,0.2185501305346699,1.0,85,104,0.2290938304093567,189
kmi,kmi_775,2.3833333333333333,3.87037037037037,3.0,0.0066491161616162,0.1254297753239368,0.1872934899184898,1.0,120,113,0.1333836843711843,233
kmi,kmi_778,2.8166666666666664,4.361111111111111,3.0,-0.0341024711399712,0.1054910649045719,0.2087129564381806,0.0,232,189,0.224439336419753,421
kmi,kmi_784,2.733333333333334,3.7129629629629632,3.0,-0.1099533950617284,0.1045936648271854,0.1848266598395631,0.0,102,117,0.1878834692827748,219
kmi,kmi_791,2.35,4.0740740740740735,3.0,0.0767089506172839,0.1259888891874844,0.2081464896214896,1.0,100,134,0.2159759015873016,234
kmi,kmi_792,2.766666666666667,4.0,3.0,0.2096964663643234,0.1254208465622822,0.2769042886267657,1.0,118,117,0.20862495223398,235
kmi,kmi_795,2.3,4.12037037037037,3.0,0.1334284632034632,0.0866354294728649,0.2302809169501133,1.0,121,101,0.2611448283298827,222
kmi,kmi_798,2.6166666666666667,3.694444444444444,3.0,-0.1564924189814814,0.1590564913049568,0.181036124229306,0.0,251,219,0.1189518518518518,470
kmi,kmi_8,2.15,4.203703703703703,3.0,0.1289990793650793,0.1557172643998744,0.1648518412698412,1.0,134,140,0.1868225009087604,274
kmi,kmi_801,2.333333333333333,4.083333333333333,3.0,0.2049714285714285,0.1401281154272776,0.196268296109004,1.0,122,113,0.234893211996337,235
kmi,kmi_814,2.95,4.351851851851852,3.0,0.1931643541324576,0.1398267011032461,0.2820040667761357,1.0,154,152,0.2497701298701299,306
kmi,kmi_820,2.4166666666666665,4.166666666666667,3.0,-0.1357142857142857,0.1005153009287214,0.1592589285714286,0.0,103,121,0.1704372767857143,224
kmi,kmi_821,2.583333333333333,3.9351851851851856,3.0,-0.0950766817838246,0.1290612847382441,0.1458682867336536,0.0,118,117,0.1564081496178718,235
kmi,kmi_823,2.4,4.148148148148148,3.0,0.2294730902777778,0.1277325512581691,0.2329517163893669,1.0,92,108,0.1749611071027737,200
kmi,kmi_826,2.3166666666666664,4.37037037037037,3.0,-0.0793844537815126,0.0699106193821952,0.2459390804597701,0.0,96,125,0.2573761836343732,221
kmi,kmi_834,2.466666666666667,3.75,3.0,0.0994681839402427,0.1190533660581879,0.154159772978959,1.0,95,98,0.1568851212769752,193
kmi,kmi_839,2.8000000000000003,3.9259259259259256,3.0,0.0415677308802309,0.1772525662564327,0.1860814671814671,1.0,120,153,0.1166593501984126,273
kmi,kmi_848,3.116666666666667,4.2407407407407405,3.0,-0.0331890977443608,0.1273549536600966,0.2400839387988872,0.0,106,117,0.2020846046443269,223
kmi,kmi_859,2.4000000000000004,3.981481481481481,3.0,0.1389569196428571,0.1003335736035795,0.0924676563396443,1.0,92,81,0.1315711309523809,173
kmi,kmi_865,2.5166666666666666,4.0555555555555545,3.0,0.1367903508771929,0.1534136100597414,0.1215392161675667,1.0,106,139,0.1239526617826617,245
kmi,kmi_868,2.333333333333333,4.277777777777778,3.0,0.1366595403439153,0.099843234408424,0.1516512544802867,1.0,133,112,0.1705480274310371,245
kmi,kmi_87,2.65,4.046296296296297,3.0,0.1724827380952381,0.1064042256157942,0.2337722379380795,1.0,110,132,0.2304749483804362,242
kmi,kmi_870,2.5666666666666664,4.212962962962963,3.0,0.0884325163398692,0.1190930610063143,0.1207717216810966,1.0,97,112,0.2073190399137001,209
kmi,kmi_877,2.766666666666667,4.0740740740740735,3.0,0.0625455853174603,0.1193243338876806,0.0881529068655574,1.0,92,87,0.1289867012617013,179
kmi,kmi_878,2.766666666666667,4.037037037037037,3.0,0.127728144078144,0.1164476362964155,0.1838135738519326,1.0,140,170,0.1853204549935916,310
kmi,kmi_88,2.466666666666667,3.888888888888889,3.0,0.0323035024154589,0.1528383747908505,0.1538637621715352,1.0,128,132,0.1375814524454768,260
kmi,kmi_881,3.0500000000000003,3.907407407407407,3.0,0.1767424136321195,0.1344666131869615,0.1863000490458355,1.0,98,132,0.2073624758033294,230
kmi,kmi_882,2.7000000000000006,3.564814814814815,3.0,-0.1226421497584541,0.1003699551327968,0.1670212370005473,0.0,125,138,0.1597329303556047,263
kmi,kmi_893,2.483333333333333,4.185185185185185,3.0,0.1574424603174603,0.1332614749296868,0.1758141975308641,1.0,135,111,0.1404442577030812,246
kmi,kmi_898,2.6666666666666665,4.046296296296297,3.0,0.1336207897793263,0.122021968003879,0.2089725279106858,1.0,218,219,0.2101770672713529,437
kmi,kmi_9,2.7166666666666663,3.9351851851851856,3.0,0.0174635854341736,0.1006541260812032,0.1213570308123248,1.0,94,106,0.1288397848142693,200
kmi,kmi_900,1.9333333333333331,3.990740740740741,3.0,0.1056002551020408,0.1157614581638045,0.1504226135361552,1.0,81,113,0.1611358898046398,194
kmi,kmi_902,2.266666666666667,4.018518518518518,3.0,0.0876767762660619,0.1390212729913144,0.1209257180650038,1.0,114,112,0.1413518030513176,226
kmi,kmi_904,2.833333333333333,4.416666666666667,3.0,0.1289007763975155,0.1437524585443975,0.224869759168035,1.0,125,120,0.2089568139568139,245
kmi,kmi_908,2.6833333333333336,4.194444444444444,3.0,-0.0279827097505669,0.1501500989855521,0.2476279138321995,0.0,114,130,0.2361740292535747,244
kmi,kmi_916,2.4,3.87037037037037,3.0,0.1584352130325814,0.1627329058714984,0.1188096452866861,1.0,107,126,0.1089602123185456,233
kmi,kmi_920,2.6333333333333333,4.101851851851852,3.0,0.003826343101343,0.1106529725454879,0.1580899242153001,1.0,142,169,0.1825057366071428,311
kmi,kmi_921,3.033333333333333,4.314814814814815,3.0,0.1767600907029478,0.1347961335173993,0.2978939549028334,1.0,116,106,0.2668460522009491,222
kmi,kmi_924,2.583333333333333,4.12037037037037,3.0,0.0757387721755368,0.1147832871634979,0.118760632183908,1.0,96,120,0.2020278135278135,216
kmi,kmi_932,2.3000000000000003,4.00925925925926,3.0,0.0908041666666666,0.0755182233528223,0.1943300671550672,1.0,100,103,0.1894844309354947,203
kmi,kmi_937,2.766666666666667,4.0,3.0,-0.0989935657596371,0.11440349373635,0.1476450695803435,0.0,82,129,0.1982482903439154,211
kmi,kmi_944,2.7833333333333337,3.8796296296296298,3.0,-0.1038404535147392,0.0856552806355897,0.1597903892455859,0.0,187,216,0.1802864753469825,403
kmi,kmi_955,2.233333333333333,4.027777777777778,3.0,0.0544116984126984,0.112470314473591,0.1801577302837145,1.0,136,130,0.1121702676111767,266
kmi,kmi_956,2.716666666666667,4.111111111111112,3.0,0.2907912698412698,0.1528737146154643,0.1815535007072135,1.0,110,97,0.182730036976912,207
kmi,kmi_959,2.9166666666666665,4.194444444444445,3.0,0.0683305900621117,0.1172792839371691,0.2745205210489993,1.0,124,175,0.2199292479441575,299
kmi,kmi_981,2.8000000000000003,4.314814814814815,3.0,0.2339884920634921,0.1292204742925263,0.1803302059712774,1.0,93,118,0.1560848077763215,211
kmi,kmi_982,2.816666666666667,3.990740740740741,3.0,0.1441146164021164,0.1347079531748999,0.1195565211640211,1.0,159,127,0.179267561205273,286
kmi,kmi_985,2.9,4.148148148148148,3.0,0.2357343386243386,0.1280694002483831,0.17341861946533,1.0,85,124,0.1814593202208419,209
kmi,kmi_986,2.783333333333333,4.388888888888888,3.0,0.2727372260015117,0.1280671582388996,0.281109178905207,1.0,223,251,0.2664531352485897,474
kmi,kmi_994,2.433333333333333,3.87037037037037,3.0,0.0253534656084656,0.1752331527716267,0.1696701556380127,1.0,86,80,0.0474533981667784,166
kmi,kmi_997,2.533333333333333,4.25,3.0,0.09924266881894,0.1317941411194686,0.2248518648112398,1.0,305,238,0.2680603209260414,543
kokorochat,kokorochat_1021,2.8166666666666664,4.138888888888888,3.0,0.0132476699226699,0.1253291188513464,0.2228280162789753,1.0,400,585,0.1986247705853174,985
kokorochat,kokorochat_1044,2.8666666666666667,3.685185185185185,3.0,0.0264532173382173,0.1484590336574845,0.2103639462759462,1.0,334,369,0.1707529034391534,703
kokorochat,kokorochat_1048,2.9500000000000006,3.851851851851852,3.0,0.0276643529728276,0.1150416348126183,0.1854987469372536,1.0,307,420,0.1424288910130151,727
kokorochat,kokorochat_1049,2.8166666666666664,3.722222222222223,3.0,-0.1712116681929182,0.1528708885452725,0.2497269856473879,0.0,270,389,0.1687420488721804,659
kokorochat,kokorochat_1053,2.3833333333333333,4.388888888888889,3.0,-0.0307414862914862,0.1137840660892933,0.2253208658008658,0.0,229,479,0.1986221023302938,708
kokorochat,kokorochat_1059,2.1666666666666665,3.75,3.0,-0.0559731373501781,0.1122391558815071,0.1593381466486729,0.0,256,442,0.1529281443601305,698
kokorochat,kokorochat_1088,2.95,4.101851851851852,3.0,0.1722204184704184,0.144692325755017,0.1868072894877158,1.0,396,466,0.134607621305269,862
kokorochat,kokorochat_1097,2.15,3.9444444444444446,3.0,-0.0263050943800944,0.1513441124063151,0.1149772256266224,0.0,382,571,0.1431653759249845,953
kokorochat,kokorochat_115,2.583333333333333,3.842592592592593,3.0,0.0422865853658536,0.1543960718313121,0.1674607975222609,1.0,419,561,0.1644736980963883,980
kokorochat,kokorochat_1462,3.2833333333333337,3.981481481481481,3.0,0.0404151680175616,0.1063084563878014,0.2453239754996124,1.0,480,483,0.1855469894849641,963
kokorochat,kokorochat_1479,2.8000000000000003,3.722222222222223,3.0,0.0845160235358511,0.1396495003250364,0.1730884601043997,1.0,158,433,0.1635414036762503,591
kokorochat,kokorochat_1514,3.233333333333333,4.101851851851851,3.0,0.1401556843497632,0.169779434764231,0.168875675019425,1.0,581,727,0.1822261622894282,1308
kokorochat,kokorochat_1521,3.083333333333333,4.388888888888888,3.0,0.2106981804103755,0.1788804897518979,0.202629224456773,1.0,421,714,0.1792074924012158,1135
kokorochat,kokorochat_1526,3.1166666666666667,4.481481481481481,3.0,0.1908394091710758,0.1483486453440495,0.1836273670286828,1.0,237,471,0.1579986437504295,708
kokorochat,kokorochat_1536,2.583333333333333,4.037037037037037,3.0,0.079613137254902,0.1504043062531067,0.1684912614379085,1.0,434,593,0.212733265383779,1027
kokorochat,kokorochat_1572,3.2,4.768518518518518,3.0,0.1328984798085901,0.1323592562861946,0.1751692663371391,1.0,693,935,0.1977518289965374,1628
kokorochat,kokorochat_1685,3.583333333333333,4.638888888888889,3.0,0.1239444331065759,0.1334635293192375,0.1889966753683199,1.0,538,700,0.1633118748995015,1238
kokorochat,kokorochat_1697,3.25,4.2407407407407405,3.0,0.1677049557032115,0.167035402711772,0.1754919489760925,1.0,657,1035,0.1562009495188588,1692
kokorochat,kokorochat_1722,3.516666666666667,4.185185185185184,3.0,-0.0049473247726056,0.1171052530666889,0.2010750578332977,0.0,455,712,0.1966202725281672,1167
kokorochat,kokorochat_1773,3.883333333333333,4.972222222222222,3.0,0.1541444491685563,0.168929828142159,0.20029548704702,1.0,433,745,0.2140149456521738,1178
kokorochat,kokorochat_2020,3.3666666666666667,4.25,3.0,-0.0583113202488201,0.1648664592149778,0.2356329236379236,0.0,379,697,0.1876514027316353,1076
kokorochat,kokorochat_2037,3.65,4.962962962962963,3.0,-0.0084107554200541,0.1243700468382353,0.1364652051877661,0.0,829,893,0.1728133012820512,1722
kokorochat,kokorochat_2109,2.6,2.703703703703704,3.0,-0.0401308625336927,0.123520690355472,0.1096249341120095,0.0,274,526,0.1383619976359338,800
kokorochat,kokorochat_2126,4.1,4.75,3.0,0.0232544838570349,0.1440244469762319,0.1712785865047059,1.0,746,768,0.1395170300311604,1514
kokorochat,kokorochat_2132,2.6,4.046296296296297,3.0,0.112150866537091,0.177929476133146,0.1569522736804749,1.0,501,887,0.1757666296055248,1388
kokorochat,kokorochat_2207,2.0500000000000003,2.407407407407408,3.0,0.004115226502586,0.1522196849594897,0.1214778495252267,1.0,457,568,0.1533364277195672,1025
kokorochat,kokorochat_2347,3.1666666666666665,4.3240740740740735,3.0,0.0566704975579975,0.155120973590697,0.1439253403540903,1.0,269,714,0.1876657159743329,983
kokorochat,kokorochat_2370,1.9833333333333327,3.435185185185185,3.0,0.0171735786435786,0.1193976906397136,0.192441718426501,1.0,285,715,0.2021227494491658,1000
kokorochat,kokorochat_2382,2.6833333333333336,4.555555555555555,3.0,0.1128245192307692,0.1249793446043052,0.2191360239297739,1.0,273,744,0.1863544789979484,1017
kokorochat,kokorochat_2435,3.2000000000000006,4.37037037037037,3.0,0.1176832433862433,0.1439056405831429,0.1643981936507936,1.0,384,704,0.1660807942217654,1088
kokorochat,kokorochat_2452,2.566666666666667,3.648148148148149,3.0,0.0432159772326439,0.1174371597142164,0.2315620951740911,1.0,505,533,0.1768182161032351,1038
kokorochat,kokorochat_2466,3.0500000000000003,4.268518518518519,3.0,0.1072050235478806,0.1437477153615597,0.1687988653410082,1.0,464,767,0.1749321323868158,1231
kokorochat,kokorochat_2491,3.5666666666666664,4.564814814814815,3.0,0.0317494669509594,0.1368844160390271,0.1860710140306122,1.0,345,684,0.1953460670194003,1029
kokorochat,kokorochat_2636,2.3000000000000003,3.953703703703704,3.0,0.1325401118917512,0.1432236451045032,0.1739434956827465,1.0,316,481,0.1833899633440947,797
kokorochat,kokorochat_2794,2.3000000000000003,2.638888888888889,3.0,0.2243956613756613,0.167249586653567,0.1812573837249601,1.0,238,639,0.2230441880826404,877
kokorochat,kokorochat_2873,1.7666666666666666,3.2592592592592595,3.0,-0.0245404965404965,0.1260833569915496,0.2085081257631257,0.0,204,919,0.1709389704343275,1123
kokorochat,kokorochat_2931,3.333333333333333,4.416666666666667,3.0,0.1007078683662016,0.1351182770509709,0.1323323758628368,1.0,508,570,0.1414836169821463,1078
kokorochat,kokorochat_2944,2.6166666666666667,3.472222222222222,3.0,0.0451490196078431,0.1187002202915673,0.2197148133116883,1.0,97,492,0.1123584861480824,589
kokorochat,kokorochat_2956,2.15,3.342592592592593,3.0,0.0975603174603174,0.1752448973246486,0.2144469805126351,1.0,536,458,0.1760540672393678,994
kokorochat,kokorochat_2991,3.266666666666667,4.138888888888889,3.0,0.0502685912698412,0.1208725160929643,0.1697967114568599,1.0,312,732,0.1525636100682781,1044
kokorochat,kokorochat_2995,3.1166666666666667,4.157407407407407,3.0,-0.0016085775335775,0.1414897965623336,0.2455313854645072,0.0,403,590,0.2017354813813075,993
kokorochat,kokorochat_3005,2.9,4.351851851851852,3.0,0.0801084189231247,0.1417647620682559,0.2894320095486111,1.0,265,706,0.2059621290792739,971
kokorochat,kokorochat_3012,2.733333333333333,4.25925925925926,3.0,0.0461113474228643,0.1619037741185369,0.1731094272604875,1.0,457,779,0.1814919227994228,1236
kokorochat,kokorochat_3046,2.833333333333333,4.111111111111111,3.0,0.1221362023809524,0.1542746157979906,0.1612962447537,1.0,512,544,0.1469865917519656,1056
kokorochat,kokorochat_3099,2.9,3.972222222222222,3.0,0.0081112088796871,0.16256331552211,0.2171717000230043,1.0,354,705,0.1419203276090129,1059
kokorochat,kokorochat_3123,2.7833333333333337,4.666666666666667,3.0,-0.003993885475337,0.110508784175173,0.1764026545664661,0.0,476,976,0.1940629827973933,1452
kokorochat,kokorochat_317,3.1666666666666665,4.175925925925927,3.0,-0.0454220899470899,0.1212704364642366,0.1867653029904411,0.0,552,800,0.1723590427026267,1352
kokorochat,kokorochat_3208,2.2,4.046296296296297,3.0,0.1066907029478458,0.140715846566534,0.1942969818769432,1.0,397,789,0.1897538553113553,1186
kokorochat,kokorochat_3214,2.2,4.722222222222222,3.0,-0.0559189909297052,0.1223525017228295,0.2384117038376531,0.0,325,615,0.2311282027607522,940
kokorochat,kokorochat_3221,3.083333333333333,4.287037037037037,3.0,0.0188244964652526,0.1398734643027664,0.1901308457217055,1.0,608,465,0.1787455139585073,1073
kokorochat,kokorochat_3295,3.1,4.092592592592593,3.0,-0.0328092155956232,0.113666291401477,0.1767281246154792,0.0,525,687,0.1706487995739102,1212
kokorochat,kokorochat_3304,2.7833333333333337,3.6666666666666665,3.0,-0.0838799903799903,0.1481928952161347,0.1881468016348256,0.0,176,506,0.196555915652646,682
kokorochat,kokorochat_3329,2.7166666666666663,4.351851851851852,3.0,0.0637128004535146,0.1052474783323085,0.1950199111652236,1.0,185,525,0.211770620308847,710
kokorochat,kokorochat_3360,2.966666666666667,4.287037037037037,3.0,0.1145345408163265,0.1641531409561667,0.2298275476190476,1.0,359,485,0.1749740704615179,844
kokorochat,kokorochat_3369,2.6166666666666667,3.888888888888889,3.0,0.1448891313932981,0.1380978020802132,0.1591779252801444,1.0,730,477,0.196990031033781,1207
kokorochat,kokorochat_3414,2.566666666666667,4.083333333333333,3.0,0.0664406084656084,0.082606003057972,0.1206579956095913,1.0,103,367,0.1522682639443114,470
kokorochat,kokorochat_3424,2.283333333333333,3.305555555555556,3.0,0.1523323611111111,0.1496405944056243,0.1895227796052631,1.0,313,728,0.1654797221670309,1041
kokorochat,kokorochat_3437,2.1333333333333333,2.6203703703703707,3.0,-0.017587976502937,0.1468268916287369,0.1743330533683289,0.0,644,645,0.1737823793301387,1289
kokorochat,kokorochat_3456,3.5499999999999994,4.75,3.0,0.1309780147310723,0.1456110731319134,0.2022133172781307,1.0,706,1084,0.1794051336286452,1790
kokorochat,kokorochat_3522,3.216666666666667,3.851851851851852,3.0,-0.0774906336608717,0.1171239231814982,0.1391502276459172,0.0,328,254,0.1822050696469064,582
kokorochat,kokorochat_3589,2.8000000000000003,3.990740740740741,3.0,-0.0908531165311653,0.1306648248704677,0.1558591676345334,0.0,420,426,0.1041242729625823,846
kokorochat,kokorochat_3608,2.466666666666667,4.083333333333333,3.0,0.0899358304297328,0.1466264628516377,0.1303749300854404,1.0,832,659,0.1644600653235653,1491
kokorochat,kokorochat_3615,2.533333333333333,3.944444444444444,3.0,0.119852587055494,0.1473605326331692,0.1365519368273625,1.0,655,376,0.1550569082219627,1031
kokorochat,kokorochat_3649,2.75,3.907407407407407,3.0,0.0429766223155929,0.1326538685007967,0.151420539188438,1.0,523,775,0.151733623440673,1298
kokorochat,kokorochat_3686,2.4166666666666665,2.3703703703703702,3.0,0.0424778897028896,0.1714857280988614,0.1075739618406285,1.0,207,608,0.0762462463894851,815
kokorochat,kokorochat_3733,2.283333333333333,3.5,3.0,-0.0584999735449735,0.148633509683178,0.0912562883177962,0.0,387,271,0.1134994608021325,658
kokorochat,kokorochat_3744,3.4666666666666663,4.138888888888888,3.0,0.0196357969576719,0.1527295582215235,0.1921063116467437,1.0,252,772,0.2065535703884,1024
kokorochat,kokorochat_3789,3.483333333333333,4.5740740740740735,3.0,0.0371829618372172,0.1594596193916356,0.1756497278670845,1.0,480,690,0.1666771123231475,1170
kokorochat,kokorochat_3795,3.466666666666667,4.472222222222222,3.0,0.0937358255170755,0.1224071838743059,0.1216207944874736,1.0,673,1029,0.1553047685185185,1702
kokorochat,kokorochat_3796,2.983333333333333,4.027777777777778,3.0,0.0277965572715572,0.1319094692119349,0.2150193388146625,1.0,565,736,0.1885321559572935,1301
kokorochat,kokorochat_3803,3.266666666666667,3.888888888888889,3.0,0.0212932319223985,0.1340831765711572,0.1839012178057632,1.0,372,545,0.1658214581852641,917
kokorochat,kokorochat_3811,2.333333333333333,3.1944444444444446,3.0,0.0647591102168566,0.1506065949156932,0.2586194411097772,1.0,366,367,0.1983604770772368,733
kokorochat,kokorochat_3887,3.0500000000000003,4.472222222222222,3.0,-0.08168620330287,0.132162663751588,0.2172603798643113,0.0,505,835,0.2168699565701987,1340
kokorochat,kokorochat_3896,2.7,4.712962962962963,3.0,0.179437702726018,0.1507190250137592,0.1733354574658146,1.0,471,708,0.1717203005427254,1179
kokorochat,kokorochat_3919,3.0499999999999994,4.513888888888889,2.0,-0.026300505050505,0.1226442754145576,0.1985045109007458,0.0,673,582,0.2122476827612953,1255
kokorochat,kokorochat_3985,2.566666666666667,2.9629629629629632,3.0,0.0573113844797178,0.1307577852258394,0.1846118500881834,1.0,459,563,0.16830746447195,1022
kokorochat,kokorochat_3993,2.733333333333333,4.175925925925927,3.0,-0.0122539411976911,0.1459536460602759,0.233000583090379,0.0,450,708,0.1778974532779254,1158
kokorochat,kokorochat_4026,2.3833333333333333,4.361111111111111,3.0,0.1739780673530673,0.1624956849427453,0.1714401111959935,1.0,383,803,0.1839519706329215,1186
kokorochat,kokorochat_4089,3.6166666666666663,4.462962962962963,3.0,-0.0500116402116401,0.1438273863844666,0.2295643964562569,0.0,568,892,0.1800155849467004,1460
kokorochat,kokorochat_4092,3.7,4.861111111111111,3.0,0.0743586061507936,0.1481667746365527,0.1995473801256613,1.0,489,884,0.2078729437641723,1373
kokorochat,kokorochat_4099,2.733333333333333,4.166666666666667,3.0,-0.0019707579672695,0.1370841733671623,0.2256613917626629,0.0,658,480,0.2002881028207461,1138
kokorochat,kokorochat_4148,3.0500000000000003,4.462962962962963,3.0,0.1084525554187192,0.1241760777311791,0.1830713610702012,1.0,591,517,0.2026450279652543,1108
kokorochat,kokorochat_4160,3.65,4.462962962962963,3.0,0.1669482195071011,0.1776423833892866,0.1434553055868016,1.0,390,769,0.1375362040517961,1159
kokorochat,kokorochat_4176,3.65,4.12962962962963,3.0,0.0327668287502794,0.160767177351037,0.1199069711967183,1.0,365,866,0.1739730936637588,1231
kokorochat,kokorochat_4199,3.083333333333333,4.425925925925927,3.0,0.0214195049361208,0.1138081542430134,0.1799006010171058,1.0,833,592,0.1893787953660595,1425
kokorochat,kokorochat_4282,3.1,4.314814814814816,3.0,-0.0427193849206349,0.1173182535918154,0.2287901439645626,0.0,611,566,0.2203476311589866,1177
kokorochat,kokorochat_4367,3.9,4.805555555555556,3.0,-0.0183551369047618,0.1404827451633385,0.1591012895834324,0.0,1010,597,0.1503294048968793,1607
kokorochat,kokorochat_4395,2.9333333333333336,4.194444444444445,3.0,0.0946263196751568,0.1306189725739528,0.2017196501383428,1.0,227,760,0.1708742591888064,987
kokorochat,kokorochat_4397,2.65,4.268518518518518,3.0,0.0530139194139194,0.1327452819675521,0.2357932264957264,1.0,139,563,0.1754055577044295,702
kokorochat,kokorochat_4406,3.7,4.2407407407407405,3.0,-0.0791196696696697,0.1484179855591616,0.1435962283840191,0.0,568,602,0.1404088747022136,1170
kokorochat,kokorochat_4442,3.15,4.268518518518518,3.0,0.0767989044168391,0.149665308300554,0.1977421937673557,1.0,472,463,0.2338517822180267,935
kokorochat,kokorochat_4473,3.4500000000000006,4.398148148148148,3.0,0.1107804543245869,0.1247883121200126,0.1737602230933023,1.0,501,678,0.1734243243884499,1179
kokorochat,kokorochat_4482,2.466666666666667,3.7129629629629632,3.0,0.0553525628306877,0.1008495449117854,0.2054849436551784,1.0,371,382,0.198569709349334,753
kokorochat,kokorochat_4484,3.4,3.5,3.0,-0.0201302210884354,0.1237486779844251,0.1641351600791402,0.0,362,294,0.1320023405736563,656
kokorochat,kokorochat_4486,2.5,3.185185185185185,3.0,-0.1022740855762594,0.143607293750951,0.1939132987382987,0.0,243,426,0.1534039596893913,669
kokorochat,kokorochat_4496,2.9,3.435185185185185,3.0,-0.0938842958459979,0.1103584805696774,0.1495466690207156,0.0,245,447,0.1616675880626223,692
kokorochat,kokorochat_4512,3.1166666666666667,4.222222222222222,3.0,-0.0535752129307007,0.1126936956012825,0.1591529049160117,0.0,421,757,0.1641586983278159,1178
kokorochat,kokorochat_452,3.216666666666667,4.203703703703703,3.0,0.0067024970963995,0.1233970737302053,0.2105073122338366,1.0,419,902,0.1801267832702323,1321
kokorochat,kokorochat_4527,3.2000000000000006,4.231481481481481,3.0,0.138184481292517,0.1498184734905482,0.1438954702803107,1.0,573,827,0.1676351093452866,1400
kokorochat,kokorochat_4532,2.7166666666666663,3.8333333333333335,3.0,0.1182929339477726,0.143760970094145,0.1546411553724053,1.0,321,375,0.1953021716974586,696
kokorochat,kokorochat_4567,3.216666666666667,4.027777777777778,3.0,0.0405395116843033,0.139940500292113,0.1954409809436595,1.0,373,749,0.1435370168382668,1122
kokorochat,kokorochat_4570,1.9333333333333336,4.175925925925926,3.0,0.0055989658489658,0.1471680968216973,0.1084080470692292,1.0,673,620,0.1697244011898267,1293
kokorochat,kokorochat_4587,3.116666666666667,4.0,3.0,-0.0418475863197512,0.145993536988393,0.1539797521267233,0.0,496,614,0.1859095998950544,1110
kokorochat,kokorochat_4595,2.8166666666666664,3.925925925925926,3.0,0.0625589285714286,0.1618551439120725,0.1813971696408031,1.0,492,827,0.1476956140606201,1319
kokorochat,kokorochat_4614,3.9500000000000006,4.2407407407407405,3.0,-0.0052304912054912,0.1386504595392968,0.1735536352610749,0.0,382,815,0.1533533533223049,1197
kokorochat,kokorochat_4626,3.1166666666666667,4.444444444444444,3.0,0.0189518184196755,0.1359923702463917,0.1666607952172097,1.0,465,754,0.2056879221263449,1219
kokorochat,kokorochat_4635,2.6500000000000004,4.111111111111112,3.0,0.0878572114442484,0.1444919443957239,0.1484746138996139,1.0,416,448,0.1306962730954188,864
kokorochat,kokorochat_4644,2.7833333333333337,3.7870370370370368,3.0,0.028101071043304,0.1111897134302693,0.1991791812784545,1.0,525,797,0.2145422790266699,1322
kokorochat,kokorochat_4652,3.1166666666666667,4.268518518518518,3.0,0.0786587983004649,0.1172879372765485,0.1548152992924077,1.0,507,923,0.1583200366433955,1430
kokorochat,kokorochat_4728,2.266666666666667,4.444444444444444,3.0,0.1081325602968459,0.1492801385311567,0.1933082387531869,1.0,395,532,0.1819254689064918,927
kokorochat,kokorochat_4766,3.283333333333333,4.296296296296297,3.0,0.0036567705776468,0.1097934302595693,0.2026485373684039,1.0,496,673,0.2183413230302161,1169
kokorochat,kokorochat_4778,2.7,4.342592592592593,3.0,0.1926886379551821,0.1263048204420209,0.1357544985148055,1.0,351,364,0.153809067739772,715
kokorochat,kokorochat_4782,2.2666666666666666,3.888888888888889,3.0,0.0481289907157831,0.1233088364892785,0.1614203644254206,1.0,276,338,0.1998709907367202,614
kokorochat,kokorochat_4803,2.9500000000000006,4.12962962962963,3.0,0.0660423992673992,0.1269161791733934,0.1562557208994709,1.0,597,382,0.1761126899016979,979
kokorochat,kokorochat_4808,1.7,1.3703703703703705,3.0,0.0354039321789322,0.1355740959601831,0.1196105587730587,1.0,231,547,0.1526949194547707,778
kokorochat,kokorochat_4838,3.6833333333333336,4.268518518518518,3.0,0.0731267684610075,0.1456320595711137,0.0986865669471811,1.0,473,561,0.1154258597883597,1034
kokorochat,kokorochat_4841,3.1833333333333336,4.416666666666667,3.0,-0.001751860525631,0.1354365314345221,0.1642294967060898,0.0,621,596,0.1637705024201617,1217
kokorochat,kokorochat_4848,2.583333333333333,4.5740740740740735,3.0,-0.0001246642246642,0.1407496335453996,0.1653289519739519,0.0,1374,1017,0.1576050126763668,2391
kokorochat,kokorochat_4915,3.733333333333333,5.0,3.0,-0.0541022918691286,0.1291076714762914,0.2283011517615176,0.0,747,1014,0.2081798006001737,1761
kokorochat,kokorochat_4946,1.7,3.5185185185185186,3.0,0.0813160082972583,0.164601493777384,0.1790316742081448,1.0,230,385,0.1799832858409321,615
kokorochat,kokorochat_4977,3.0083333333333333,4.657407407407407,3.0,0.0241962891906073,0.1370903998389182,0.1739301446629765,1.0,1222,927,0.1837311551163675,2149
kokorochat,kokorochat_4984,2.8833333333333333,4.398148148148149,3.0,0.0318635300207039,0.1476729831948728,0.1868064945033856,1.0,588,557,0.1682305816243772,1145
kokorochat,kokorochat_5052,2.0666666666666664,3.75,3.0,-0.0321327017661524,0.1611718050849589,0.1314393557422969,0.0,366,491,0.1396660327339788,857
kokorochat,kokorochat_5067,3.366666666666667,4.00925925925926,3.0,0.2165489108409321,0.1423222339405024,0.2157533279978658,1.0,247,595,0.1789780479711794,842
kokorochat,kokorochat_5084,3.0499999999999994,4.305555555555556,3.0,0.0849203823953823,0.1225019642732809,0.1662637524240465,1.0,451,832,0.1574509281760497,1283
kokorochat,kokorochat_5119,1.75,3.481481481481481,3.0,0.1189104129923574,0.1707580039866494,0.1656321501786446,1.0,280,464,0.1364445691609977,744
kokorochat,kokorochat_5184,3.25,4.342592592592593,3.0,0.0902893384176587,0.1422742394874464,0.1874425609123898,1.0,652,1039,0.1463838850362151,1691
kokorochat,kokorochat_5336,2.3666666666666667,2.453703703703704,3.0,0.1459967944753659,0.123973827906439,0.1747757762641139,1.0,397,548,0.16181965794976,945
kokorochat,kokorochat_5386,1.9833333333333332,3.1944444444444446,3.0,-4.14502164502728e-05,0.1228256466268508,0.2170047970220536,0.0,122,422,0.2335127166685883,544
kokorochat,kokorochat_5399,2.6,3.972222222222222,3.0,0.0424856620718462,0.1253843046077906,0.0965501614381535,1.0,390,718,0.1430836512414086,1108
kokorochat,kokorochat_5456,2.6833333333333336,4.00925925925926,3.0,0.2838135304659497,0.1561179487992303,0.1896967284234165,1.0,320,677,0.1786551432848588,997
kokorochat,kokorochat_5476,2.0,3.3981481481481484,3.0,0.0103273046398046,0.117049203107271,0.1822212621280396,1.0,400,281,0.193983935866013,681
kokorochat,kokorochat_5492,3.0333333333333337,3.777777777777778,3.0,0.0426066686024002,0.1238541858181312,0.1687634891669563,1.0,420,356,0.1565106067883445,776
kokorochat,kokorochat_5494,2.9333333333333336,4.055555555555556,3.0,0.0720321273561507,0.1391308469675361,0.1437138039434523,1.0,649,784,0.1820444162826421,1433
kokorochat,kokorochat_5521,2.9,3.3703703703703702,3.0,-0.0502582900432901,0.1241794327915449,0.19336843602435,0.0,288,752,0.1738418343694588,1040
kokorochat,kokorochat_5561,3.1666666666666665,3.944444444444444,3.0,-0.0160138888888889,0.1182593972567653,0.1870042363792363,0.0,268,764,0.173387382003574,1032
kokorochat,kokorochat_5619,2.7833333333333337,3.62037037037037,3.0,0.0268146763068229,0.1078447991478386,0.1761463429734895,1.0,964,618,0.1651463842625172,1582
kokorochat,kokorochat_5643,3.5,4.222222222222222,3.0,0.0725415961199294,0.1116049818284788,0.1981389241622575,1.0,459,843,0.1985484355372844,1302
kokorochat,kokorochat_565,2.766666666666667,4.583333333333333,3.0,0.0190708304853041,0.1188081859420645,0.2133483294747832,1.0,1058,1127,0.1739699938949939,2185
kokorochat,kokorochat_5655,2.766666666666667,3.8240740740740735,3.0,0.0038652808302808,0.1282700402833461,0.1768101306471306,1.0,334,422,0.1852526672816019,756
kokorochat,kokorochat_5670,2.483333333333333,3.953703703703704,3.0,0.0776412001696352,0.1299830808227772,0.1758959299804899,1.0,668,588,0.1313455204649505,1256
kokorochat,kokorochat_5681,3.016666666666667,4.12037037037037,3.0,0.1249909963534963,0.1462009538567927,0.1294558301158301,1.0,379,565,0.146422882408359,944
kokorochat,kokorochat_5687,3.216666666666667,3.972222222222222,3.0,0.0403571841931217,0.1187252725777615,0.165995559178028,1.0,250,486,0.1656752853482413,736
kokorochat,kokorochat_5702,2.9333333333333336,4.037037037037037,3.0,0.1313723744292237,0.1554494146510575,0.1074798221275863,1.0,378,671,0.1429189613005323,1049
kokorochat,kokorochat_5782,3.083333333333333,4.212962962962963,3.0,0.088423617123617,0.1466444916544533,0.1711395482843836,1.0,343,662,0.1700350768127567,1005
kokorochat,kokorochat_5815,3.966666666666667,4.12037037037037,3.0,0.0215468365750055,0.1270975464310919,0.18713360608093,1.0,364,557,0.2150138852682192,921
kokorochat,kokorochat_584,2.1,3.574074074074074,3.0,-0.0767721896064361,0.1322146407450642,0.1272089307398733,0.0,375,352,0.1363835068721366,727
kokorochat,kokorochat_5841,2.6333333333333333,3.9629629629629632,3.0,0.0638237327188939,0.1436525324459652,0.1841998613654863,1.0,321,411,0.1633273246860933,732
kokorochat,kokorochat_5851,2.433333333333333,3.2314814814814814,3.0,-0.0541018389469608,0.1120123779541095,0.1986299393315018,0.0,217,230,0.1869873303167421,447
kokorochat,kokorochat_5906,2.8166666666666664,4.0,3.0,0.2680415532879819,0.1913289260480377,0.1537581707167403,1.0,397,450,0.1524608888528956,847
kokorochat,kokorochat_592,3.1833333333333336,4.481481481481482,3.0,0.0158502158730158,0.1266363036697355,0.2192474831746031,1.0,634,992,0.1872883063669686,1626
kokorochat,kokorochat_5940,2.8166666666666664,4.453703703703703,3.0,0.1411530478395062,0.1556799944926359,0.1240293989680353,1.0,372,884,0.1571644394557823,1256
kokorochat,kokorochat_5960,2.9333333333333336,4.083333333333333,3.0,0.0267378968253969,0.1347581553115026,0.2361528189232682,1.0,443,686,0.2237725381585426,1129
kokorochat,kokorochat_5982,2.4833333333333334,3.898148148148149,3.0,-0.0423603982300884,0.1438299487223978,0.1491313043356329,0.0,575,411,0.1881576867645897,986
kokorochat,kokorochat_5992,2.466666666666667,4.37962962962963,3.0,0.1663304195011338,0.1419488967410155,0.1795851066468254,1.0,361,644,0.1784693619547556,1005
kokorochat,kokorochat_6015,3.483333333333333,4.314814814814815,3.0,0.0407360651023694,0.1504473753955167,0.1972664415336335,1.0,358,717,0.1829922680701282,1075
kokorochat,kokorochat_6025,3.0333333333333337,4.296296296296296,3.0,0.0167324851190475,0.148027009766187,0.1875322507224003,1.0,812,572,0.1888706060221602,1384
kokorochat,kokorochat_6118,3.816666666666667,4.75925925925926,3.0,0.1018131305114638,0.1406394176971389,0.1912226922398588,1.0,910,786,0.1781181400788543,1696
kokorochat,kokorochat_6138,2.6,3.796296296296296,3.0,0.0699111922799423,0.1455275566643686,0.1680349637290813,1.0,230,281,0.1586119529061624,511
kokorochat,kokorochat_6192,2.283333333333333,4.314814814814814,3.0,0.0191586668967103,0.1240319631290961,0.1707789979018427,1.0,357,479,0.2140466666666666,836
kokorochat,kokorochat_6207,3.0500000000000003,4.12037037037037,3.0,0.1802018164542811,0.1550202402956405,0.1807790702314445,1.0,367,624,0.1613822118983094,991
kokorochat,kokorochat_6232,2.45,1.898148148148148,3.0,-0.0690978004535147,0.127127944422038,0.1409094123417157,0.0,187,836,0.1408489251645841,1023
kokorochat,kokorochat_6243,3.083333333333333,4.0,3.0,-0.029205821199003,0.153494638542871,0.1515517293991303,0.0,615,548,0.1940198655652737,1163
kokorochat,kokorochat_6249,3.75,4.5,3.0,0.002807072135785,0.1274561919367981,0.2204194969885187,1.0,515,874,0.1731633911368015,1389
kokorochat,kokorochat_6250,3.516666666666667,4.472222222222222,3.0,0.069654188712522,0.1179620787345632,0.2036900568848229,1.0,415,1011,0.1797815991033805,1426
kokorochat,kokorochat_6258,3.083333333333333,4.694444444444445,3.0,-0.0134172453703703,0.1362534041590468,0.1657222180943574,0.0,1451,640,0.1803965335949488,2091
kokorochat,kokorochat_6272,3.5666666666666664,4.388888888888889,3.0,0.075279984882842,0.1298193094046552,0.2125966307419432,1.0,537,924,0.2184656583398386,1461
kokorochat,kokorochat_6276,3.133333333333333,4.12037037037037,3.0,0.0048547797619047,0.1234147631529527,0.1626312555334218,1.0,1013,763,0.1435879094564439,1776
kokorochat,kokorochat_6291,3.333333333333333,4.092592592592593,3.0,-0.0548651537698412,0.135709610027148,0.1035912256130522,0.0,332,828,0.1396254990600228,1160
kokorochat,kokorochat_6315,2.833333333333333,3.981481481481481,3.0,0.0374756132756132,0.1231245924206228,0.1988664320398253,1.0,398,701,0.206153743462703,1099
kokorochat,kokorochat_6346,2.416666666666667,3.5462962962962963,3.0,0.0015712792707842,0.1366950845940481,0.1627753107291568,1.0,516,605,0.1959587994034302,1121
kokorochat,kokorochat_6368,3.8666666666666663,4.435185185185185,3.0,0.0596012481962481,0.1075106008775224,0.1456531868464264,1.0,560,788,0.1756948417792448,1348
kokorochat,kokorochat_6380,2.466666666666667,4.00925925925926,3.0,0.1583646864301275,0.1573474436076202,0.1144322434171849,1.0,522,578,0.1612752552514854,1100
kokorochat,kokorochat_6387,3.3666666666666667,3.935185185185185,3.0,0.1149155299973096,0.1287320609248924,0.2034402784413654,1.0,308,560,0.1383546963673551,868
kokorochat,kokorochat_6442,2.6666666666666665,3.981481481481481,3.0,0.0561048918992884,0.1239677771091221,0.1608525301039956,1.0,299,483,0.1675831566874288,782
kokorochat,kokorochat_6512,3.266666666666667,3.4814814814814814,3.0,0.0063530509173365,0.1411514475362439,0.2154527509791795,1.0,394,673,0.1549524365318416,1067
kokorochat,kokorochat_6537,3.016666666666667,4.222222222222221,3.0,0.014032738095238,0.1717591064396198,0.154424283778552,1.0,419,608,0.1817773180168005,1027
kokorochat,kokorochat_6551,3.6,4.833333333333333,3.0,0.057415813720124,0.1194519247564009,0.1628963544791723,1.0,882,662,0.1663614040205158,1544
kokorochat,kokorochat_6560,3.633333333333333,4.194444444444444,3.0,-0.021676984126984,0.1093327605391492,0.2470862930700735,0.0,419,719,0.2228854409792086,1138
kokorochat,kokorochat_6577,2.5166666666666666,3.7129629629629632,3.0,0.0659197683835439,0.119478864596983,0.223061093438725,1.0,256,654,0.1871156343054017,910
kokorochat,kokorochat_6586,3.6166666666666663,4.361111111111112,3.0,0.0734145434462445,0.1307180678476887,0.2152054306290417,1.0,495,848,0.1688845588096184,1343
kokorochat,kokorochat_6623,2.65,4.0,3.0,0.1060377407921096,0.1453778602778082,0.1971169055324395,1.0,524,775,0.1533775892080069,1299
kokorochat,kokorochat_6638,2.7999999999999994,4.138888888888888,3.0,0.0045972653554176,0.1337027594678809,0.1746145027811694,1.0,243,938,0.1315798844977531,1181
kokorochat,kokorochat_664,1.9,3.2314814814814814,3.0,-0.0822847158218126,0.127243764427753,0.1646350601638505,0.0,319,444,0.1447424502827951,763
kokorochat,kokorochat_6645,2.9166666666666665,4.5,3.0,0.2012364935934213,0.1473648349988249,0.1451866317955753,1.0,842,667,0.1687741140782554,1509
kokorochat,kokorochat_6663,3.1666666666666665,4.12037037037037,3.0,0.015603762755102,0.1055202846554698,0.1998673247472179,1.0,290,516,0.1584547947778717,806
kokorochat,kokorochat_6719,4.016666666666667,4.175925925925926,3.0,-0.0311110410830999,0.1261945810154683,0.2279199561806704,0.0,268,570,0.199368589961237,838
kokorochat,kokorochat_6759,3.1666666666666665,4.092592592592592,3.0,0.0445589657738095,0.1501820758282892,0.166838289324037,1.0,330,683,0.1590067801799256,1013
kokorochat,kokorochat_6800,3.083333333333333,4.185185185185185,3.0,0.0529370580808081,0.0886262654649928,0.1845700998348057,1.0,230,920,0.1828854951823393,1150
kokorochat,kokorochat_6839,2.7,4.0740740740740735,3.0,0.0596077846364883,0.1432824502415311,0.1770202112166706,1.0,821,687,0.1739696352483963,1508
kokorochat,kokorochat_6868,2.6333333333333333,4.203703703703703,3.0,0.0084557135833684,0.1316904786445453,0.1357042150429075,1.0,575,762,0.1545291490124159,1337
kokorochat,kokorochat_6900,3.083333333333333,4.898148148148148,3.0,0.0789407131437706,0.1245652415572603,0.1942913772911265,1.0,707,1140,0.2064044054285433,1847
kokorochat,kokorochat_6923,3.283333333333333,4.361111111111111,3.0,0.0249206953892668,0.1265468313742035,0.1618187003968254,1.0,537,668,0.1986233801816123,1205
kokorochat,kokorochat_6931,2.783333333333333,4.833333333333333,3.0,0.1295593499622071,0.1347961200989139,0.1816440498780157,1.0,536,729,0.1925248004850088,1265
kokorochat,kokorochat_7026,2.45,3.5370370370370376,3.0,0.0033056919642857,0.1121472452817043,0.1258358481989286,1.0,332,596,0.1764365559341283,928
kokorochat,kokorochat_7030,3.45,4.194444444444444,3.0,0.1532379898313492,0.1061478842918637,0.114117706792862,1.0,331,624,0.1517600109691573,955
kokorochat,kokorochat_7095,2.766666666666667,4.268518518518518,3.0,0.0203124999999999,0.1495220546962242,0.1593793099647266,1.0,513,1138,0.1890885370534396,1651
kokorochat,kokorochat_7100,3.3166666666666664,3.7870370370370368,3.0,0.065063146113146,0.1447701784362339,0.1679148480531814,1.0,594,605,0.1557996930595504,1199
kokorochat,kokorochat_720,3.016666666666667,4.120370370370371,3.0,-0.0241489216701173,0.1473968771517249,0.1445779942279942,0.0,240,792,0.1349675723205416,1032
kokorochat,kokorochat_7231,2.5,3.675925925925926,3.0,0.1618233376233375,0.1437076051513481,0.2140221278421278,1.0,194,469,0.1760055262249827,663
psy_insight,psyinsight_000434,3.683333333333333,3.1944444444444446,2.0,,,,,27,26,,53
psy_insight,psyinsight_000438,3.45,3.75,2.0,-0.1386946428571428,0.124114479783161,0.0744897893772894,0.0,61,92,0.0838391327213616,153
psy_insight,psyinsight_000439,3.4,1.7222222222222223,2.0,-0.1369625850340136,0.0814666601705037,0.009573185941043,0.0,44,23,,67
psy_insight,psyinsight_000441,1.9,3.875,2.0,-0.061908201058201,0.1029640021418153,0.089489779064779,0.0,268,37,0.1389639314058957,305
psy_insight,psyinsight_000444,4.6,3.819444444444444,2.0,-0.0159920868347338,0.1088634104163508,0.09422607454967,0.0,98,176,0.0888713454044292,274
psy_insight,psyinsight_000445,3.75,4.041666666666667,2.0,0.0380969474969474,0.1281271493132783,0.111873075998076,1.0,75,108,0.0750481080647747,183
psy_insight,psyinsight_000449,4.1,3.666666666666667,2.0,0.2866398809523809,0.1191756548333435,0.1220762273901809,1.0,52,53,0.1238412427849927,105
psy_insight,psyinsight_000450,3.5,3.791666666666667,2.0,0.1648099999999999,0.1311342280603516,0.18766569664903,1.0,36,45,0.1707366071428571,81
psy_insight,psyinsight_000451,3.75,3.416666666666667,2.0,,,,,4,27,,31
psy_insight,psyinsight_000453,3.866666666666667,3.861111111111111,2.0,0.0400438095238095,0.0728227054114961,0.0173723155929038,1.0,60,41,-0.0163192956349206,101
psy_insight,psyinsight_000456,3.266666666666667,3.625,2.0,-0.1737204081632653,0.1235143472917128,0.1792570802005013,0.0,47,50,0.116894066976384,97
psy_insight,psyinsight_000459,4.316666666666666,4.069444444444445,2.0,-0.0619415784832451,0.1134008104570424,0.0072029721412374,0.0,58,139,0.1208461538461538,197
psy_insight,psyinsight_000462,1.8333333333333333,3.5972222222222223,2.0,,,,,16,15,,31
psy_insight,psyinsight_000463,3.4333333333333336,3.458333333333333,2.0,0.6000886904761904,0.2237169089547056,-0.0024080120937264,1.0,30,11,,41
psy_insight,psyinsight_000467,3.3833333333333333,3.861111111111111,2.0,0.0714339682539682,0.1281045105548801,0.1536518959435626,1.0,162,89,0.1483901537698412,251
psy_insight,psyinsight_000470,3.0500000000000003,3.7222222222222223,2.0,-0.0328867243867243,0.147306651360283,0.0395577633477633,0.0,64,102,0.1106730329407749,166
psy_insight,psyinsight_000471,2.966666666666667,3.8333333333333335,2.0,,,,,21,68,0.1082096516007533,89
psy_insight,psyinsight_000475,2.6166666666666667,4.291666666666666,2.0,-0.0350917768959435,0.0754761892635351,0.1710073412698413,0.0,99,253,0.1660866510538642,352
psy_insight,psyinsight_000481,4.25,4.013888888888889,2.0,0.1118611111111111,0.0826698207055027,0.1020730158730158,1.0,34,100,0.2224958834815978,134
psy_insight,psyinsight_000483,2.5333333333333337,3.208333333333333,2.0,,,,,11,11,,22
psy_insight,psyinsight_000484,4.25,3.9027777777777777,2.0,0.3536071428571429,0.1645547667999233,0.0471151927437641,1.0,30,98,0.1328502987337257,128
psy_insight,psyinsight_000489,3.1666666666666665,3.263888888888889,2.0,0.2193673174603174,0.1702768001115009,0.2130774809398825,1.0,136,195,0.2221751685441202,331
psy_insight,psyinsight_000490,3.1,3.125,2.0,-0.1999797619047618,0.1428121617632018,0.204460817805383,0.0,101,42,0.1097963924963924,143
psy_insight,psyinsight_000496,3.9166666666666665,4.125,2.0,,,,,18,43,0.201431279178338,61
psy_insight,psyinsight_000500,2.833333333333333,4.069444444444445,2.0,-0.0686820408163265,0.1642013227650598,0.1541237430167598,0.0,188,84,0.1377479523809524,272
psy_insight,psyinsight_000502,3.6666666666666665,3.2222222222222223,2.0,,,,,1,31,0.2035373376623376,32
psy_insight,psyinsight_000508,4.916666666666666,4.0,2.0,0.0133714902998235,0.1336290670536705,0.162822885361552,1.0,234,154,0.0910945593869731,388
psy_insight,psyinsight_000509,4.766666666666667,4.5,2.0,0.0194008121077888,0.1028674645223944,0.1643196865443425,1.0,227,257,0.1778782562083973,484
psy_insight,psyinsight_000512,4.366666666666666,4.152777777777778,2.0,,,,,18,192,0.1455464220660942,210
psy_insight,psyinsight_000518,4.333333333333333,4.402777777777778,2.0,0.0749766690009337,0.1005122767382857,0.1440146574530195,1.0,183,250,0.1651780544029506,433
psy_insight,psyinsight_000526,2.95,4.263888888888889,2.0,0.0225037758537758,0.1019904491764669,0.204994872346529,1.0,175,326,0.2300491287366681,501
psy_insight,psyinsight_000528,3.85,4.180555555555555,2.0,-0.0606319444444444,0.1446163341491547,0.2342669047619048,0.0,129,115,0.1952023060796645,244
psy_insight,psyinsight_000534,3.216666666666667,4.180555555555555,2.0,,,,,23,195,0.1539815156169995,218
psy_insight,psyinsight_000535,4.4,3.736111111111111,2.0,-0.0148557407407407,0.1178459773362515,0.2162296534391534,0.0,159,123,0.1962499930381509,282
psy_insight,psyinsight_000539,4.033333333333333,4.388888888888889,2.0,0.0691688075641779,0.1549436343222633,0.2361554726804726,1.0,416,250,0.2390346670618454,666
psy_insight,psyinsight_000540,1.75,3.083333333333333,2.0,,,,,1,3,,4
psy_insight,psyinsight_000541,4.033333333333334,4.361111111111111,2.0,-0.0516519607843136,0.1276882513641007,0.2330893267651888,0.0,96,155,0.1571543895412046,251
psy_insight,psyinsight_000542,3.366666666666667,4.666666666666666,2.0,-0.0672000992063492,0.0535230661970045,0.2704832955404384,0.0,51,384,0.1805725777777778,435
psy_insight,psyinsight_000546,2.0166666666666666,3.7222222222222223,2.0,,,,,17,80,0.1633150346523585,97
psy_insight,psyinsight_000550,5.05,3.583333333333333,2.0,0.0170643772893772,0.0909070151825897,0.2019807058682058,1.0,75,149,0.1518460232426303,224
psy_insight,psyinsight_000551,3.533333333333333,3.541666666666667,2.0,0.1059535714285714,0.1036486065637199,0.1937949074074074,1.0,33,91,0.1894309910956252,124
psy_insight,psyinsight_000553,1.7666666666666666,3.791666666666667,2.0,-0.0274266865079365,0.1532061264031969,0.1982158826945412,0.0,50,118,0.170809738604922,168
psy_insight,psyinsight_000556,4.5,3.9305555555555554,2.0,-0.1292537094547964,0.1259161702790004,0.1239673533471359,0.0,124,202,0.1649713052060202,326
psy_insight,psyinsight_000557,2.3000000000000003,4.125,2.0,0.0799704144620811,0.1411817539496189,0.1883835736331569,1.0,189,281,0.1229438550420168,470
psy_insight,psyinsight_000558,4.333333333333333,3.861111111111111,2.0,-0.2338923015873015,0.1600918852166773,0.2173830026455026,0.0,87,58,0.1714294460641399,145
psy_insight,psyinsight_000559,4.1000000000000005,4.0,2.0,,,,,28,77,0.1456770950046685,105
psy_insight,psyinsight_000566,2.1166666666666667,3.7083333333333335,2.0,0.1240555555555556,0.0964141994002103,0.1624264928193499,1.0,51,81,0.2063966545414462,132
psy_insight,psyinsight_000568,4.033333333333333,4.083333333333333,2.0,0.1716530158730158,0.1326148015195293,0.26481240446796,1.0,36,74,0.1953952014652014,110
psy_insight,psyinsight_000571,4.233333333333333,4.166666666666667,2.0,0.0128632034632034,0.0945724326128587,0.2173800287356322,1.0,67,98,0.1342371410736579,165
psy_insight,psyinsight_000573,3.75,3.5972222222222223,2.0,,,,,20,27,,47
psy_insight,psyinsight_000576,4.083333333333333,3.6527777777777777,2.0,-0.1979619047619047,0.0914474932563071,0.2246240769496204,0.0,55,14,,69
psy_insight,psyinsight_000577,3.8333333333333335,3.555555555555556,2.0,,,,,17,28,,45
psy_insight,psyinsight_000579,4.683333333333333,3.75,2.0,-0.2622707671957672,0.1340343979782358,0.1155817195767196,0.0,99,48,0.1695678673178673,147
psy_insight,psyinsight_000582,3.9,4.25,2.0,-0.2353373015873015,0.0970126031697959,0.199202731092437,0.0,43,49,0.1956185912698412,92
psy_insight,psyinsight_000583,3.45,3.2222222222222223,2.0,0.0173478835978835,0.0931384079158246,0.1746441742654509,1.0,56,15,,71
psy_insight,psyinsight_000584,3.633333333333333,3.7083333333333335,2.0,-0.1514603174603174,0.0956034380242091,0.1009337474120083,0.0,55,35,0.1545250305250305,90
psy_insight,psyinsight_000585,4.183333333333333,4.333333333333334,2.0,0.0425567765567765,0.1120709296035819,0.1415677209192134,1.0,76,103,0.182943439716312,179
psy_insight,psyinsight_000588,3.216666666666667,3.611111111111111,2.0,,,,,26,53,0.1308742243867243,79
psy_insight,psyinsight_000589,4.35,3.763888888888889,2.0,-0.1072115546218487,0.0786771767535658,0.1386526578073089,0.0,95,140,0.099490951775112,235
psy_insight,psyinsight_000591,4.016666666666667,4.069444444444445,2.0,,,,,29,60,0.1432449112978525,89
psy_insight,psyinsight_000594,4.083333333333333,4.180555555555555,2.0,0.3069452380952381,0.1349675405086574,0.1574020184676434,1.0,113,109,0.1855026190476191,222
psy_insight,psyinsight_000596,3.6666666666666665,3.2222222222222223,2.0,,,,,18,15,,33
psy_insight,psyinsight_000598,3.8,3.736111111111111,2.0,0.149631746031746,0.0827332955726514,0.1277164302600472,1.0,56,64,0.2215341774891775,120
psy_insight,psyinsight_000599,4.133333333333333,3.8055555555555554,2.0,-0.0249241071428572,0.1265265747702449,0.1547370985603543,0.0,52,46,0.0860688545688545,98
psy_insight,psyinsight_000601,3.966666666666667,3.638888888888889,2.0,0.03195,0.0449483320300116,0.2190269841269841,1.0,30,85,0.1358648182957393,115
psy_insight,psyinsight_000602,4.783333333333333,4.097222222222222,2.0,0.0588173809523809,0.1174089161885018,0.1685786155202822,1.0,36,185,0.1480097988816738,221
psy_insight,psyinsight_000606,3.016666666666667,4.013888888888888,2.0,,,,,20,149,0.1520966808390022,169
psy_insight,psyinsight_000611,4.333333333333333,3.7222222222222223,2.0,-0.0681595616024186,0.1436177544379454,0.1814804799697657,0.0,114,317,0.1448085330344259,431
psy_insight,psyinsight_000614,1.3333333333333333,3.0,2.0,,,,,6,93,0.0779071523053666,99
psy_insight,psyinsight_000615,1.8,3.763888888888889,2.0,0.2597336309523809,0.0950204620863841,0.1431687996031746,1.0,33,58,0.1491924198250729,91
psy_insight,psyinsight_000619,4.633333333333333,4.319444444444445,2.0,-0.1804678142428141,0.1491713357246497,0.1669483145587984,0.0,195,428,0.1655237053453044,623
psy_insight,psyinsight_000620,2.583333333333333,3.25,2.0,,,,,28,24,,52
psy_insight,psyinsight_000622,4.233333333333333,3.8194444444444446,2.0,,,,,27,60,0.0604693277310924,87
psy_insight,psyinsight_000623,3.4500000000000006,3.5138888888888893,2.0,,,,,8,11,,19
psy_insight,psyinsight_000625,3.1666666666666665,3.7222222222222223,2.0,,,,,8,39,0.0811492857142856,47
psy_insight,psyinsight_000627,3.583333333333333,3.7222222222222223,2.0,,,,,15,9,,24
psy_insight,psyinsight_000628,4.066666666666666,4.041666666666666,2.0,,,,,17,59,0.0953029126984127,76
psy_insight,psyinsight_000629,3.3000000000000003,3.611111111111111,2.0,-0.1182068027210884,0.1022050692499609,0.0787276730599647,0.0,81,60,0.1249127139744786,141
psy_insight,psyinsight_000631,4.066666666666666,3.7222222222222223,2.0,,,,,26,65,0.2275965136054421,91
psy_insight,psyinsight_000632,4.8500000000000005,4.083333333333333,2.0,-0.152341899288451,0.1225718675520379,0.2048546830832789,0.0,155,83,0.1743805609180609,238
psy_insight,psyinsight_000633,4.0,3.7916666666666665,2.0,-0.0897785714285714,0.0863592945361284,0.0944355555555555,0.0,49,45,0.0706710317460317,94
psy_insight,psyinsight_000634,4.833333333333333,4.125,2.0,0.0075289795918367,0.1253833580345718,0.1822138664693749,1.0,186,276,0.1729791228226621,462
psy_insight,psyinsight_000637,4.55,3.958333333333333,2.0,0.0631924001924002,0.0878204696047588,0.0827716747944157,1.0,175,166,0.0670749064806389,341
psy_insight,psyinsight_000639,3.45,3.875,2.0,,,,,23,38,0.1816756431308155,61
psy_insight,psyinsight_000642,2.566666666666667,3.2777777777777777,2.0,0.1717276785714286,0.1082630881307761,0.0924374568668047,1.0,32,35,-0.0130248015873015,67
psy_insight,psyinsight_000650,4.516666666666667,3.4861111111111107,2.0,0.0032878787878787,0.1332023934849661,0.0927543785310734,1.0,68,67,0.0956267515051997,135
psy_insight,psyinsight_000654,3.4166666666666665,3.1666666666666665,2.0,-0.0597829365079365,0.0924416858165524,0.1450041286727457,0.0,103,5,,108
psy_insight,psyinsight_000655,1.9666666666666668,3.8194444444444446,2.0,-0.062294187044187,0.1429558937076692,0.0617794196691022,0.0,198,120,0.1185389425139425,318
psy_insight,psyinsight_000657,3.716666666666667,3.2222222222222223,2.0,0.1857261904761904,0.0841751064566915,0.1569207039337474,1.0,32,153,0.1903137290564374,185
psy_insight,psyinsight_000658,3.466666666666667,3.861111111111111,2.0,-0.3372678571428572,0.1733128501265098,0.086152358058608,0.0,61,30,0.1887226757369614,91
psy_insight,psyinsight_000659,3.0666666666666664,3.291666666666667,2.0,0.0707777777777777,0.0958460512772207,0.2076027281746031,1.0,41,34,0.1408415873015873,75
psy_insight,psyinsight_000661,4.8,3.888888888888889,2.0,0.0372820586820586,0.1351765156356914,0.051284944540065,1.0,175,250,0.1216207682934861,425
psy_insight,psyinsight_000665,3.733333333333333,4.569444444444445,2.0,0.096655291005291,0.1109136225743501,0.1468282106782106,1.0,86,130,0.1545345664436573,216
psy_insight,psyinsight_000667,1.9666666666666668,2.6527777777777777,2.0,,,,,18,120,0.0953944194194194,138
psy_insight,psyinsight_000669,3.483333333333333,2.9722222222222223,2.0,,,,,29,40,0.0033596134152585,69
psy_insight,psyinsight_000671,3.2000000000000006,3.0972222222222223,2.0,-0.2429730158730159,0.1114402214323215,0.104663492063492,0.0,39,2,,41
psy_insight,psyinsight_000676,2.533333333333333,3.986111111111111,2.0,-0.07553125,0.0910611604569558,0.2306801948051948,0.0,53,52,0.2680719453672942,105
psy_insight,psyinsight_000678,1.0666666666666669,1.0,2.0,-0.1216769841269841,0.143520883573901,0.1321057539682539,0.0,57,75,0.1344965127465127,132
psy_insight,psyinsight_000680,1.65,1.888888888888889,2.0,,,,,19,18,,37
psy_insight,psyinsight_000681,1.1666666666666667,1.1527777777777777,2.0,,,,,27,9,,36
psy_insight,psyinsight_000682,2.2,2.555555555555556,2.0,-0.1364684098639456,0.1402389560076664,0.1869353990768884,0.0,150,136,0.1685043932008498,286
psy_insight,psyinsight_000684,4.316666666666666,2.2916666666666665,2.0,0.2319338675213675,0.1543123822285898,0.1494474087893863,1.0,143,135,0.1407222505668934,278
psy_insight,psyinsight_000691,2.5500000000000003,2.458333333333333,2.0,-0.0127316666666665,0.0237933279680756,0.2992701105442176,0.0,37,103,0.0863063914218169,140
psy_insight,psyinsight_000694,1.9666666666666668,3.0416666666666665,2.0,-0.0588948412698412,0.0892839592449347,0.0392386621315192,0.0,37,34,0.1349675396825397,71
psy_insight,psyinsight_000696,3.516666666666667,3.5694444444444446,2.0,,,,,27,16,,43
psy_insight,psyinsight_000698,2.9,2.875,2.0,0.2234318783068782,0.128751145203244,0.0891362973760932,1.0,58,100,0.2069272893772893,158
psy_insight,psyinsight_000699,3.8666666666666663,2.7777777777777777,2.0,-0.0613205882352941,0.0983265000198488,0.0699073232323232,0.0,97,91,0.114833996322106,188
psy_insight,psyinsight_000705,3.65,2.625,2.0,,,,,19,34,-0.0046810476190476,53
psy_insight,psyinsight_000706,3.4333333333333336,2.7777777777777777,2.0,,,,,20,45,0.0448295304232804,65
psy_insight,psyinsight_000707,1.6666666666666667,3.041666666666667,2.0,,,,,10,7,,17
psy_insight,psyinsight_000708,2.25,3.611111111111111,2.0,0.0247499999999999,0.1095380634110955,0.1559678287981859,1.0,65,171,0.1622253282382912,236
psy_insight,psyinsight_000709,3.333333333333333,4.472222222222222,2.0,-0.0077266548463357,0.1083846842459871,0.1791925403494731,0.0,247,115,0.1371181978137167,362
psy_insight,psyinsight_000712,2.783333333333333,4.402777777777778,2.0,-0.1566900510204081,0.1671636189064631,0.2508685681216931,0.0,81,96,0.1322285395000912,177
psy_insight,psyinsight_000716,4.1000000000000005,4.166666666666666,2.0,-0.0075522875816993,0.1554292346234809,0.1393435876623376,0.0,97,237,0.1216421661793372,334
psy_insight,psyinsight_000717,2.266666666666667,4.041666666666667,2.0,-0.1818313672438672,0.1515706466578624,0.0508546986936367,0.0,122,74,0.1268451587301587,196
psy_insight,psyinsight_000718,4.25,3.861111111111111,2.0,0.0994125633232016,0.1300590881756916,0.1273415056120077,1.0,248,2,,250
psy_insight,psyinsight_000721,3.983333333333333,3.291666666666667,2.0,0.163589947089947,0.1943658292604412,0.1598491005291005,1.0,54,33,0.1690986111111111,87
psy_insight,psyinsight_000723,1.6666666666666667,2.833333333333333,2.0,,,,,10,49,-0.0449248015873015,59
psy_insight,psyinsight_000724,3.6666666666666665,3.5972222222222223,2.0,-0.0257438672438672,0.0792797892794775,0.0014481772935162,0.0,68,557,0.1060067453076121,625
psy_insight,psyinsight_000727,2.4833333333333334,3.25,2.0,-0.1300899470899471,0.1166133679118834,0.138914810547875,0.0,71,42,0.0360237373737373,113
psy_insight,psyinsight_000731,2.966666666666667,3.0,2.0,,,,,12,13,,25
psy_insight,psyinsight_000732,3.3000000000000003,3.0972222222222223,2.0,,,,,9,4,,13
psy_insight,psyinsight_000736,1.7333333333333332,3.1388888888888893,2.0,,,,,25,6,,31
psy_insight,psyinsight_000739,2.5500000000000003,3.1388888888888893,2.0,-0.0965248473748473,0.1030242842182217,0.1028080206830207,0.0,207,177,0.2104716340702947,384
psy_insight,psyinsight_000740,2.4666666666666663,3.333333333333333,2.0,,,,,26,112,0.2427245723532131,138
psy_insight,psyinsight_000742,2.6333333333333333,3.4861111111111107,2.0,0.0794324873539159,0.1062731735487049,0.1421047011218783,1.0,466,90,0.0488962766999804,556
psy_insight,psyinsight_000744,2.8666666666666667,4.222222222222222,2.0,-0.1285231398809523,0.1620097024733069,0.1474773660714285,0.0,89,77,0.091584885620915,166
psy_insight,psyinsight_000753,2.0,3.888888888888889,2.0,-0.0157794784580499,0.0645111643030039,0.164259977324263,0.0,44,12,,56
psy_insight,psyinsight_000756,4.3,4.083333333333334,2.0,0.073284552154195,0.1326425239935052,0.1398277130473939,1.0,150,146,0.1249854304252114,296
psy_insight,psyinsight_000760,2.9000000000000004,3.611111111111111,2.0,0.0195835537918871,0.1077097755538078,0.123340450310559,1.0,147,18,,165
psy_insight,psyinsight_000761,4.15,4.402777777777779,2.0,0.0815605508870215,0.1463294406357334,0.1312991463639719,1.0,95,73,0.2035390873015873,168
psy_insight,psyinsight_000762,3.25,4.291666666666667,2.0,0.100317418546366,0.1704016402565507,0.1996503845524463,1.0,106,88,0.1640433494072734,194
psy_insight,psyinsight_000764,3.016666666666667,3.638888888888889,2.0,,,,,5,63,0.1680727586713697,68
psy_insight,psyinsight_000769,3.766666666666666,4.388888888888889,2.0,,,,,27,110,0.1022991238409555,137
psy_insight,psyinsight_000770,1.7,4.027777777777778,2.0,,,,,4,123,0.1127960630743525,127
psy_insight,psyinsight_000771,4.483333333333333,3.9305555555555554,2.0,-0.0250242857142856,0.0916330437313937,0.2496209706959707,0.0,35,101,0.2384046583850931,136
psy_insight,psyinsight_000772,2.2333333333333334,2.1666666666666665,2.0,-0.079163029100529,0.0905338297455597,0.118977802579365,0.0,41,63,0.1168039021164021,104
psy_insight,psyinsight_000777,3.0,3.7222222222222223,2.0,0.1564161111111111,0.1041104751845099,0.0918579365079365,1.0,35,54,0.1133080423280422,89
psy_insight,psyinsight_000780,3.583333333333333,3.875,2.0,,,,,18,37,0.1334917091836734,55
psy_insight,psyinsight_000781,3.5333333333333337,4.458333333333334,2.0,0.0484714635854341,0.1296064294480712,0.1394645879475821,1.0,181,212,0.1714611873485026,393
psy_insight,psyinsight_000782,2.6,3.7222222222222223,2.0,0.0501230952380952,0.1053481249744876,0.1480402804232804,1.0,84,67,0.1313612616310892,151
psy_insight,psyinsight_000787,4.1000000000000005,3.513888888888889,2.0,0.0669002976190475,0.0848571886104241,0.1509843795093795,1.0,31,74,0.1189368864468864,105
psy_insight,psyinsight_000788,4.566666666666666,3.0694444444444446,2.0,,,,,23,81,0.1716248511904761,104
psy_insight,psyinsight_000791,3.75,3.5972222222222223,2.0,,,,,15,72,0.1053442302847064,87
psy_insight,psyinsight_000792,2.733333333333333,3.125,2.0,-0.0175978174603174,0.130487964797984,0.1223547916666666,0.0,89,8,,97
psy_insight,psyinsight_000793,1.8333333333333333,3.125,2.0,0.1129411075036075,0.1293664762435552,0.184476158008658,1.0,119,10,,129
psy_insight,psyinsight_000801,3.45,3.263888888888889,2.0,,,,,23,34,0.215392619047619,57
psy_insight,psyinsight_000806,3.6166666666666663,4.347222222222222,2.0,-0.0731010737628384,0.1120445829997047,0.1981969074986316,0.0,96,77,0.2525300711951447,173
psy_insight,psyinsight_000807,3.4166666666666665,3.486111111111111,2.0,-0.0758117559523809,0.0813298014831132,0.1114632305194805,0.0,53,58,0.1431991901522513,111
psy_insight,psyinsight_000808,3.7,3.513888888888889,2.0,0.0405907029478458,0.0544482556072817,0.1385795217209691,1.0,47,33,0.1359953373015873,80
psy_insight,psyinsight_000809,4.483333333333333,4.111111111111112,2.0,-0.1923339781746031,0.1128298343101903,0.1769930483840122,0.0,92,67,0.1355177134646962,159
psy_insight,psyinsight_000813,4.033333333333333,3.7777777777777777,2.0,0.0196679232804232,0.1155495467558761,0.2298979541446208,1.0,189,203,0.1029385636557028,392
psy_insight,psyinsight_000816,3.983333333333333,4.25,2.0,0.1043051785714285,0.1377410806671636,0.1538120113717128,1.0,210,291,0.1484434861533266,501
psy_insight,psyinsight_000817,4.283333333333333,3.791666666666667,2.0,0.0627738095238095,0.0362799030387826,0.1710396825396825,1.0,30,74,0.1518967948717948,104
psy_insight,psyinsight_000820,3.333333333333333,3.5972222222222223,2.0,,,,,15,13,,28
psy_insight,psyinsight_000824,3.6,3.291666666666667,2.0,0.1947000992063492,0.1282571130494923,-0.0402085678210678,1.0,53,8,,61
psy_insight,psyinsight_000832,3.983333333333333,3.986111111111112,2.0,0.0214395363408521,0.0965825523491917,0.1688521137026239,1.0,107,83,0.0636866902616902,190
psy_insight,psyinsight_000834,3.983333333333333,3.7777777777777777,2.0,0.1609623917748918,0.1094210118312174,0.1715480017006802,1.0,121,48,0.1062832214082214,169
psy_insight,psyinsight_000835,3.7,3.7777777777777777,2.0,-0.0446218671679198,0.1018585891040356,0.1484833128784159,0.0,106,61,0.1576222145909646,167
psy_insight,psyinsight_000837,2.4333333333333336,1.9166666666666667,2.0,-0.0581214285714285,0.0750908607815239,0.2183649267399267,0.0,35,50,-0.0508753774680603,85
psy_insight,psyinsight_000839,3.483333333333333,4.0,2.0,-0.1086337301587301,0.1201671355367195,0.1815545560047918,0.0,115,102,0.2097905359276327,217
psy_insight,psyinsight_000840,2.1333333333333333,3.5416666666666665,2.0,-0.18275,0.0953677036319825,0.2306093055555555,0.0,49,42,0.2219058201058201,91
psy_insight,psyinsight_000844,1.7166666666666668,2.986111111111111,2.0,0.0495952380952381,0.0473695345445425,0.1363100907029479,1.0,30,75,0.1330671476671476,105
psy_insight,psyinsight_000846,3.7000000000000006,3.8333333333333335,2.0,-0.122634693877551,0.1344193863546152,0.2534961224489796,0.0,44,50,0.0787454703832752,94
psy_insight,psyinsight_000847,2.9,3.763888888888889,2.0,0.0534545177045177,0.1285952329114615,0.2301691137566137,1.0,75,31,0.1416920995670995,106
psy_insight,psyinsight_000853,2.1166666666666667,2.9722222222222223,2.0,-0.0172484126984126,0.0839472773177068,0.2180721362433862,0.0,129,169,0.1349020560515873,298
psy_insight,psyinsight_000854,3.6,3.6527777777777777,2.0,-0.1633615646258503,0.0689034513510453,0.1959554761904762,0.0,44,136,0.2410021059867516,180
psy_insight,psyinsight_000855,2.733333333333333,3.416666666666667,2.0,-0.2244450113378684,0.1565365921721268,0.0991018445032334,0.0,117,53,0.1762635461760461,170
psy_insight,psyinsight_000856,4.0,3.555555555555556,2.0,0.1542221861471861,0.124833853699592,0.0402864069264069,1.0,64,65,0.0902694869614512,129
psy_insight,psyinsight_000857,2.5333333333333337,3.5277777777777777,2.0,-0.0979272698412698,0.1098887361932781,0.2126432322668651,0.0,137,41,0.1181409350198412,178
psy_insight,psyinsight_000859,3.65,4.097222222222222,2.0,-0.0029897500844309,0.1295831694891121,0.0522169000933706,0.0,247,123,0.0815945836814257,370
psy_insight,psyinsight_000860,3.7166666666666655,3.708333333333333,2.0,,,,,23,48,0.2308531135531135,71
psy_insight,psyinsight_000866,3.1166666666666667,3.2361111111111107,2.0,-0.1441980654761905,0.0869677459578846,0.2002473072562358,0.0,51,21,,72
psy_insight,psyinsight_000873,4.333333333333333,3.875,2.0,0.0745859195402298,0.1050028535283932,0.1875552226483434,1.0,158,53,0.1981377615440115,211
psy_insight,psyinsight_000875,4.7,3.9583333333333335,2.0,-0.0847643298059965,0.1335702105589948,0.1868326574219431,0.0,100,64,0.1318752741702741,164
psy_insight,psyinsight_000880,3.133333333333333,3.75,2.0,0.1001700680272109,0.1255302737710022,0.3014954875283447,1.0,44,212,0.1977094612557667,256
psy_insight,psyinsight_000881,4.666666666666667,4.180555555555555,2.0,0.0124058499743983,0.1653541567131365,0.2876227342549923,1.0,164,454,0.1980944444444444,618
psy_insight,psyinsight_000882,3.216666666666667,3.0,2.0,,,,,4,13,,17
psy_insight,psyinsight_000884,2.3,3.4027777777777777,2.0,,,,,23,95,0.2000137273901809,118
psy_insight,psyinsight_000888,3.0,3.041666666666667,2.0,,,,,19,1,,20
psy_insight,psyinsight_000893,3.4,3.055555555555556,2.0,,,,,24,2,,26
psy_insight,psyinsight_000894,4.166666666666667,3.958333333333333,2.0,-0.0375270181405895,0.1558803846928874,0.2669399717514124,0.0,186,145,0.1539616859243697,331
psy_insight,psyinsight_000895,2.3166666666666664,3.291666666666667,2.0,-0.2170932539682539,0.1365208734372149,0.1633844866071428,0.0,41,37,0.0735697137188208,78
psy_insight,psyinsight_000900,3.85,3.1944444444444446,2.0,-0.0424777316352897,0.0897755945613615,0.2182506264697237,0.0,225,189,0.0759877425044091,414
psy_insight,psyinsight_000903,4.233333333333333,3.736111111111111,2.0,-0.409934632034632,0.2355575075002653,0.019632259168035,0.0,67,104,0.0661972514619883,171
psy_insight,psyinsight_000906,1.8666666666666665,3.263888888888889,2.0,,,,,16,20,,36
psy_insight,psyinsight_000907,3.5,3.1388888888888893,2.0,,,,,2,39,0.1677455026455026,41
psy_insight,psyinsight_000909,3.9666666666666655,3.861111111111111,2.0,0.2630162058371736,0.1462712902242231,0.1714471312304114,1.0,166,247,0.1189085450847005,413
psy_insight,psyinsight_000910,3.35,3.0416666666666665,2.0,,,,,13,16,,29
psy_insight,psyinsight_000915,2.516666666666667,4.5,2.0,-0.0214309371184371,0.1177162143213944,0.2304924512987013,0.0,141,402,0.213442930853427,543
psy_insight,psyinsight_000916,1.4333333333333331,2.7777777777777777,2.0,,,,,11,108,0.2544967532467532,119
psy_insight,psyinsight_000923,2.033333333333333,3.4027777777777777,2.0,0.2104230030721965,0.1337019757240192,0.1494276856118791,1.0,164,77,0.1695642156862745,241
psy_insight,psyinsight_000925,3.6666666666666665,3.6944444444444446,2.0,-0.1734321428571428,0.0999699755514713,0.2157112006205991,0.0,142,22,,164
psy_insight,psyinsight_000930,2.2,3.25,2.0,,,,,17,27,,44
psy_insight,psyinsight_000932,3.033333333333333,3.708333333333333,2.0,0.0721693121693121,0.098421129600506,0.2185804713804713,1.0,42,19,,61
psy_insight,psyinsight_000933,3.583333333333333,3.111111111111111,2.0,0.0915277777777777,0.1495037211142235,0.0996638708513708,1.0,31,2,,33
psy_insight,psyinsight_000934,2.6333333333333333,3.9027777777777777,2.0,0.0847097718253968,0.1023491233634726,0.1067814186507936,1.0,129,69,0.2469651124338624,198
psy_insight,psyinsight_000945,3.466666666666667,3.2222222222222223,2.0,,,,,7,39,0.0893515608465608,46
psy_insight,psyinsight_000947,4.416666666666667,4.083333333333333,2.0,0.1067261574074074,0.1438068726629148,0.169324110343062,1.0,71,65,0.2644746031746031,136
psy_insight,psyinsight_000950,3.9,4.333333333333333,2.0,0.1052702741702741,0.1642922516397,0.0639422052154195,1.0,65,236,0.0510491416684148,301
psydial,psydial_10,2.5166666666666666,4.319444444444445,2.0,-0.057386515353805,0.1372745413386224,0.1067974132314617,0.0,1081,1149,0.0933569628933444,2230
psydial,psydial_1055,2.5666666666666664,4.444444444444445,2.0,0.0822841621863799,0.1224287481533434,0.1897655137710515,1.0,632,779,0.1788944207379921,1411
psydial,psydial_106,2.983333333333333,4.222222222222222,2.0,0.1608174123788217,0.157060776967329,0.138600377752347,1.0,758,744,0.1461734699276536,1502
psydial,psydial_1070,2.95,4.097222222222222,2.0,0.025687533068783,0.1394418432389448,0.1126526527575315,1.0,793,418,0.1154020306981798,1211
psydial,psydial_1074,2.783333333333333,4.430555555555555,2.0,0.0106572401433691,0.1382086317681403,0.1824709171302239,1.0,788,544,0.2066767645749888,1332
psydial,psydial_1076,2.3000000000000003,4.611111111111111,2.0,-0.0108147499251272,0.1369381078983123,0.2042834748427673,0.0,539,667,0.1535491436290828,1206
psydial,psydial_108,3.3666666666666667,4.388888888888889,2.0,-0.0792199703955656,0.1541764480217625,0.1459690708509142,0.0,641,440,0.1432235047692704,1081
psydial,psydial_1089,2.6500000000000004,4.555555555555555,2.0,0.0409630466472303,0.1234991819587151,0.1784223319137953,1.0,501,727,0.1506080890480612,1228
psydial,psydial_1099,1.8166666666666669,4.097222222222221,2.0,0.1357619257579574,0.1411047358380627,0.1922515601217656,1.0,958,884,0.1968738965986394,1842
psydial,psydial_1106,2.6666666666666665,4.166666666666666,2.0,-0.0173955486542442,0.1528353745842927,0.1363253286210317,0.0,585,493,0.178747221402335,1078
psydial,psydial_1134,1.8666666666666665,4.111111111111111,2.0,0.0931358234651885,0.1417160427447209,0.2111123116547535,1.0,955,1186,0.1755132810076735,2141
psydial,psydial_114,1.95,4.347222222222222,2.0,0.0539100288600289,0.1498777306329435,0.1500166792145053,1.0,1274,923,0.1747598685353061,2197
psydial,psydial_1171,2.5,4.111111111111111,2.0,0.0064812816616007,0.1281831873141608,0.1530038804457953,1.0,714,567,0.2034927447801103,1281
psydial,psydial_1175,3.0,4.5,2.0,0.0108420417906745,0.1287351685718004,0.1641404509267475,1.0,653,362,0.1835467186024551,1015
psydial,psydial_1180,2.45,4.041666666666666,2.0,0.0849997308488613,0.131534326583424,0.1498284226190476,1.0,585,354,0.1632583195307108,939
psydial,psydial_119,1.9333333333333336,3.9305555555555554,2.0,0.100026691017316,0.1463895779902962,0.1681764411976912,1.0,449,431,0.1281736233355901,880
psydial,psydial_1195,2.2,4.375,2.0,0.1078091118050134,0.1410310042263638,0.1222795786546059,1.0,925,936,0.1775724088628619,1861
psydial,psydial_1204,2.3666666666666667,4.333333333333333,2.0,0.13135106005106,0.1315412552021436,0.1619908901490029,1.0,727,743,0.1863547191946714,1470
psydial,psydial_1218,2.6333333333333333,4.277777777777779,2.0,0.0450448047801495,0.1388019226126545,0.2271949856942394,1.0,880,639,0.1957847159234063,1519
psydial,psydial_1226,2.083333333333333,4.111111111111111,2.0,0.0510192817460317,0.1559721758291465,0.2240951584145918,1.0,512,409,0.2183230029761905,921
psydial,psydial_1235,2.8666666666666667,4.597222222222222,2.0,0.1011836503623188,0.1496914770907279,0.1673805999827467,1.0,929,566,0.1970447928243709,1495
psydial,psydial_1240,2.4,4.583333333333334,2.0,0.0277737673083417,0.1271216963889477,0.1514473735539413,1.0,953,934,0.1994678146718146,1887
psydial,psydial_125,2.6166666666666667,4.166666666666667,2.0,0.0030639804639804,0.1231778145850707,0.152212003359626,1.0,661,575,0.1170557946323405,1236
psydial,psydial_126,2.4166666666666665,4.013888888888888,2.0,0.0205055467372133,0.1239956598497667,0.1831803989371062,1.0,460,435,0.1785114352783366,895
psydial,psydial_1267,3.2833333333333337,4.347222222222222,2.0,0.0307993072960177,0.1392028116531318,0.1436536438318017,1.0,579,450,0.1653519058417017,1029
psydial,psydial_1277,2.566666666666667,4.388888888888889,2.0,0.1076890992541594,0.1379721257527622,0.2242512569302043,1.0,427,724,0.2069335742035742,1151
psydial,psydial_1293,3.1,4.513888888888889,2.0,-0.0061064651618223,0.1391832341447484,0.16983497577819,0.0,779,865,0.17829467623498,1644
psydial,psydial_1299,2.7166666666666663,4.138888888888889,2.0,0.0027254910714285,0.1357456426912728,0.150365919158361,1.0,1213,712,0.1753480559506875,1925
psydial,psydial_130,2.783333333333333,4.027777777777778,2.0,0.1002219406041986,0.1199046069164182,0.1731015113500597,1.0,474,329,0.1416211954365079,803
psydial,psydial_1303,2.733333333333333,4.611111111111111,2.0,-0.0120716409266409,0.1564123044308725,0.1515986516516516,0.0,934,962,0.1784184704941787,1896
psydial,psydial_1340,2.866666666666667,4.388888888888889,2.0,0.0612900833937635,0.1323371170537953,0.1888083498174683,1.0,996,897,0.1831735266516516,1893
psydial,psydial_1341,2.7,4.444444444444445,2.0,-0.0007113819601914,0.132281718865354,0.166640994801304,0.0,1270,775,0.1411922406647602,2045
psydial,psydial_1342,3.466666666666667,4.375,2.0,0.1590565999083147,0.1614866722845362,0.1596380306253145,1.0,1397,1055,0.1585099843697836,2452
psydial,psydial_1347,2.6333333333333333,4.597222222222222,2.0,0.1398878555176337,0.1625636400418001,0.1663317808789047,1.0,1478,1052,0.1942278858299471,2530
psydial,psydial_1355,1.7166666666666668,4.013888888888889,2.0,0.0483342845026051,0.1167677600984286,0.2165549395428379,1.0,668,808,0.2015782148320321,1476
psydial,psydial_1378,1.8833333333333333,4.375,2.0,0.1089046913039244,0.14790047964744,0.1411335239841658,1.0,827,590,0.1580644482692675,1417
psydial,psydial_1383,2.4666666666666663,4.236111111111111,2.0,-0.0272634296695617,0.1213566829107922,0.1818176440789081,0.0,808,724,0.1812113392163392,1532
psydial,psydial_1384,2.4,4.027777777777778,2.0,-0.0434994584758397,0.1581909341848657,0.1961838589298854,0.0,915,628,0.1666144979100956,1543
psydial,psydial_1402,2.6666666666666665,4.402777777777778,2.0,0.1662251121914734,0.1451967795213467,0.1500592254633092,1.0,964,809,0.1853253988095238,1773
psydial,psydial_1411,2.0666666666666664,4.166666666666667,2.0,0.0545301621808143,0.1443278314086381,0.1007192574189096,1.0,584,237,0.1152061351294903,821
psydial,psydial_1417,2.45,4.041666666666666,2.0,0.0872773322194374,0.1211806323470165,0.1673191022343897,1.0,583,439,0.1666711046511628,1022
psydial,psydial_144,2.716666666666667,4.166666666666666,2.0,-0.0593140687003968,0.1296436027260595,0.1575735848005348,0.0,650,579,0.1514611542745753,1229
psydial,psydial_1456,2.1,4.305555555555555,2.0,-0.1601176643990929,0.1509124303016273,0.1615464319630986,0.0,360,250,0.2624268474609761,610
psydial,psydial_1458,2.033333333333333,4.291666666666666,2.0,0.0262321365832235,0.1398921996914693,0.1558825431250313,1.0,1277,1203,0.1637648905905187,2480
psydial,psydial_1459,2.216666666666667,4.791666666666666,2.0,0.0792266791044776,0.1607525484184599,0.1734416489512471,1.0,1353,1166,0.1801861615288581,2519
psydial,psydial_1473,3.1,4.763888888888889,2.0,0.0760095668387837,0.1258534758187588,0.1910560304137642,1.0,843,962,0.2015089566781591,1805
psydial,psydial_1496,3.0,4.569444444444445,2.0,0.0089480346206724,0.1390508209219944,0.1480230842911877,1.0,647,776,0.1553947052006374,1423
psydial,psydial_150,2.3666666666666667,4.083333333333333,2.0,0.0477695142563197,0.1260448235041737,0.1893588181791509,1.0,550,416,0.165904874029874,966
psydial,psydial_1500,2.6,4.666666666666666,2.0,0.1189492670401493,0.1310345219756702,0.1730901259773029,1.0,1286,1186,0.1974229693463338,2472
psydial,psydial_1521,2.3666666666666667,4.583333333333334,2.0,0.0178685190673779,0.1247073342537164,0.1600389391490591,1.0,1217,1013,0.1849565824005565,2230
psydial,psydial_1534,2.75,4.555555555555555,2.0,0.0926750706675363,0.1330276464428632,0.2042698651227339,1.0,1107,977,0.1869174295716909,2084
psydial,psydial_1536,2.333333333333333,4.694444444444445,2.0,-0.019050268528464,0.1573994000536438,0.2020066871326241,0.0,676,911,0.1883636073276317,1587
psydial,psydial_1558,2.8000000000000003,4.472222222222222,2.0,0.0446646117878675,0.1410947049720527,0.1732321164430684,1.0,655,374,0.1939303848662752,1029
psydial,psydial_1565,2.8000000000000003,4.944444444444445,2.0,0.108734074829932,0.1248857939147103,0.1567871393318147,1.0,887,765,0.1964008587385571,1652
psydial,psydial_1575,2.1,4.347222222222222,2.0,0.0334793103448276,0.1698616225480003,0.1189793466064586,1.0,589,731,0.1380778904498087,1320
psydial,psydial_1580,3.1,4.708333333333334,2.0,0.1396002368151562,0.1414468374732461,0.165724823301996,1.0,941,724,0.1799913891663891,1665
psydial,psydial_1597,2.2333333333333334,4.680555555555555,2.0,0.1446090271538385,0.1382159272712731,0.1567077448337825,1.0,804,609,0.1789162916666666,1413
psydial,psydial_1617,2.6833333333333336,4.583333333333334,2.0,0.0363454572940287,0.1275553582759317,0.2124226588804713,1.0,537,1389,0.1497630170232344,1926
psydial,psydial_1627,2.4,4.055555555555555,2.0,0.0956661686374773,0.156340562438265,0.122120765420262,1.0,754,769,0.1661331605054302,1523
psydial,psydial_1657,2.45,4.569444444444445,2.0,0.1581590327106902,0.1583633055482569,0.1850556873941362,1.0,918,1315,0.1681144500960159,2233
psydial,psydial_1667,2.0166666666666666,4.208333333333334,2.0,0.0957058865757358,0.1269964695873191,0.155798593615803,1.0,1007,774,0.1630467968668949,1781
psydial,psydial_1670,2.9333333333333336,4.513888888888889,2.0,0.0819047969981643,0.1248312311689814,0.1866597869220152,1.0,745,947,0.1758655692625308,1692
psydial,psydial_1673,2.583333333333333,4.472222222222222,2.0,0.0279333333333333,0.1466057417841968,0.1613300541791132,1.0,1364,1563,0.1608727610263324,2927
psydial,psydial_1709,2.333333333333333,4.527777777777778,2.0,0.0615360821759259,0.1342946533415394,0.1632443368168523,1.0,492,491,0.1542972041098597,983
psydial,psydial_1710,2.083333333333333,3.958333333333333,2.0,0.0328203095731045,0.134129494999959,0.1837968303080308,1.0,817,772,0.1849910462044145,1589
psydial,psydial_1725,2.5666666666666664,4.583333333333334,2.0,0.1044039007936507,0.1713052095832405,0.1979109208252065,1.0,1010,617,0.2168158697525062,1627
psydial,psydial_1728,2.483333333333334,4.611111111111111,2.0,0.0605072743764171,0.151939510736753,0.1581536572042544,1.0,888,755,0.16300031863058,1643
psydial,psydial_1740,2.466666666666667,4.472222222222222,2.0,0.0739140499764262,0.144818520572226,0.1264416498387652,1.0,1023,931,0.1736112785352753,1954
psydial,psydial_1745,2.3166666666666664,3.138888888888889,2.0,0.0044037357057518,0.1487910189317836,0.0919721285509912,1.0,941,779,0.141421216759431,1720
psydial,psydial_1746,2.2333333333333334,4.597222222222221,2.0,0.0871143220251062,0.1392692395296621,0.1771918583622685,1.0,777,610,0.2155038428016797,1387
psydial,psydial_1764,1.9833333333333332,4.125,2.0,0.0576063735399819,0.1507940619658537,0.1734637639485619,1.0,1073,612,0.1458293065097791,1685
psydial,psydial_1783,2.8000000000000003,4.222222222222222,2.0,0.0293298783068783,0.1299780370088853,0.1575865113733701,1.0,1510,874,0.1491039609138453,2384
psydial,psydial_1791,3.0,4.222222222222222,2.0,0.1983417714884696,0.1463675974351145,0.1944476779746986,1.0,541,304,0.2347859792843691,845
psydial,psydial_1817,2.6666666666666665,4.0,2.0,0.1278175441538117,0.1426683025340966,0.1860381940258522,1.0,720,638,0.1692415808665808,1358
psydial,psydial_1829,2.8833333333333333,4.513888888888889,2.0,0.1840662237583205,0.1608903938598276,0.1482469226830517,1.0,784,550,0.1906834074171874,1334
psydial,psydial_1841,2.5333333333333337,4.444444444444445,2.0,0.0802717579624442,0.1281496290843029,0.1714730473507131,1.0,778,712,0.1782819543227438,1490
psydial,psydial_1843,2.95,4.166666666666667,2.0,-0.0258744897959183,0.1631678924713019,0.0857277194870415,0.0,363,332,0.124975251855128,695
psydial,psydial_1848,2.4,4.277777777777778,2.0,0.1015023368606701,0.1530911932284654,0.1396068154448291,1.0,958,557,0.191323070907195,1515
psydial,psydial_1874,2.4166666666666665,4.194444444444445,2.0,-0.0008075661375661,0.1354227911066161,0.1567139656084656,0.0,909,776,0.1518629255396204,1685
psydial,psydial_1884,2.45,4.513888888888889,2.0,0.1851955306267806,0.1290226371524566,0.160857029478458,1.0,793,444,0.1784733634373289,1237
psydial,psydial_1897,3.0500000000000003,4.291666666666666,2.0,-0.1282866697191696,0.1604320004259084,0.1929285113586719,0.0,663,534,0.2085407505668934,1197
psydial,psydial_1917,2.1333333333333333,4.277777777777778,2.0,0.0012969012130597,0.1409489821742361,0.1312738075927857,1.0,1242,844,0.1684349044767608,2086
psydial,psydial_1952,1.7166666666666668,4.375,2.0,0.0563355291005291,0.1324595081485307,0.2021175177080029,1.0,1060,927,0.1973824368018812,1987
psydial,psydial_1956,2.533333333333333,4.305555555555555,2.0,0.0319905615079365,0.1331023800731349,0.1557247015904635,1.0,1013,932,0.1466569003766187,1945
psydial,psydial_1959,1.7666666666666668,4.5,2.0,0.0285599739000745,0.1254067779004837,0.1792546921274102,1.0,754,658,0.229716935700834,1412
psydial,psydial_196,3.4333333333333336,4.625,2.0,-0.0720966037466037,0.14589304817332,0.1754078697155429,0.0,1120,907,0.1765653365503588,2027
psydial,psydial_1986,2.316666666666667,4.152777777777778,2.0,0.0240786159323541,0.1524746969199429,0.1609531098153547,1.0,548,582,0.1393577834566054,1130
psydial,psydial_1990,2.266666666666667,3.916666666666667,2.0,-0.0686344788359788,0.1399228676121166,0.1676308885300574,0.0,761,402,0.1417955167817763,1163
psydial,psydial_1993,2.75,4.486111111111111,2.0,0.0598458125472411,0.1452288258388759,0.2162105855245324,1.0,1063,1561,0.175205318789887,2624
psydial,psydial_2008,2.4166666666666665,4.5,2.0,0.0475930580671087,0.1593854760992727,0.1790957506892582,1.0,1195,944,0.1654611399711399,2139
psydial,psydial_2011,2.516666666666666,4.263888888888889,2.0,0.0235640507936508,0.1316642105210738,0.2130569152847507,1.0,1261,1718,0.1708358614988808,2979
psydial,psydial_2017,2.5333333333333337,4.083333333333333,2.0,0.0896289599867725,0.1320462795993567,0.1523287912467892,1.0,491,358,0.1261030995588302,849
psydial,psydial_2020,2.8000000000000003,4.5,2.0,0.0685930982050141,0.1604345758314199,0.1013208107948331,1.0,546,537,0.1080684463684463,1083
psydial,psydial_2022,2.85,4.527777777777778,2.0,0.0928952213279678,0.1425874831249765,0.2168837396601833,1.0,719,1076,0.1946816058225852,1795
psydial,psydial_2046,2.316666666666667,4.722222222222222,2.0,0.1117429936305732,0.1184661406645419,0.2007430358657458,1.0,795,893,0.2025702340551605,1688
psydial,psydial_2050,2.35,4.041666666666666,2.0,0.0908558410762678,0.1422180319347672,0.1282239578517491,1.0,833,1107,0.1516603911874403,1940
psydial,psydial_2063,2.3666666666666667,4.111111111111111,2.0,0.1047732778548312,0.1461183424005526,0.1799749348838634,1.0,527,470,0.1693905769032125,997
psydial,psydial_2068,2.65,4.111111111111111,2.0,0.0214609461656148,0.1402522526108355,0.1426264413537851,1.0,841,696,0.1729519332963656,1537
psydial,psydial_2078,2.65,3.986111111111111,2.0,-0.017156221532091,0.1601393623168532,0.1129359425206514,0.0,1160,837,0.1627234352235258,1997
psydial,psydial_2079,2.5500000000000003,4.611111111111111,2.0,0.0315610914485914,0.1776134320320901,0.1380004278440936,1.0,1122,1103,0.1425087138359304,2225
psydial,psydial_2096,2.5000000000000004,4.472222222222221,2.0,0.0574824367224367,0.1474232235092556,0.1486914710304645,1.0,938,573,0.1756690884273331,1511
psydial,psydial_2109,2.8000000000000003,4.277777777777778,2.0,0.110577067493664,0.146384500238399,0.1818820243421753,1.0,605,378,0.1654426700219383,983
psydial,psydial_2116,2.6833333333333336,4.486111111111111,2.0,0.0295941618881409,0.1339270488744877,0.1218981699638797,1.0,967,660,0.1802169781532684,1627
psydial,psydial_2117,2.333333333333333,4.138888888888889,2.0,0.1259758709544423,0.1365310937029847,0.1720754282622139,1.0,779,910,0.169683469425506,1689
psydial,psydial_2121,2.516666666666667,4.75,2.0,0.0558764799967606,0.1535143955268608,0.2049746691099137,1.0,990,1131,0.2004154496647144,2121
psydial,psydial_2134,2.433333333333333,4.263888888888889,2.0,-0.016840128968254,0.1534590145611013,0.1574036796536796,0.0,933,576,0.1587701464124744,1509
psydial,psydial_216,1.95,4.555555555555555,2.0,0.1552057726528578,0.1531415272443342,0.2004788418945395,1.0,1127,1079,0.2020708344459278,2206
psydial,psydial_2167,2.0500000000000003,3.9166666666666665,2.0,0.0259469926125586,0.1307739068200987,0.1835071418600941,1.0,805,911,0.1691088326646253,1716
psydial,psydial_2182,2.583333333333333,4.5,2.0,0.1581313295615275,0.1533810750875208,0.1338917882238534,1.0,515,311,0.1806550930305897,826
psydial,psydial_2196,2.733333333333333,4.180555555555555,2.0,0.026291631652661,0.1603646163452719,0.1547522298357327,1.0,353,209,0.1191122698412698,562
psydial,psydial_220,2.066666666666667,4.736111111111111,2.0,0.1408820799457995,0.1606726653732053,0.1625818669168181,1.0,1240,1340,0.1718777610818933,2580
psydial,psydial_221,2.65,4.375,2.0,0.06938953709689,0.1451279701206463,0.1941235905363046,1.0,1118,881,0.1919174571319353,1999
psydial,psydial_2225,2.9,4.333333333333333,2.0,0.0613323553305837,0.1812070547849889,0.1966620550463273,1.0,648,365,0.1840345739700374,1013
psydial,psydial_2230,2.5,4.458333333333334,2.0,0.0437578491335372,0.1493261129688801,0.1404922553636839,1.0,555,372,0.1572021109362018,927
psydial,psydial_2235,2.75,4.361111111111111,2.0,0.0753333017277707,0.1025593742975322,0.1314568359320129,1.0,574,478,0.1525792271635022,1052
psydial,psydial_2247,2.25,4.111111111111111,2.0,-0.0110516573295984,0.1590028368540567,0.175838931151068,0.0,1455,1120,0.1572593255754147,2575
psydial,psydial_2285,2.6333333333333333,4.458333333333334,2.0,0.1928243281471004,0.1520217029885916,0.2015330596875292,1.0,518,449,0.1529636444805195,967
psydial,psydial_23,1.5833333333333333,4.291666666666666,2.0,0.0836703968253968,0.1698619081622559,0.2056872984316324,1.0,512,489,0.2097317493386243,1001
psydial,psydial_2306,1.65,4.361111111111111,2.0,0.0980804201007326,0.1608465842455497,0.114059843326326,1.0,1051,1014,0.1410046272605228,2065
psydial,psydial_2312,2.9333333333333336,4.305555555555555,2.0,0.0726381166881167,0.1298650745495017,0.1438278484355372,1.0,565,524,0.194651037139775,1089
psydial,psydial_2320,2.433333333333333,4.0,2.0,-0.0474551251008877,0.1161231938388544,0.1658661770244821,0.0,599,565,0.1777808139202923,1164
psydial,psydial_2321,2.483333333333333,4.569444444444445,2.0,0.0426540834613415,0.1260178455105009,0.0933735112658985,1.0,1096,709,0.1181223333333333,1805
psydial,psydial_2324,2.983333333333333,4.041666666666666,2.0,0.0058523171768707,0.1385615790537925,0.1093751084183673,1.0,569,629,0.1726832686891961,1198
psydial,psydial_2333,2.1333333333333333,4.180555555555555,2.0,0.0588541655582158,0.1578992484746611,0.1394157395583932,1.0,904,374,0.1762004479234616,1278
psydial,psydial_2334,2.733333333333333,4.222222222222222,2.0,0.1195590753645632,0.1482115639657462,0.1062111265718408,1.0,625,639,0.1517911426051902,1264
psydial,psydial_2346,2.033333333333333,4.305555555555555,2.0,0.1401677891156462,0.1465183223219056,0.1092860536165223,1.0,713,792,0.1540856119118571,1505
psydial,psydial_2374,2.033333333333333,4.569444444444445,2.0,0.1142137876579203,0.1564064469985315,0.1570966395112016,1.0,1482,1139,0.175796856651215,2621
psydial,psydial_2375,2.4166666666666665,4.541666666666666,2.0,0.0284303276598457,0.1182789897503711,0.1891617257453195,1.0,1257,942,0.1835564121540006,2199
psydial,psydial_2380,2.9166666666666665,4.208333333333334,2.0,0.0612165737514517,0.130625200054625,0.1896159316334243,1.0,1038,572,0.1546176041049931,1610
psydial,psydial_2381,2.95,4.444444444444445,2.0,0.0809456373111493,0.1501498124762972,0.1850224187225091,1.0,839,699,0.1819110075914424,1538
psydial,psydial_255,2.533333333333333,4.444444444444445,2.0,0.0385504273504273,0.1327625597490302,0.1608864825315529,1.0,790,790,0.1564616253073999,1580
psydial,psydial_260,2.7,4.458333333333334,2.0,0.0067691277857944,0.1361164987056806,0.1795106815496151,1.0,506,564,0.1894723216073216,1070
psydial,psydial_278,2.433333333333333,4.388888888888889,2.0,-0.0283240366377159,0.1504532686886171,0.1416482802573141,0.0,806,540,0.1545608301198696,1346
psydial,psydial_29,1.8833333333333333,4.458333333333333,2.0,0.1058418081093823,0.1433759727297439,0.1297720468989699,1.0,516,861,0.1288975589649005,1377
psydial,psydial_299,2.1833333333333336,4.458333333333333,2.0,0.0402280474513749,0.131321541065058,0.1480758492231046,1.0,1430,921,0.1641117938074352,2351
psydial,psydial_320,2.716666666666667,4.125,2.0,0.1519880926274018,0.1542500614672738,0.1897451937717706,1.0,770,676,0.1854271959258466,1446
psydial,psydial_321,2.983333333333333,4.055555555555555,2.0,0.0964435027244728,0.1386875701989115,0.1827825089300499,1.0,680,808,0.1920408551363807,1488
psydial,psydial_322,1.95,4.375,2.0,0.1461174631930066,0.154022300568775,0.2020197694852181,1.0,700,419,0.1960434630274874,1119
psydial,psydial_329,2.45,4.583333333333334,2.0,0.0494322889109347,0.1403470447575449,0.1448609630583625,1.0,730,667,0.1680547281323877,1397
psydial,psydial_343,2.7,4.402777777777778,2.0,0.0621255877508235,0.1364020627887379,0.1865763108614232,1.0,543,360,0.1462383857911635,903
psydial,psydial_344,2.716666666666667,4.319444444444445,2.0,0.0334765432098765,0.1514966411872677,0.1725554787364798,1.0,913,648,0.1293991548053754,1561
psydial,psydial_345,3.0666666666666664,4.875,2.0,0.1133446145124716,0.1660052180308431,0.198658565360177,1.0,676,510,0.2006204836359028,1186
psydial,psydial_358,2.733333333333333,4.291666666666667,2.0,0.0131709733893557,0.14249816303829,0.1542481184600749,1.0,860,657,0.1749988468792866,1517
psydial,psydial_361,2.75,4.430555555555555,2.0,0.024387746031746,0.1496241833795075,0.1392435544398803,1.0,635,633,0.17752823756105,1268
psydial,psydial_369,2.3833333333333333,4.569444444444445,2.0,0.0016215480043149,0.1354634189137645,0.1830336217585853,1.0,2070,1366,0.1847180437122036,3436
psydial,psydial_374,2.083333333333333,4.125,2.0,0.0998604490500863,0.1207793115231734,0.1653065055563763,1.0,976,623,0.1932722441962669,1599
psydial,psydial_391,2.966666666666667,4.083333333333333,2.0,0.136377774551555,0.156163218231658,0.1778285656495608,1.0,627,728,0.152058145682937,1355
psydial,psydial_457,2.9,4.180555555555555,2.0,0.0252688099721998,0.1468261243517023,0.1798060864496457,1.0,894,566,0.2032466593998461,1460
psydial,psydial_470,2.216666666666667,4.069444444444445,2.0,0.0785077210884353,0.1561718645801809,0.1991626882231732,1.0,710,442,0.1576113008174786,1152
psydial,psydial_481,1.6166666666666665,4.652777777777778,2.0,0.0521227913129076,0.1100933287458628,0.2186094197040956,1.0,657,664,0.2737418502362777,1321
psydial,psydial_484,2.45,4.208333333333333,2.0,-0.0408731358434846,0.1319950295962955,0.1916807137950492,0.0,656,570,0.1917803560818266,1226
psydial,psydial_486,2.333333333333333,4.291666666666666,2.0,0.0561639260598754,0.1440585036777616,0.1876701394403137,1.0,1988,1103,0.1825312686805374,3091
psydial,psydial_493,1.9833333333333332,4.388888888888889,2.0,0.1346388201745344,0.1408534751820048,0.1705303742769416,1.0,1167,977,0.1770146132592155,2144
psydial,psydial_495,2.8833333333333333,4.152777777777778,2.0,0.042023233290762,0.1507714651383359,0.1515314363439841,1.0,1316,1389,0.1708925779273062,2705
psydial,psydial_511,1.9166666666666667,4.555555555555555,2.0,0.1052493111012521,0.1365157057799527,0.1654578571428571,1.0,1619,1438,0.1663721936196918,3057
psydial,psydial_513,2.533333333333333,4.458333333333333,2.0,0.0477612596236099,0.1449653764098164,0.1522966253247615,1.0,1683,1085,0.1615967549566294,2768
psydial,psydial_523,2.75,4.416666666666666,2.0,0.0087663545568039,0.1279828315448451,0.1847927046548956,1.0,899,894,0.1611859272710968,1793
psydial,psydial_553,2.25,4.583333333333334,2.0,-0.0367123137598597,0.1300439394161175,0.1742772204715219,0.0,825,738,0.2094304123935811,1563
psydial,psydial_564,2.6,4.208333333333334,2.0,-0.0517443601190476,0.1310656008376251,0.1725420496262842,0.0,1211,860,0.1932901651651651,2071
psydial,psydial_577,2.1166666666666667,4.222222222222222,2.0,0.0141936069582871,0.1251614991347628,0.1416763736618678,1.0,869,469,0.1596442072118702,1338
psydial,psydial_589,1.6166666666666665,4.347222222222222,2.0,0.0534021733821733,0.1244208408562754,0.2013638087956895,1.0,663,847,0.1961228657612607,1510
psydial,psydial_609,2.3000000000000003,2.0416666666666665,2.0,0.0220019590114527,0.1689806449547493,0.1413135229720028,1.0,407,443,0.1605696830882891,850
psydial,psydial_62,1.55,3.8194444444444446,2.0,0.0773368713215623,0.1383744641488117,0.1658041702256388,1.0,901,861,0.2195630589090096,1762
psydial,psydial_620,1.9333333333333331,4.222222222222221,2.0,0.0049424808429117,0.1206799027425558,0.1890875964696223,1.0,589,790,0.2233288224295266,1379
psydial,psydial_622,2.6333333333333333,4.208333333333333,2.0,0.0089223823447507,0.1325995298560432,0.1726004627893735,1.0,1152,807,0.1672881300473405,1959
psydial,psydial_626,2.2666666666666666,4.652777777777778,2.0,0.0712624136321195,0.137591911008285,0.1364554369747899,1.0,1284,700,0.1850970229481083,1984
psydial,psydial_640,2.2666666666666666,4.388888888888889,2.0,0.0309785420912853,0.1529948186482328,0.1657794498711165,1.0,1296,1417,0.1387962208581349,2713
psydial,psydial_642,2.0,4.347222222222222,2.0,0.0238723295270488,0.1397630804935132,0.0936887048071178,1.0,992,696,0.1666842170929507,1688
psydial,psydial_650,1.3666666666666665,4.277777777777778,2.0,0.0021875223563604,0.1288757603919375,0.2020602868496627,1.0,722,501,0.2414699719318621,1223
psydial,psydial_661,2.8166666666666664,4.319444444444445,2.0,-0.0456679464285714,0.1423263463299203,0.1094066623070368,0.0,810,521,0.1520533637152777,1331
psydial,psydial_668,2.266666666666667,4.458333333333334,2.0,0.1609453686299081,0.1459589708467608,0.1241988797949735,1.0,393,358,0.1751472449629326,751
psydial,psydial_739,2.766666666666667,4.097222222222221,2.0,0.0152845861678004,0.1377280786451002,0.1172041482184271,1.0,1063,795,0.1252491422311078,1858
psydial,psydial_741,2.5666666666666664,4.097222222222221,2.0,-0.0607134004884004,0.142001509090911,0.1418194160997732,0.0,793,683,0.1516353539635438,1476
psydial,psydial_751,1.5666666666666669,4.472222222222222,2.0,0.0900420438022537,0.14540404449468,0.1892099957591178,1.0,1319,873,0.2171277015358612,2192
psydial,psydial_766,2.85,4.166666666666666,2.0,0.1460267292318387,0.1515718864355964,0.1999287275093879,1.0,698,738,0.2141022111176432,1436
psydial,psydial_767,2.5,4.055555555555555,2.0,0.0572922555043522,0.1372140850347097,0.164123813535831,1.0,1097,853,0.186229770838035,1950
psydial,psydial_770,2.583333333333333,4.5,2.0,0.174202503548845,0.142014721091385,0.1973785514584621,1.0,1241,838,0.2052235084343347,2079
psydial,psydial_794,3.35,4.361111111111111,2.0,0.0834680409663865,0.1691707521397892,0.1491113585434173,1.0,689,685,0.1763328466939044,1374
psydial,psydial_797,2.783333333333333,4.430555555555555,2.0,-0.0917366109028645,0.1606810718571731,0.1495888101243602,0.0,1727,968,0.2003695760299253,2695
psydial,psydial_804,2.333333333333333,4.513888888888889,2.0,0.1730306394373467,0.1453649531647912,0.2195639827892259,1.0,626,469,0.2260573490338164,1095
psydial,psydial_825,2.6666666666666665,4.083333333333333,2.0,0.2061051922646993,0.1499744208814359,0.1807545646098815,1.0,719,686,0.179318551147687,1405
psydial,psydial_831,2.8666666666666667,4.041666666666666,2.0,-0.0288225893784304,0.135763432952533,0.1485752165173952,0.0,546,474,0.1549083700290152,1020
psydial,psydial_866,2.6500000000000004,4.75,2.0,0.0901357721915662,0.1585132022098366,0.2174769036756419,1.0,1178,923,0.2045115982425063,2101
psydial,psydial_883,2.1333333333333333,3.361111111111111,2.0,0.1514328571428571,0.1582727857647661,0.1337465810573564,1.0,886,746,0.1095142528698498,1632
psydial,psydial_887,2.1333333333333333,4.027777777777778,2.0,-0.0271547790515383,0.1457632728783469,0.1827397558448667,0.0,821,678,0.1747363436306261,1499
psydial,psydial_889,3.016666666666667,4.055555555555555,2.0,0.0261682287157287,0.1415328883108095,0.1605019128280471,1.0,560,483,0.2080637214520126,1043
psydial,psydial_894,2.6166666666666667,4.097222222222222,2.0,0.0317167392883079,0.1083623533482671,0.1768480573710965,1.0,774,742,0.1981670006929556,1516
psydial,psydial_895,2.2166666666666663,4.111111111111111,2.0,0.033834551366843,0.1510573374195418,0.1204868612213403,1.0,729,498,0.1606644902132632,1227
psydial,psydial_899,2.5333333333333337,4.444444444444445,2.0,0.0194704202446005,0.1422801237535633,0.1402753305795858,1.0,620,429,0.1195625774754346,1049
psydial,psydial_905,2.3166666666666664,4.236111111111111,2.0,0.1270864601436681,0.1650280221465628,0.1084801992225461,1.0,1381,761,0.1496692138424518,2142
psydial,psydial_914,2.283333333333333,4.361111111111111,2.0,0.0176670618854829,0.1566137917355194,0.1496478961190733,1.0,1245,870,0.1736950929152148,2115
psydial,psydial_918,2.7166666666666663,4.541666666666666,2.0,0.0710754661123709,0.1293703238846077,0.1955632597018528,1.0,1587,1058,0.1998541532373992,2645
psydial,psydial_943,2.45,4.375,2.0,0.0930576086956521,0.13606824360088,0.1698045675178283,1.0,1389,917,0.1756225229004964,2306
psydial,psydial_953,2.3000000000000003,4.597222222222222,2.0,-0.0173145531877575,0.1563979749394135,0.1592983101087886,0.0,918,818,0.1512609909353111,1736
psydial,psydial_957,3.033333333333333,4.625,2.0,0.0481839532665712,0.1339715387949692,0.2168308109247697,1.0,1176,1089,0.2299653270135215,2265
psydial,psydial_959,2.033333333333333,4.555555555555555,2.0,0.2288904082409218,0.1618761162036783,0.1588389764716058,1.0,743,735,0.1827044547203638,1478
psydial,psydial_967,1.6333333333333335,4.486111111111111,2.0,-0.0569404473707546,0.171916418532248,0.1382606118791602,0.0,908,622,0.1545321590408866,1530
psydial,psydial_979,3.0,4.555555555555555,2.0,0.0437040833636253,0.1474864679883337,0.1461663782866836,1.0,664,703,0.1488581652257445,1367
psydial,psydial_991,2.416666666666667,4.208333333333334,2.0,0.086619369047619,0.1289239317234194,0.168098860701688,1.0,513,401,0.1688299896744412,914
psydial,psydial_999,2.95,4.486111111111111,2.0,0.147270955165692,0.1366276005775918,0.1417142035644667,1.0,1149,1695,0.1569403034325632,2844
simpsydial,simpsydial_103,3.583333333333333,4.263888888888889,2.0,0.0111284511784511,0.1477689815632977,0.1991070947570947,1.0,339,434,0.1988899495798319,773
simpsydial,simpsydial_112,2.933333333333333,4.305555555555555,2.0,0.1231123947550034,0.1421408122862617,0.1790976087493821,1.0,587,940,0.2087065286515609,1527
simpsydial,simpsydial_114,3.716666666666667,4.375,2.0,0.1797149585921325,0.1387205589177531,0.1471637828407224,1.0,357,411,0.1702834902866619,768
simpsydial,simpsydial_115,3.5666666666666664,4.458333333333334,2.0,0.0168469516594516,0.1094807511862846,0.1840609066859067,1.0,339,475,0.2207449928469241,814
simpsydial,simpsydial_120,2.9333333333333336,4.291666666666667,2.0,0.0796801462513726,0.1273389805422003,0.1484204597184786,1.0,804,1049,0.190075077075702,1853
simpsydial,simpsydial_125,2.766666666666666,4.444444444444445,2.0,0.1880415140415141,0.1760147745262085,0.1400958272283272,1.0,269,371,0.2296496864860124,640
simpsydial,simpsydial_14,3.1,4.986111111111111,2.0,0.2111981257086168,0.1612079931674067,0.2265478550933582,1.0,1132,1374,0.2368730129658701,2506
simpsydial,simpsydial_140,3.6666666666666665,4.541666666666667,2.0,0.0314566229851113,0.1155660929899524,0.1628615220649663,1.0,655,689,0.2147622432306256,1344
simpsydial,simpsydial_147,2.45,4.361111111111111,2.0,0.1165285364145657,0.1082831732212849,0.1961914740217792,1.0,353,403,0.1921258671742808,756
simpsydial,simpsydial_152,3.3833333333333333,4.333333333333334,2.0,0.0087834421402969,0.1395034044610547,0.1223891938447404,1.0,320,413,0.1584800182696841,733
simpsydial,simpsydial_16,3.3666666666666667,4.277777777777778,2.0,0.2749301042639279,0.14021894947556,0.2247195533769063,1.0,264,474,0.2417892592592592,738
simpsydial,simpsydial_163,2.6166666666666667,4.305555555555555,2.0,0.1223511054421769,0.146601896224924,0.1615843402248206,1.0,290,339,0.1896623003848004,629
simpsydial,simpsydial_168,3.5500000000000003,4.5,2.0,-0.0183704110704111,0.1273582211049721,0.1712377085877086,0.0,399,652,0.1963264867066577,1051
simpsydial,simpsydial_187,2.333333333333333,4.194444444444445,2.0,0.1669108122672937,0.143954731993096,0.1462136455156775,1.0,415,414,0.1473842014501273,829
simpsydial,simpsydial_188,3.333333333333333,4.305555555555555,2.0,0.2684460401891252,0.1685078087710531,0.1422564770538619,1.0,248,356,0.1732731908421389,604
simpsydial,simpsydial_189,2.65,4.555555555555555,2.0,0.0615134495464852,0.1291652692271199,0.1644784833234655,1.0,572,637,0.1942389912546759,1209
simpsydial,simpsydial_197,3.0666666666666664,4.416666666666667,2.0,0.0706606547619047,0.1152544892986669,0.1595642035034465,1.0,511,618,0.2097367262230562,1129
simpsydial,simpsydial_198,2.3833333333333333,4.625,2.0,0.0589102642775323,0.1461316506919972,0.161556289966566,1.0,498,577,0.2033478370221328,1075
simpsydial,simpsydial_200,3.2999999999999994,4.222222222222222,2.0,0.2113264785823004,0.1518349065772401,0.1463507817568444,1.0,376,705,0.1990926199598613,1081
simpsydial,simpsydial_203,3.1833333333333336,4.25,2.0,0.0047170105820106,0.1205069624257919,0.1936462945512417,1.0,388,376,0.1829381579516456,764
simpsydial,simpsydial_205,3.6,4.305555555555555,2.0,0.1131685577876984,0.1478126888464992,0.1326894804526749,1.0,333,432,0.1238312178693384,765
simpsydial,simpsydial_207,2.9,4.736111111111111,2.0,0.1704206291695422,0.1165476851411406,0.1775628956785026,1.0,701,690,0.2040462700743537,1391
simpsydial,simpsydial_208,3.0666666666666664,4.263888888888889,2.0,0.1769668522785457,0.1458548648411751,0.160579821491962,1.0,322,464,0.1797028266178266,786
simpsydial,simpsydial_218,3.6,4.666666666666666,2.0,-0.0171171480614104,0.1587954779117333,0.1635799404119792,0.0,318,499,0.2051321428571428,817
simpsydial,simpsydial_226,3.35,4.472222222222222,2.0,0.1419034374999999,0.146436355769629,0.1820794404761904,1.0,409,573,0.1863816897444556,982
simpsydial,simpsydial_231,3.233333333333333,4.458333333333333,2.0,0.1171132539682539,0.1541039802604146,0.1182043041631857,1.0,237,367,0.2065910880553338,604
simpsydial,simpsydial_232,3.083333333333333,4.277777777777778,2.0,0.0218605841790268,0.1396412606455214,0.176235571168358,1.0,314,484,0.1797800760233918,798
simpsydial,simpsydial_234,2.85,4.111111111111111,2.0,0.0429361394557823,0.1547074546240563,0.2032601780045351,1.0,359,547,0.2132958289077713,906
simpsydial,simpsydial_24,2.95,4.291666666666667,2.0,-0.0025082465277777,0.1369072530243963,0.1424872088710873,0.0,330,453,0.1981327515015015,783
simpsydial,simpsydial_242,2.966666666666667,4.75,2.0,0.1743687921912059,0.1310838503663998,0.1625945595056896,1.0,447,495,0.2174543365014044,942
simpsydial,simpsydial_248,3.0500000000000003,4.805555555555555,2.0,0.0962556989247312,0.1250314881710523,0.1749062868188512,1.0,785,808,0.1944203736813874,1593
simpsydial,simpsydial_250,3.516666666666667,4.777777777777778,2.0,0.1131579147640791,0.1434341060323881,0.1708987138125349,1.0,378,548,0.234297052154195,926
simpsydial,simpsydial_252,3.2,4.263888888888888,2.0,0.0146024628369866,0.1339602376809416,0.1947763863773357,1.0,325,483,0.2244085560243788,808
simpsydial,simpsydial_254,3.8,4.416666666666667,2.0,0.0922894677871149,0.1251997129370624,0.2093225182072829,1.0,434,472,0.2114405644691282,906
simpsydial,simpsydial_261,3.583333333333333,4.652777777777778,2.0,0.0607823979591836,0.135849921702225,0.2085130244165655,1.0,362,402,0.2439099125570499,764
simpsydial,simpsydial_265,3.15,4.208333333333334,2.0,0.0898679761904762,0.132042657524016,0.1420700246632517,1.0,260,415,0.2161353536242083,675
simpsydial,simpsydial_269,3.533333333333333,4.166666666666666,2.0,0.0131091349206349,0.1355803598918098,0.1424516139657443,1.0,262,436,0.1853430978402289,698
simpsydial,simpsydial_27,3.4333333333333336,4.680555555555555,2.0,0.2161925677910053,0.1413863237527045,0.192140132990133,1.0,490,817,0.205295696801823,1307
simpsydial,simpsydial_271,2.9,4.777777777777778,2.0,0.0651181004791853,0.1412786793248077,0.2068081497830093,1.0,543,772,0.2379968748049678,1315
simpsydial,simpsydial_273,3.6666666666666665,4.541666666666666,2.0,0.0934522591544868,0.1105771176022329,0.2209936468955624,1.0,518,513,0.2100029250125976,1031
simpsydial,simpsydial_274,3.1666666666666665,4.611111111111111,2.0,0.0299097495267219,0.1338499929985157,0.138471188731903,1.0,555,665,0.2059198654665118,1220
simpsydial,simpsydial_275,3.433333333333333,4.055555555555555,2.0,0.0788807580174927,0.1114338632708871,0.1258966182189074,1.0,258,398,0.171504812910597,656
simpsydial,simpsydial_280,3.266666666666667,4.375,2.0,-0.024929179550608,0.161886707710154,0.17313341023748,0.0,396,452,0.2397934555161417,848
simpsydial,simpsydial_282,3.3000000000000003,4.111111111111111,2.0,0.0376607142857143,0.1127729771732342,0.1648996118012422,1.0,239,338,0.1818710317460317,577
simpsydial,simpsydial_290,3.1833333333333336,4.388888888888888,2.0,0.0085630217519106,0.1499844490106525,0.1939288444288444,1.0,416,411,0.2011370380241648,827
simpsydial,simpsydial_298,3.6833333333333336,4.222222222222222,2.0,0.0549361889200124,0.1026123538231975,0.1990029178338002,1.0,264,327,0.2175210280023959,591
simpsydial,simpsydial_30,3.5666666666666664,4.583333333333333,2.0,0.1801160293410293,0.146881567833312,0.1007396094087181,1.0,340,484,0.213550410192147,824
simpsydial,simpsydial_301,3.15,4.458333333333334,2.0,0.1049988219246031,0.1112012950527352,0.1013214714383696,1.0,333,331,0.1689939095928226,664
simpsydial,simpsydial_311,3.266666666666667,4.041666666666666,2.0,0.0088336309523809,0.1583081289390834,0.1407845374260815,1.0,213,447,0.1603413060810321,660
simpsydial,simpsydial_313,3.7000000000000006,4.486111111111111,2.0,0.0978274718915344,0.1304424222358645,0.1897430753968254,1.0,249,331,0.2097478815439218,580
simpsydial,simpsydial_314,3.0666666666666664,4.875,2.0,0.1428966595107988,0.149306127881126,0.1731087431481048,1.0,620,1040,0.2108407671701076,1660
simpsydial,simpsydial_334,3.483333333333333,4.166666666666666,2.0,0.081921708937198,0.1328268112851204,0.1538341971127531,1.0,473,660,0.2123130964572208,1133
simpsydial,simpsydial_338,3.7,4.333333333333334,2.0,0.0130109084768659,0.1050489135296064,0.1360254154002026,1.0,244,406,0.171620212106673,650
simpsydial,simpsydial_342,3.4166666666666665,4.402777777777778,2.0,0.0931558531746031,0.1173761433843215,0.1691933452380952,1.0,309,417,0.1992819677871148,726
simpsydial,simpsydial_358,2.983333333333334,4.486111111111112,2.0,0.0501688512518409,0.112970683504613,0.1603975367491281,1.0,496,612,0.1994177215772987,1108
simpsydial,simpsydial_384,3.266666666666667,4.055555555555555,2.0,-0.0268970965608465,0.1605350195034522,0.1323212143384485,0.0,611,678,0.1739806095333001,1289
simpsydial,simpsydial_385,3.0500000000000003,4.75,2.0,0.1714889835858586,0.1318244559616865,0.1956711442248857,1.0,450,504,0.2337648308481641,954
simpsydial,simpsydial_396,3.3000000000000003,4.277777777777778,2.0,0.1359929410246483,0.1422019641896048,0.1434902687882057,1.0,627,738,0.1972183965858863,1365
simpsydial,simpsydial_398,3.3000000000000003,4.694444444444445,2.0,0.0603010281385281,0.115658618582091,0.1837824416714477,1.0,341,467,0.2519589450336175,808
simpsydial,simpsydial_409,3.383333333333333,4.208333333333334,2.0,-0.0313924539170506,0.1717708496554951,0.1146466960799229,0.0,322,434,0.1714532287581699,756
simpsydial,simpsydial_411,1.8333333333333333,4.069444444444445,2.0,0.1058034090909091,0.1512651170149088,0.1546155581693755,1.0,343,412,0.1692268344558667,755
simpsydial,simpsydial_413,3.65,4.541666666666666,2.0,0.0377942646329365,0.1212949213315123,0.1707829965216539,1.0,333,557,0.1915078271637122,890
simpsydial,simpsydial_420,3.0,4.208333333333334,2.0,0.0476045449735449,0.1473837652954484,0.1309092631290104,1.0,385,595,0.1998495835364862,980
simpsydial,simpsydial_425,3.4333333333333336,4.305555555555555,2.0,0.148111746031746,0.1435808233693642,0.1552528342430516,1.0,262,312,0.1933450665304626,574
simpsydial,simpsydial_428,2.5333333333333337,4.236111111111111,2.0,0.0454275607638889,0.1109039302339212,0.1555720664589823,1.0,330,372,0.1563802057370239,702
simpsydial,simpsydial_435,3.016666666666667,4.416666666666667,2.0,0.0813864179348715,0.1437860586293481,0.1810766060044236,1.0,497,433,0.2253381055330937,930
simpsydial,simpsydial_456,3.4166666666666665,4.680555555555555,2.0,0.2540757341269841,0.1458586567346536,0.1770084541489863,1.0,413,479,0.2090784945964201,892
simpsydial,simpsydial_459,3.4,4.486111111111111,2.0,0.0169362727807172,0.1298702332580631,0.1430906832927818,1.0,283,390,0.170806664791901,673
simpsydial,simpsydial_461,3.6,4.402777777777778,2.0,0.0328025235615079,0.1124697636633997,0.1059075520063097,1.0,331,668,0.1608472619649782,999
simpsydial,simpsydial_463,2.75,4.763888888888889,2.0,0.0437244462212746,0.0964891673657676,0.2580563763699924,1.0,681,1680,0.2296670264455273,2361
simpsydial,simpsydial_469,2.583333333333333,4.194444444444445,2.0,0.1285139758643183,0.1195961805397321,0.1440182214415821,1.0,375,564,0.1986406856856857,939
simpsydial,simpsydial_471,2.233333333333333,4.416666666666666,2.0,0.0681169518849206,0.1514821893572271,0.1422615685111012,1.0,330,386,0.2138953844048671,716
simpsydial,simpsydial_476,3.5666666666666664,4.347222222222222,2.0,-0.044063822008204,0.1459239876028232,0.1921975004458712,0.0,454,520,0.2217896864225142,974
simpsydial,simpsydial_478,2.85,4.291666666666666,2.0,0.0785477248677248,0.1699250404362224,0.1584471676324851,1.0,387,552,0.1875811650442865,939
simpsydial,simpsydial_483,3.366666666666667,4.527777777777778,2.0,0.1508696644664466,0.1537006403901161,0.1700175384326959,1.0,517,513,0.1927642565822625,1030
simpsydial,simpsydial_487,3.6,4.458333333333333,2.0,0.0994661945812808,0.1341682779182993,0.1414703215654077,1.0,299,557,0.193800473583594,856
simpsydial,simpsydial_489,3.6666666666666665,4.319444444444445,2.0,0.0597194566544566,0.1248961074793111,0.1744820978186775,1.0,335,534,0.1584652509448224,869
simpsydial,simpsydial_494,3.233333333333333,4.527777777777779,2.0,0.1118517113095237,0.1413145636659678,0.183554137795469,1.0,332,408,0.184671626486852,740
simpsydial,simpsydial_499,3.8166666666666655,4.694444444444445,2.0,0.0193397663139329,0.1246869987842922,0.1512982151636465,1.0,461,522,0.1790298423527956,983
simpsydial,simpsydial_510,3.466666666666667,4.638888888888889,2.0,0.1353033229813664,0.1662974313945193,0.134272585289903,1.0,585,701,0.1611633567299752,1286
simpsydial,simpsydial_511,3.733333333333334,4.569444444444445,2.0,0.0148462708587708,0.1393970097969934,0.1701203690171721,1.0,400,440,0.1816214368578057,840
simpsydial,simpsydial_512,2.6833333333333336,4.027777777777778,2.0,0.0850646008403361,0.1364481437129827,0.1641948377787087,1.0,350,484,0.1879424594820384,834
simpsydial,simpsydial_517,3.0666666666666664,4.402777777777778,2.0,0.0643165931804821,0.1189212811577926,0.1566226934523809,1.0,281,313,0.207600835421888,594
simpsydial,simpsydial_529,3.25,4.569444444444445,2.0,-0.029571020874103,0.1512660701247038,0.1597492247307642,0.0,376,469,0.1725678096963423,845
simpsydial,simpsydial_53,3.35,4.541666666666666,2.0,0.0673026054192721,0.1392887036764238,0.1676300041435583,1.0,507,517,0.2243679407261592,1024
simpsydial,simpsydial_537,2.9,4.097222222222222,2.0,0.0847575623582765,0.1285889128993266,0.1278641007532956,1.0,363,512,0.1792160560446843,875
simpsydial,simpsydial_541,3.5333333333333337,4.416666666666667,2.0,0.0246792368742369,0.1706756584744909,0.167279272205336,1.0,338,266,0.2232956889630041,604
simpsydial,simpsydial_543,3.3666666666666667,4.555555555555555,2.0,0.1229785836385837,0.1423720096381991,0.2137730292218824,1.0,336,454,0.2323112992687711,790
simpsydial,simpsydial_547,3.1833333333333336,4.125,2.0,0.0878846119929453,0.1137246969552594,0.2040710010523546,1.0,371,502,0.2361748897260053,873
simpsydial,simpsydial_548,2.7999999999999994,4.194444444444445,2.0,-0.0085285795270488,0.1656409926490618,0.1770979214669738,0.0,257,475,0.1855338238299612,732
simpsydial,simpsydial_550,3.333333333333333,4.263888888888889,2.0,0.2410554957599478,0.1718101383267691,0.1531629436056265,1.0,378,409,0.1955808501984127,787
simpsydial,simpsydial_562,2.3,4.430555555555555,2.0,0.1593639704791574,0.1615760887270919,0.1485670125980999,1.0,547,778,0.1971814864697504,1325
simpsydial,simpsydial_568,3.266666666666667,4.472222222222222,2.0,-0.0721526946334089,0.1224589079175094,0.1776956666666666,0.0,534,861,0.2160419871078322,1395
simpsydial,simpsydial_569,2.9166666666666665,4.527777777777778,2.0,0.0535309155621011,0.1205740606772254,0.2083722459499264,1.0,494,1170,0.2040018986779322,1664
simpsydial,simpsydial_57,3.1,4.013888888888889,2.0,0.1429493187830687,0.1258853821963353,0.1870298706061082,1.0,312,392,0.2280450868249823,704
simpsydial,simpsydial_570,3.45,4.388888888888889,2.0,0.0956751661129568,0.1237325414578556,0.1727938016604491,1.0,443,425,0.2099798277243589,868
simpsydial,simpsydial_571,3.4166666666666665,4.638888888888889,2.0,0.1445748305224868,0.1532059987921802,0.1883392568991635,1.0,491,507,0.2198978549117103,998
simpsydial,simpsydial_579,2.9,4.5,2.0,0.2657657211444248,0.1448968343520163,0.1190510715260715,1.0,416,664,0.193014937598449,1080
simpsydial,simpsydial_58,3.266666666666667,4.430555555555555,2.0,0.1182799313358301,0.1359955424001012,0.1640447327211901,1.0,455,599,0.2132225538068334,1054
simpsydial,simpsydial_587,3.3833333333333333,4.361111111111111,2.0,0.2330688743572546,0.1607471539169935,0.1224183799268771,1.0,365,509,0.1420545896825396,874
simpsydial,simpsydial_589,3.2,4.416666666666667,2.0,0.0631145634920634,0.1412560082436976,0.1914611528822055,1.0,313,489,0.2552581646825396,802
simpsydial,simpsydial_59,3.1,4.263888888888889,2.0,0.0977060646900269,0.1400386983240108,0.2062272561084358,1.0,276,586,0.1984708096063381,862
simpsydial,simpsydial_591,3.333333333333333,4.166666666666667,2.0,0.1173921931478861,0.1423769333357383,0.2042220034995625,1.0,517,695,0.1809458096163635,1212
simpsydial,simpsydial_596,3.466666666666667,4.541666666666666,2.0,0.1172676620930858,0.1407461323865301,0.1129775420794716,1.0,307,497,0.1836703974759302,804
simpsydial,simpsydial_605,3.466666666666667,4.333333333333334,2.0,-0.0617917340521114,0.1402293523042926,0.1248334206941483,0.0,277,350,0.1562536191407159,627
simpsydial,simpsydial_612,2.35,4.291666666666667,2.0,0.0751027077497665,0.1412737743888977,0.1202302423701721,1.0,436,722,0.165389621318373,1158
simpsydial,simpsydial_615,2.3833333333333333,4.555555555555555,2.0,0.2360713045634921,0.1586566485641824,0.2086070589512753,1.0,411,463,0.2296324828683308,874
simpsydial,simpsydial_618,3.35,4.402777777777778,2.0,0.042990503875969,0.1495833282636238,0.1887858800132582,1.0,440,506,0.1909240602344224,946
simpsydial,simpsydial_621,3.6666666666666665,4.722222222222222,2.0,0.0340173015873017,0.1540985394772431,0.1551205532634232,1.0,286,374,0.2119811524244401,660
simpsydial,simpsydial_625,3.333333333333333,4.75,2.0,0.1236222817460317,0.1484725364878491,0.1447307672614124,1.0,412,436,0.1847884679008215,848
simpsydial,simpsydial_630,3.6166666666666663,4.597222222222222,2.0,0.0595368699526594,0.1343698035156472,0.1321512983242077,1.0,296,498,0.1753145681176356,794
simpsydial,simpsydial_638,3.1333333333333333,4.486111111111111,2.0,0.0766068616119586,0.1246510366036599,0.1807477661334804,1.0,527,547,0.2213792551779076,1074
simpsydial,simpsydial_639,2.5166666666666666,4.194444444444445,2.0,0.1176323265726043,0.1435919556086547,0.1179574696545284,1.0,553,688,0.1955445122378848,1241
simpsydial,simpsydial_642,3.083333333333333,4.638888888888889,2.0,0.10101863997114,0.1395498484485075,0.1996176143200962,1.0,563,696,0.1945440343337723,1259
simpsydial,simpsydial_646,3.1666666666666665,4.5,2.0,0.2166144935752078,0.1515392797308918,0.1630812194388023,1.0,431,493,0.2406484323757051,924
simpsydial,simpsydial_649,3.133333333333333,4.583333333333334,2.0,-0.0360195845004668,0.1236051212904685,0.2511205026455027,0.0,351,356,0.2903881718585609,707
simpsydial,simpsydial_65,3.2166666666666663,4.458333333333334,2.0,0.1188507843137254,0.1444288324242446,0.1976512894512894,1.0,438,580,0.1812394135879687,1018
simpsydial,simpsydial_650,3.3666666666666667,4.569444444444445,2.0,-0.0069962418300653,0.1354345984775422,0.1837017034682725,0.0,436,604,0.2126554688542083,1040
simpsydial,simpsydial_652,2.3000000000000003,4.486111111111111,2.0,0.2356538470017637,0.1584927547634539,0.1273161386593204,1.0,372,775,0.1806217248953541,1147
simpsydial,simpsydial_654,2.7166666666666663,4.5,2.0,0.229175744047619,0.178900797802079,0.1446755248789823,1.0,291,564,0.2163811103961104,855
simpsydial,simpsydial_668,3.5500000000000003,4.458333333333334,2.0,0.0012729886931941,0.1299855532046299,0.2104186757990867,1.0,374,480,0.2354303415562969,854
simpsydial,simpsydial_672,3.3000000000000003,4.430555555555555,2.0,0.0648469710669077,0.1406723140797187,0.1807512597950572,1.0,404,430,0.2148576886098857,834
simpsydial,simpsydial_674,3.3000000000000003,4.027777777777778,2.0,-0.0010114814814814,0.1129680689746233,0.1431671933241194,0.0,388,590,0.1721949082042455,978
simpsydial,simpsydial_677,3.4500000000000006,4.444444444444445,2.0,0.0703271176739926,0.1222001535613348,0.2199591185897436,1.0,529,769,0.2007519538429407,1298
simpsydial,simpsydial_682,2.9,4.111111111111111,2.0,0.0758326358826358,0.1211450774028582,0.1499893309976643,1.0,342,470,0.1608856996522397,812
simpsydial,simpsydial_683,3.4333333333333336,4.305555555555555,2.0,0.0849946587301587,0.1040783178825068,0.1712582100170745,1.0,260,361,0.2535799682088744,621
simpsydial,simpsydial_686,3.266666666666667,4.583333333333333,2.0,0.2016721480900052,0.1492524318131891,0.1504559506404901,1.0,465,540,0.1974308462619197,1005
simpsydial,simpsydial_689,3.1666666666666665,4.541666666666667,2.0,0.1991196219715956,0.1367461951832698,0.1602314279497699,1.0,392,548,0.1752968673616633,940
simpsydial,simpsydial_69,3.283333333333333,4.430555555555555,2.0,0.082564947089947,0.118796008445461,0.1746629462796129,1.0,342,318,0.1617535662916731,660
simpsydial,simpsydial_692,3.1,4.486111111111111,2.0,0.0495947627314814,0.1351290421070886,0.1892347963182507,1.0,491,737,0.2158507865646258,1228
simpsydial,simpsydial_706,3.4666666666666663,4.638888888888889,2.0,0.1249179241393527,0.1226210078082109,0.1658774852724595,1.0,397,552,0.1782591079832792,949
simpsydial,simpsydial_714,2.5666666666666664,4.180555555555555,2.0,-0.0426093524531024,0.1094964825961799,0.1816233290625667,0.0,232,404,0.1999239170182841,636
simpsydial,simpsydial_718,3.4333333333333336,4.555555555555555,2.0,0.2141157367324033,0.1797706630439493,0.1256199462882796,1.0,504,611,0.2123271304645889,1115
simpsydial,simpsydial_72,3.1,4.263888888888889,2.0,0.1019360582010581,0.1454404417529821,0.1717812670442626,1.0,236,337,0.1605825045973674,573
simpsydial,simpsydial_723,3.3833333333333333,4.319444444444445,2.0,0.0418801036155202,0.1538226748778564,0.1682083959899749,1.0,370,616,0.1849600069297351,986
simpsydial,simpsydial_726,2.1666666666666665,4.402777777777778,2.0,0.1002404896421845,0.1059469858018216,0.1542202540213409,1.0,308,418,0.1800656488919936,726
simpsydial,simpsydial_734,2.1166666666666667,4.013888888888889,2.0,0.0978326972455649,0.1295626587384364,0.1062314587947582,1.0,353,517,0.1769934742532183,870
simpsydial,simpsydial_737,3.533333333333333,4.402777777777778,2.0,-0.0145089175485008,0.1358012700172977,0.1152368851386708,0.0,373,555,0.1904730594802023,928
simpsydial,simpsydial_74,3.1666666666666665,4.0,2.0,0.1791111013129531,0.1253906648759583,0.1724639472455648,1.0,417,500,0.2088892905634758,917
simpsydial,simpsydial_746,2.816666666666667,4.25,2.0,0.1222084415584415,0.1299198377656875,0.135885443001443,1.0,284,333,0.1991918075151871,617
simpsydial,simpsydial_750,3.266666666666667,4.75,2.0,0.1060336821556579,0.1542089604099981,0.1287944892473118,1.0,629,619,0.1834883580536039,1248
simpsydial,simpsydial_757,2.9166666666666665,4.583333333333334,2.0,0.0704324496465253,0.1480861550511881,0.1837099026277177,1.0,604,853,0.1782184895245618,1457
simpsydial,simpsydial_759,3.0333333333333337,4.680555555555555,2.0,-0.0514439325971934,0.1434649105252179,0.1447722531883659,0.0,355,772,0.2041863992385945,1127
simpsydial,simpsydial_77,3.433333333333333,4.513888888888889,2.0,0.0847930996472663,0.145160116249547,0.1446428154871525,1.0,371,407,0.2152011406237536,778
simpsydial,simpsydial_775,3.45,4.597222222222222,2.0,0.0414094735784608,0.1311422323148252,0.1830054042408209,1.0,405,658,0.2030218926553672,1063
simpsydial,simpsydial_786,3.216666666666667,4.347222222222222,2.0,0.2387508906525573,0.1497140956399439,0.1618316621215299,1.0,463,644,0.1785965173103361,1107
simpsydial,simpsydial_790,3.25,4.291666666666666,2.0,-0.0948946196660482,0.1202388094313754,0.1681839545844044,0.0,398,446,0.1983026824307144,844
simpsydial,simpsydial_791,2.6166666666666667,4.138888888888889,2.0,0.0630969727891156,0.1309815088326348,0.1549983344671201,1.0,359,621,0.1807659521215894,980
simpsydial,simpsydial_8,3.283333333333333,4.486111111111111,2.0,0.1377359286994367,0.1574423789963565,0.2026192871155953,1.0,632,908,0.2227618107420944,1540
simpsydial,simpsydial_800,3.1666666666666665,4.222222222222222,2.0,0.0116250839438339,0.1321012901764967,0.1951003847085908,1.0,271,484,0.2282514987468671,755
simpsydial,simpsydial_804,3.25,4.638888888888888,2.0,0.085132074438971,0.1275919856513988,0.1738526559394484,1.0,592,879,0.1871531636562671,1471
simpsydial,simpsydial_805,3.6833333333333336,4.25,2.0,0.1370639406487232,0.1431892334417039,0.1816775109469075,1.0,125,211,0.1684243418984755,336
simpsydial,simpsydial_808,2.866666666666667,4.180555555555555,2.0,0.0168356009070294,0.1256346777696704,0.1598785975109918,1.0,222,350,0.1776321591490946,572
simpsydial,simpsydial_811,3.3166666666666664,4.527777777777778,2.0,0.0508796493721867,0.1267551295672182,0.1800745534233593,1.0,344,521,0.209674372984871,865
simpsydial,simpsydial_812,3.216666666666667,4.388888888888889,2.0,0.1125148660714286,0.1794716365195145,0.1512993874440882,1.0,410,454,0.2433639281255573,864
simpsydial,simpsydial_813,3.1333333333333333,4.555555555555555,2.0,0.019077733065057,0.1283541003508604,0.237191534761018,1.0,367,414,0.2272568606701939,781
simpsydial,simpsydial_815,2.766666666666667,4.111111111111111,2.0,0.0138759090397388,0.1129633833387576,0.1984876916868442,1.0,717,829,0.1840701877661633,1546
simpsydial,simpsydial_820,2.833333333333333,4.458333333333334,2.0,0.0087340060007742,0.147298349441819,0.164936850126524,1.0,423,779,0.1910918253968253,1202
simpsydial,simpsydial_832,3.75,4.513888888888889,2.0,0.1196862281237281,0.1160062831190317,0.1824962154426987,1.0,400,535,0.1536224613736495,935
simpsydial,simpsydial_844,3.1833333333333336,4.430555555555555,2.0,0.2097221044146826,0.1555308296443701,0.1708026785714285,1.0,329,415,0.196562433536633,744
simpsydial,simpsydial_851,3.4500000000000006,4.791666666666667,2.0,0.0423818793911006,0.1147110046954433,0.2018721035636476,1.0,621,699,0.2116100034506556,1320
simpsydial,simpsydial_853,3.083333333333333,4.583333333333334,2.0,0.1226886333573833,0.1347556968908412,0.1116737393900158,1.0,671,496,0.1560047586454157,1167
simpsydial,simpsydial_864,3.5,4.388888888888889,2.0,0.0884205704365079,0.1096177160086588,0.1627728283187238,1.0,411,549,0.1983291990005879,960
simpsydial,simpsydial_870,3.15,4.472222222222222,2.0,0.0033196428571428,0.1381993649294045,0.1366301230929265,1.0,421,597,0.1924604983263146,1018
simpsydial,simpsydial_871,3.3666666666666667,4.263888888888889,2.0,0.1048125340708673,0.140750078377832,0.127001949655283,1.0,504,588,0.149876455026455,1092
simpsydial,simpsydial_875,3.15,4.652777777777778,2.0,0.0801799872623947,0.1278028537517765,0.1565552506059895,1.0,415,605,0.1610011864813039,1020
simpsydial,simpsydial_876,3.4333333333333336,4.625,2.0,-0.0072122082166198,0.1380210833445974,0.2236461932447397,0.0,353,480,0.2062421325784383,833
simpsydial,simpsydial_88,2.783333333333333,4.486111111111111,2.0,-0.042771875,0.1216194857524479,0.1894360258774871,0.0,293,407,0.1755428212491026,700
simpsydial,simpsydial_882,3.333333333333333,4.555555555555555,2.0,0.0581352521599357,0.1350685520071707,0.1742857854337021,1.0,405,593,0.2003520248967166,998
simpsydial,simpsydial_890,3.1666666666666665,4.513888888888889,2.0,0.1357599393090569,0.1418575391159997,0.1657277021475256,1.0,434,495,0.173525669540793,929
simpsydial,simpsydial_891,3.483333333333333,4.430555555555555,2.0,0.1248318007662835,0.165387669589675,0.1590414482306683,1.0,445,601,0.2057053048584298,1046
simpsydial,simpsydial_892,3.4166666666666665,4.069444444444445,2.0,0.0411795874760161,0.1316453220446055,0.148587604427736,1.0,465,632,0.1570940813778695,1097
simpsydial,simpsydial_90,3.266666666666667,4.513888888888889,2.0,0.1416709085933223,0.1177765712070264,0.1855659103320227,1.0,445,616,0.1998197092126251,1061
simpsydial,simpsydial_900,3.333333333333333,4.430555555555555,2.0,-0.0083848280423279,0.1210511101776101,0.1780305304232804,0.0,309,512,0.1652146983180283,821
simpsydial,simpsydial_902,3.65,4.555555555555555,2.0,0.143245939849624,0.1528333208722854,0.1505532615899526,1.0,488,479,0.1850860722728808,967
simpsydial,simpsydial_903,3.2,4.111111111111111,2.0,0.0390377235282297,0.1496197704343203,0.1705634629294755,1.0,404,476,0.18358208337582,880
simpsydial,simpsydial_907,3.5500000000000003,4.611111111111111,2.0,0.0240143305728088,0.149612216605457,0.1965324703410776,1.0,587,689,0.1933840353641456,1276
simpsydial,simpsydial_913,3.25,4.694444444444445,2.0,0.0896233147168332,0.1275706711030824,0.2028406673264252,1.0,418,480,0.2559519849695009,898
simpsydial,simpsydial_914,2.983333333333333,4.166666666666666,2.0,0.1603071591650358,0.1469685827016349,0.138634117279158,1.0,377,499,0.1970123283122773,876
simpsydial,simpsydial_920,3.1333333333333333,4.305555555555555,2.0,0.048466847041847,0.1192435525897479,0.1355957743673105,1.0,507,660,0.1821791505132519,1167
simpsydial,simpsydial_926,3.45,4.666666666666666,2.0,0.0882577069716776,0.150254792245404,0.1628856685577877,1.0,521,788,0.2082393137314832,1309
simpsydial,simpsydial_929,3.1333333333333333,4.527777777777778,2.0,-0.1063679947089947,0.1703746799060555,0.1391688706705197,0.0,388,464,0.2266734833420547,852
simpsydial,simpsydial_934,2.65,4.763888888888889,2.0,0.2684892886108215,0.1744398190115931,0.1647168377220264,1.0,698,886,0.2077241398345731,1584
simpsydial,simpsydial_937,3.1833333333333336,4.611111111111111,2.0,0.0844180221152131,0.1357524027399374,0.2276873319065454,1.0,454,458,0.2272698554106126,912
simpsydial,simpsydial_941,3.2999999999999994,4.361111111111112,2.0,-0.0096252227791701,0.128941221877226,0.1808044517982018,0.0,581,785,0.1862595478440517,1366
simpsydial,simpsydial_944,3.133333333333333,4.5,2.0,0.2223643187830687,0.1659936573274791,0.1711762717928701,1.0,253,481,0.1990288017890772,734
simpsydial,simpsydial_95,3.2833333333333337,4.597222222222221,2.0,0.1069424657534246,0.1555346918644121,0.1526944250345065,1.0,377,373,0.1980186954910169,750
simpsydial,simpsydial_950,3.3666666666666667,4.611111111111111,2.0,0.1232185737401756,0.1434587494651249,0.1410665689984004,1.0,525,857,0.211594109856993,1382
simpsydial,simpsydial_953,3.15,4.416666666666666,2.0,0.1201364661654135,0.1341851610182347,0.1868990701565178,1.0,583,940,0.2025438524031166,1523
simpsydial,simpsydial_96,3.4166666666666665,4.375,2.0,0.1387770439225918,0.1397182304445883,0.1398249580591044,1.0,378,446,0.2118709545603138,824
simpsydial,simpsydial_960,3.583333333333333,4.805555555555555,2.0,-0.0245238496522204,0.1299445234563139,0.1663445710718744,0.0,454,619,0.2196505204267499,1073
simpsydial,simpsydial_962,3.2166666666666663,4.486111111111111,2.0,0.2006378998778998,0.1248186707274923,0.1950056620209059,1.0,337,330,0.1975633412451169,667
simpsydial,simpsydial_964,3.6666666666666665,4.347222222222221,2.0,0.0262706499899537,0.1453569579415172,0.1351528543581175,1.0,408,649,0.1841738504464286,1057
simpsydial,simpsydial_966,2.766666666666667,4.277777777777779,2.0,0.1225150491718426,0.1638253379033349,0.1787449151377722,1.0,471,793,0.2071212822926789,1264
simpsydial,simpsydial_97,2.566666666666667,4.722222222222222,2.0,0.0964147218293257,0.1483412269176272,0.1389160190913635,1.0,517,567,0.1996383882346248,1084
simpsydial,simpsydial_976,2.6500000000000004,4.555555555555555,2.0,0.0352654047619047,0.1044840584862753,0.1956119929453262,1.0,513,820,0.2378614223083396,1333
simpsydial,simpsydial_983,3.516666666666667,4.666666666666666,2.0,0.0401756519274376,0.1735291297243589,0.1825059637188208,1.0,429,540,0.1879934609750994,969
simpsydial,simpsydial_988,3.35,4.986111111111111,2.0,0.0938626632104454,0.1292572771543639,0.204369401131239,1.0,632,961,0.2378100811157796,1593
simpsydial,simpsydial_991,3.1666666666666665,4.347222222222222,2.0,0.0509647454510259,0.1522154812150332,0.1581684581881533,1.0,419,462,0.2141714329513998,881
simpsydial,simpsydial_993,3.1,4.416666666666667,2.0,0.0755305643738976,0.1484251573143675,0.1531313290139064,1.0,461,631,0.2217815329454397,1092
smile,smile_0,2.033333333333333,4.597222222222222,2.0,0.1615770481310803,0.1502824876163345,0.237894879672299,1.0,164,362,0.2027234138225639,526
smile,smile_1,2.1666666666666665,4.5,2.0,0.1587234962406015,0.1444459351897085,0.1926434441989854,1.0,203,264,0.1789473373793962,467
smile,smile_10,2.316666666666667,4.458333333333334,2.0,0.1488975896531452,0.1755199325975857,0.1446456434852118,1.0,148,199,0.2359392878028404,347
smile,smile_100,2.75,4.402777777777778,2.0,0.1150534188034187,0.1268667454458404,0.1529294272684198,1.0,143,296,0.1700911343399148,439
smile,smile_101,2.333333333333333,4.375,2.0,0.1043539224664224,0.0952880625215656,0.1646684720707621,1.0,140,267,0.1858364571797711,407
smile,smile_102,2.3666666666666667,4.236111111111111,2.0,0.1566137727448703,0.1313124251239024,0.1522897326244413,1.0,421,349,0.1501698646125116,770
smile,smile_103,2.1666666666666665,4.444444444444445,2.0,-0.002648380952381,0.1380068716833872,0.2340503038194444,0.0,137,219,0.1936020238095238,356
smile,smile_104,2.6833333333333336,4.513888888888889,2.0,-0.011147802197802,0.1426348024108786,0.2397096214896214,0.0,139,272,0.2591034643008026,411
smile,smile_105,2.6833333333333336,4.472222222222221,2.0,0.1769121031746031,0.1504485424244968,0.2693396857923497,1.0,131,221,0.2504051886792452,352
smile,smile_106,2.3833333333333333,4.166666666666667,2.0,-0.1715883786848073,0.1786031745439836,0.1832074319727891,0.0,219,421,0.2465192036523346,640
smile,smile_107,3.15,4.208333333333333,2.0,0.1529949633699633,0.0956138554217408,0.1175332563373608,1.0,76,235,0.1626563825677763,311
smile,smile_108,2.2,4.694444444444445,2.0,0.1368564169570267,0.1649649643821822,0.1324232344145387,1.0,216,285,0.1657845611916263,501
smile,smile_109,2.983333333333333,4.055555555555555,2.0,0.2627714965986394,0.1905135206189748,0.1589094861221956,1.0,188,263,0.2076157495938007,451
smile,smile_11,2.583333333333333,4.013888888888889,2.0,-0.0225309267793138,0.1170351183385389,0.1592519268925519,0.0,321,391,0.1862088215740048,712
smile,smile_110,2.1166666666666667,4.5,2.0,0.1561344529478457,0.1205350072482617,0.1701252409297052,1.0,289,454,0.2056964472980203,743
smile,smile_111,2.083333333333333,4.541666666666666,2.0,0.0835432787698412,0.1632768821454199,0.1413846180555555,1.0,169,389,0.194825962823726,558
smile,smile_112,2.35,4.458333333333334,2.0,0.0872145282186949,0.1992378656823122,0.0750108102215244,1.0,191,457,0.2420446543721655,648
smile,smile_113,2.8166666666666664,4.5,2.0,0.1071535336356765,0.1581518064861852,0.1937712339023659,1.0,221,307,0.191968393789283,528
smile,smile_114,1.7833333333333332,4.541666666666666,2.0,0.1448448179271709,0.1448595128334342,0.2358109925196132,1.0,183,435,0.2280882973768537,618
smile,smile_115,2.066666666666667,4.513888888888889,2.0,0.0030517899358324,0.1460171516485292,0.1708761721355208,1.0,247,524,0.1855493604561565,771
smile,smile_116,2.0666666666666664,4.5,2.0,0.1044047077922077,0.1522436173018838,0.2198320507369615,1.0,121,446,0.1980120418800625,567
smile,smile_117,2.4,4.347222222222222,2.0,-0.0255733796296296,0.1145907322259965,0.1829576893052303,0.0,192,552,0.2046679835715747,744
smile,smile_118,2.466666666666667,4.541666666666666,2.0,0.2478395617667356,0.1657890711135373,0.2896532367149759,1.0,124,281,0.2703261569211018,405
smile,smile_119,2.3666666666666667,3.666666666666667,2.0,-0.0031172955974843,0.1087553816333499,0.1401952691897654,0.0,277,428,0.2372213149221502,705
smile,smile_12,2.233333333333333,4.444444444444445,2.0,-0.0801253450655624,0.1235870091651738,0.2234650352733686,0.0,126,706,0.1072015337842453,832
smile,smile_120,2.2333333333333334,4.541666666666667,2.0,0.0463213639719453,0.1614650932220587,0.1650506016980435,1.0,224,451,0.2025055016878546,675
smile,smile_121,3.016666666666667,4.5,2.0,0.0271420150987224,0.1237923537966413,0.208639259645464,1.0,420,333,0.1889610070056829,753
smile,smile_122,2.4333333333333336,4.569444444444445,2.0,0.0592871459694988,0.126283851093996,0.2124905807801156,1.0,267,468,0.1672378125324203,735
smile,smile_123,2.466666666666667,4.333333333333334,2.0,0.1510267305996472,0.1271291614796942,0.1139627501725327,1.0,193,296,0.1538383136994635,489
smile,smile_124,1.5833333333333333,2.888888888888889,2.0,0.0170313968253968,0.1579170016811662,0.1591588214915595,1.0,135,156,0.1442872691933916,291
smile,smile_125,1.9166666666666667,3.2777777777777777,2.0,-0.1189628306878306,0.1488054533519621,0.0667449779541446,0.0,189,221,0.1504070511380653,410
smile,smile_126,2.266666666666667,3.944444444444444,2.0,-0.1198101865488463,0.1464300576272792,0.1929159858149122,0.0,498,523,0.1815451168859243,1021
smile,smile_127,1.7833333333333332,4.652777777777778,2.0,0.153781746031746,0.1494431581610224,0.2453867017704517,1.0,269,300,0.2339274573174057,569
smile,smile_128,2.2,4.583333333333334,2.0,0.1234367724867724,0.132030791960786,0.2343694531182236,1.0,192,404,0.2154039099859353,596
smile,smile_129,1.7166666666666668,3.736111111111111,2.0,-0.0345072606646825,0.1340166204391433,0.1481194487847222,0.0,649,514,0.135314190633349,1163
smile,smile_130,2.8000000000000003,4.430555555555555,2.0,-0.1098060812203668,0.1328919901520593,0.1685768460562919,0.0,397,559,0.1654557279942279,956
smile,smile_131,1.7666666666666668,4.194444444444445,2.0,-0.0329573242630385,0.1729866924816577,0.2336975419501133,0.0,184,870,0.1760458119019965,1054
smile,smile_132,2.45,4.555555555555555,2.0,-0.0342750992063491,0.1378311522044311,0.1808865973619494,0.0,293,498,0.1459859853280098,791
smile,smile_133,1.9166666666666667,4.458333333333334,2.0,0.0546230265980265,0.1363245707014211,0.2295270095917155,1.0,196,378,0.1972470254226351,574
smile,smile_134,1.9,4.569444444444445,2.0,0.2645705782312925,0.167356004250222,0.1957181249193444,1.0,255,456,0.1822653820887042,711
smile,smile_135,2.216666666666667,4.361111111111111,2.0,0.2367676807760141,0.1529345906289899,0.1145363256907701,1.0,144,400,0.1520400174562578,544
smile,smile_136,2.2666666666666666,4.152777777777778,2.0,0.0713079047619047,0.1636529572699866,0.101435191484001,1.0,135,301,0.173641801206784,436
smile,smile_137,3.0500000000000003,4.597222222222222,2.0,0.1429969932844933,0.1440675422011337,0.1874368396114664,1.0,143,606,0.2100858365903592,749
smile,smile_138,2.7000000000000006,4.486111111111111,2.0,0.1212256559766764,0.1387022090431736,0.1315919391853127,1.0,258,205,0.1918004737609329,463
smile,smile_139,2.533333333333333,4.444444444444445,2.0,0.000283560090703,0.1375261663392604,0.1143763677592249,1.0,394,854,0.1409310519395134,1248
smile,smile_14,1.9833333333333332,4.930555555555555,2.0,0.0003352733686066,0.1495220428307595,0.1575246463077984,1.0,147,348,0.1644192618345273,495
smile,smile_140,2.6333333333333333,4.777777777777779,2.0,0.1260407965632735,0.1500527209588462,0.1547636289248059,1.0,557,755,0.1822567752883101,1312
smile,smile_141,2.9166666666666665,4.541666666666666,2.0,0.0844939858906526,0.1374184627069612,0.2088980158730159,1.0,236,333,0.1743779014795218,569
smile,smile_142,2.6666666666666665,4.430555555555555,2.0,0.1226692671394799,0.1234609297081582,0.1397849089635854,1.0,247,387,0.1778686392458217,634
smile,smile_143,2.35,4.416666666666666,2.0,0.1764883896569379,0.1537520175113604,0.184149211469534,1.0,164,521,0.2180034846230159,685
smile,smile_144,2.6333333333333333,3.9305555555555554,2.0,-0.0766439213564213,0.1613317428050318,0.0829048918387414,0.0,122,275,0.1359367123165055,397
smile,smile_145,2.7,4.5,2.0,0.1984260085978836,0.1146851736607129,0.2336221422171019,1.0,133,225,0.2393619911081716,358
smile,smile_146,2.466666666666667,4.069444444444445,2.0,-0.293392821067821,0.1825556326265336,0.1493340773809524,0.0,121,449,0.1940498791486291,570
smile,smile_147,2.45,3.8194444444444446,2.0,-0.0344770238095237,0.1229213479188248,0.1279731889978213,0.0,213,383,0.1544562759952465,596
smile,smile_148,2.716666666666667,4.472222222222221,2.0,0.061553058459156,0.1255659553402942,0.2128235822160579,1.0,215,529,0.205111166056166,744
smile,smile_149,1.9666666666666668,4.569444444444445,2.0,0.188258071278826,0.1338326900857601,0.1497962212745795,1.0,277,587,0.17869689267864,864
smile,smile_15,1.3,3.5416666666666665,2.0,,,,,21,611,0.1455044613194115,632
smile,smile_150,2.583333333333333,4.013888888888889,2.0,-0.0542546554394115,0.1523291737619683,0.1739817916002126,0.0,218,499,0.2073974295432459,717
smile,smile_151,2.433333333333333,4.569444444444445,2.0,0.0213407903439153,0.144317672306781,0.1890272846038278,1.0,252,530,0.2312383717210492,782
smile,smile_152,2.55,4.583333333333334,2.0,0.1289532490079365,0.1668050127312104,0.1581158118386243,1.0,249,433,0.1769523687855645,682
smile,smile_153,2.0500000000000003,3.3472222222222223,2.0,0.0789336451247165,0.1082184430107711,0.1444676184926185,1.0,152,582,0.1724359255104019,734
smile,smile_154,2.2333333333333334,3.305555555555556,2.0,0.0366331746031745,0.1125501417731671,0.1563698728056344,1.0,160,378,0.2368618488407106,538
smile,smile_155,2.4833333333333334,4.638888888888889,2.0,0.2549026302401302,0.1412287315900526,0.2018807910120569,1.0,400,598,0.2362322533484248,998
smile,smile_156,2.3,3.375,2.0,-0.0966209677419355,0.1395332414058865,0.1696484203296703,0.0,321,144,0.1677850764256319,465
smile,smile_157,2.0,4.430555555555555,2.0,0.0256230573323857,0.1399650761286033,0.1941369118480725,1.0,345,581,0.2094801053113553,926
smile,smile_158,2.6333333333333333,4.513888888888889,2.0,0.1934762488328664,0.1374701977774324,0.2332228243021346,1.0,183,293,0.1754923219874804,476
smile,smile_159,2.8166666666666664,4.388888888888889,2.0,0.3910913029100529,0.1860297762077783,0.1127103736772486,1.0,129,281,0.1190313214869281,410
smile,smile_16,1.9,4.555555555555555,2.0,0.1254545292829776,0.1847337952613036,0.1661911196911197,1.0,157,325,0.113307033604581,482
smile,smile_160,1.8,3.791666666666667,2.0,0.1985018037518037,0.1369987433799697,0.1302303414411328,1.0,287,489,0.1678133416005291,776
smile,smile_161,2.1166666666666667,3.2777777777777777,2.0,0.0580124141198768,0.1015227405019018,0.0839326809853516,1.0,346,298,0.1506980213654088,644
smile,smile_162,1.7333333333333332,3.1388888888888893,2.0,0.061044983416252,0.101725344588014,0.0982139694385216,1.0,344,378,0.1842933367746376,722
smile,smile_163,2.4,4.0,2.0,0.0217146475256769,0.1061633020602425,0.1205876937714656,1.0,351,517,0.1850186703224597,868
smile,smile_164,2.316666666666667,4.0,2.0,0.1829146524010448,0.1193937738086002,0.1377739788760622,1.0,405,427,0.1780384816207184,832
smile,smile_165,2.2666666666666666,3.013888888888889,2.0,0.0658299229353577,0.1167487812167859,0.1119645992975734,1.0,357,366,0.1704070917255791,723
smile,smile_166,1.6333333333333335,4.0,2.0,0.1892960317460317,0.1345341498631691,0.2073038535092752,1.0,175,368,0.1939218143431931,543
smile,smile_167,2.066666666666667,4.472222222222222,2.0,0.0847555764411027,0.1095950965810303,0.2208432415674603,1.0,201,381,0.2044099131677761,582
smile,smile_168,2.516666666666667,4.652777777777778,2.0,0.1832928493619671,0.1490857777392406,0.1630775270702596,1.0,267,437,0.2006689753004005,704
smile,smile_169,2.95,4.486111111111111,2.0,0.1388367604617604,0.1599700083901863,0.1799383941917574,1.0,232,386,0.1868385341669824,618
smile,smile_17,2.2333333333333334,4.319444444444445,2.0,0.0017348385331143,0.1287826182406311,0.1018625187687687,1.0,157,265,0.132706400359623,422
smile,smile_170,2.216666666666667,4.027777777777778,2.0,0.0296435916919959,0.1519250945645767,0.1671604480504162,1.0,480,478,0.2152414365248587,958
smile,smile_171,2.2,3.9027777777777777,2.0,0.287340992063492,0.1474359566011482,0.189073433447453,1.0,162,314,0.1040784972677595,476
smile,smile_172,2.45,4.486111111111111,2.0,0.1611027472527472,0.1482878001213482,0.1351660854577521,1.0,207,450,0.2330961235287766,657
smile,smile_173,2.1833333333333336,4.541666666666666,2.0,-0.0203483319881624,0.1639088834777884,0.1892459671778316,0.0,304,487,0.1704636008168958,791
smile,smile_174,2.2333333333333334,3.958333333333333,2.0,-0.0193668719211822,0.1562286566930242,0.1422283409698358,0.0,300,420,0.218750507859267,720
smile,smile_175,2.45,4.513888888888889,2.0,0.09854006398425,0.1587878409224425,0.1806835709386635,1.0,657,460,0.2159403653257312,1117
smile,smile_176,1.7666666666666666,4.25,2.0,0.1148135044642857,0.1535150828807243,0.1476601933755958,1.0,332,450,0.252083907425404,782
smile,smile_177,1.9333333333333331,3.2777777777777777,2.0,,,,,28,364,0.1376010138609434,392
smile,smile_178,2.85,4.527777777777778,2.0,0.0986208705357142,0.1287229155991257,0.1717763161786454,1.0,170,401,0.1840360503725299,571
smile,smile_179,3.0666666666666664,4.444444444444445,2.0,0.0465857851473923,0.1323295301865006,0.1419395946712018,1.0,149,281,0.1938806182889822,430
smile,smile_18,2.5500000000000003,4.875,2.0,0.0582465109314165,0.1484502408218674,0.1736057067984426,1.0,274,514,0.0937953551783749,788
smile,smile_180,2.4333333333333336,4.611111111111111,2.0,0.341001440329218,0.1607463603767522,0.2050766394392306,1.0,146,454,0.1215642464776172,600
smile,smile_181,2.3833333333333333,4.638888888888889,2.0,0.2611902201740911,0.1520522802350213,0.1773665674603174,1.0,165,416,0.2198844770094769,581
smile,smile_183,2.566666666666667,4.694444444444445,2.0,0.0839981691919191,0.1297509866744621,0.1898503860028859,1.0,229,437,0.2252036465287049,666
smile,smile_184,2.8000000000000003,4.041666666666666,2.0,0.0654163015873015,0.1115311268993503,0.1663588761904761,1.0,134,171,0.1298503355869096,305
smile,smile_185,2.8000000000000003,4.527777777777778,2.0,0.0262362487852283,0.1526298769949304,0.1838379538590064,1.0,256,347,0.2057529867568329,603
smile,smile_186,3.0666666666666664,4.25,2.0,0.060035294117647,0.1581108459486558,0.1560258854023305,1.0,182,300,0.1722556919216713,482
smile,smile_187,1.8333333333333333,4.263888888888889,2.0,0.1569174503968254,0.1409255818131987,0.113935566949552,1.0,211,355,0.1581836464354528,566
smile,smile_188,2.333333333333333,4.5,2.0,0.0966251984126984,0.1041723571814613,0.1913433209647495,1.0,163,376,0.1782901582976514,539
smile,smile_189,2.65,4.430555555555555,2.0,-0.1583582598471487,0.1332219573396809,0.2134982328422976,0.0,148,469,0.203871580400276,617
smile,smile_19,2.066666666666667,4.541666666666666,2.0,0.0756435083435083,0.1350219165481804,0.171957966877227,1.0,205,423,0.1636020665593129,628
smile,smile_190,2.266666666666667,4.458333333333334,2.0,0.0750424107142857,0.1435712503553062,0.2026552591317652,1.0,92,548,0.1643067077480343,640
smile,smile_191,2.0,4.458333333333334,2.0,0.1298148809523809,0.1614227716152627,0.2230053891811682,1.0,362,432,0.1899378879132425,794
smile,smile_192,2.65,4.138888888888889,2.0,-0.0437468849206349,0.152231294567601,0.0965441765873015,0.0,209,295,0.1656126012876012,504
smile,smile_193,1.95,4.375,2.0,0.1228449892386333,0.1745522037740844,0.1014678732849072,1.0,304,510,0.1679206420492348,814
smile,smile_194,1.5666666666666669,3.2777777777777777,2.0,0.2673679773929774,0.1987728683690538,0.0900272590361446,1.0,175,442,0.0999716091132372,617
smile,smile_195,1.5333333333333332,4.652777777777778,2.0,0.2577918776371307,0.1768112126291404,0.1524252376974181,1.0,408,676,0.1918353251945455,1084
smile,smile_196,1.6499999999999997,4.375,2.0,0.2094164786967417,0.1696787054851712,0.158003656167328,1.0,393,643,0.2004008981773571,1036
smile,smile_197,1.5333333333333332,3.430555555555556,2.0,0.215481881533101,0.1647105957948121,0.0517155467796092,1.0,217,508,0.1526037996628176,725
smile,smile_198,2.6833333333333336,4.166666666666666,2.0,0.1332867162698413,0.1807024691612125,0.2160350436507936,1.0,209,316,0.2532102567085466,525
smile,smile_199,1.8833333333333333,4.458333333333334,2.0,0.0747865079365079,0.1203456377479862,0.2630094434398231,1.0,88,269,0.2007064743589743,357
smile,smile_2,2.0500000000000003,4.416666666666666,2.0,-0.002359539525381,0.1373965503360959,0.193856539433062,0.0,518,438,0.1968841232841232,956
smile,smile_20,2.033333333333333,4.569444444444445,2.0,0.0441975544481359,0.1251883308732874,0.1846408674787744,1.0,224,566,0.1272181748881479,790
smile,smile_200,1.9333333333333336,4.444444444444445,2.0,0.1553243297318927,0.1485085665489688,0.1056367729284256,1.0,608,538,0.1401565269901281,1146
smile,smile_201,2.233333333333334,4.194444444444445,2.0,0.0217785079365079,0.1593153125496915,0.0523647055555555,1.0,509,302,0.1071442616068042,811
smile,smile_202,1.7333333333333334,4.333333333333333,2.0,0.1220639890224002,0.1582735144531571,0.0880135885089966,1.0,548,418,0.1273422002949509,966
smile,smile_21,2.1666666666666665,4.333333333333334,2.0,0.1322416666666666,0.1159854280664188,0.0059816814322628,1.0,138,390,0.1109364787734866,528
smile,smile_22,1.9833333333333332,4.5,2.0,-0.0113823086946221,0.14777282780108,0.117314666005291,0.0,345,372,0.2151661791070881,717
smile,smile_23,2.8166666666666664,4.180555555555555,2.0,-0.056167361111111,0.1349631221562627,0.2637817652951147,0.0,112,123,0.2022298698134224,235
smile,smile_24,2.333333333333333,4.027777777777778,2.0,-0.1461384379509379,0.1295779690726213,0.2370743457743457,0.0,120,241,0.1989000205254515,361
smile,smile_25,2.9000000000000004,4.694444444444445,2.0,0.2352126044277359,0.1382265930322894,0.1740433201058201,1.0,201,290,0.148690988815455,491
smile,smile_26,2.033333333333333,4.541666666666666,2.0,0.1054000222935616,0.162273413960465,0.1377454843395691,1.0,457,491,0.1368709469472436,948
smile,smile_28,1.8,4.541666666666666,2.0,0.1834399610136451,0.1547661853762254,0.1549770576645577,1.0,295,462,0.1066278881530537,757
smile,smile_29,2.1,4.111111111111111,2.0,0.1148661794750904,0.1548736371282412,0.1336071499292786,1.0,514,768,0.1483355814877554,1282
smile,smile_3,3.2,4.777777777777778,2.0,0.1534178333333333,0.1492051957725572,0.1446202239789196,1.0,262,432,0.1421075199819881,694
smile,smile_30,2.5500000000000003,4.680555555555555,2.0,0.2965883408919122,0.1721445143420965,0.1719489638447972,1.0,117,362,0.1914826858222042,479
smile,smile_31,2.45,4.555555555555555,2.0,0.1010640661938534,0.1432847445195534,0.2009042339111376,1.0,248,353,0.1769338951181247,601
smile,smile_32,2.45,4.5,2.0,0.0739740259740259,0.1643465036620589,0.0515819313753445,1.0,176,359,0.1897492721088435,535
smile,smile_33,3.0666666666666664,4.277777777777778,2.0,0.0997251700680272,0.1125717124814432,0.1450263080540858,1.0,117,177,0.197483059334845,294
smile,smile_34,2.033333333333333,4.694444444444445,2.0,0.1533129173508483,0.11788275974523,0.2274990718090889,1.0,301,540,0.2532947747586165,841
smile,smile_35,2.9666666666666663,4.833333333333334,2.0,0.2383077215608465,0.1531856736698404,0.2040003494676334,1.0,252,363,0.2234508474576271,615
smile,smile_36,2.866666666666667,4.75,2.0,0.1101740902051877,0.118659152753135,0.1465381494386372,1.0,214,434,0.1542494537815126,648
smile,smile_37,3.25,4.152777777777778,2.0,0.1480468253968254,0.1155036275680418,0.1797134952380952,1.0,134,348,0.1580263321159339,482
smile,smile_38,2.733333333333333,4.527777777777778,2.0,0.0404982590885815,0.1224882918167741,0.1606934152585765,1.0,164,492,0.1710679434092477,656
smile,smile_39,2.65,4.319444444444445,2.0,0.1247586433531746,0.1542966382257566,0.1438388124815143,1.0,170,523,0.1798019076956333,693
smile,smile_4,2.6666666666666665,4.138888888888889,2.0,0.1843906135531136,0.1471652548072758,0.1274878351972102,1.0,273,660,0.1984666739814205,933
smile,smile_40,2.3166666666666664,4.458333333333334,2.0,-0.0284779431216931,0.1289128284562762,0.1246965384363111,0.0,251,423,0.1709574514991181,674
smile,smile_41,2.466666666666667,4.638888888888889,2.0,0.0717899553571428,0.1416433570069879,0.1356455565353714,1.0,252,503,0.1597652978600346,755
smile,smile_42,2.7166666666666663,4.569444444444445,2.0,0.1756452806122447,0.1688671736451021,0.1326094387755101,1.0,149,368,0.1715543927134456,517
smile,smile_43,2.6333333333333333,4.25,2.0,0.1897178053830227,0.116273053152337,0.2306127225672878,1.0,124,199,0.1937193483709273,323
smile,smile_44,1.3833333333333335,4.375,2.0,0.1113153115501519,0.1407303813025706,0.1665153275920297,1.0,479,579,0.1517013262322472,1058
smile,smile_45,1.6666666666666667,4.416666666666666,2.0,0.3103487071172555,0.1704220782905121,0.1185561141441714,1.0,166,399,0.1405563532763532,565
smile,smile_46,2.1166666666666667,4.638888888888889,2.0,0.1090858928571428,0.148087868136098,0.1910706289682539,1.0,409,502,0.197612689558582,911
smile,smile_47,2.9333333333333336,4.5,2.0,-0.0040050952380952,0.0979789293395597,0.1900987751531059,0.0,263,432,0.1799922726931592,695
smile,smile_48,3.583333333333333,4.388888888888889,2.0,-0.0064937865497076,0.0959317050307512,0.2336085726558664,0.0,203,301,0.1707910238638834,504
smile,smile_49,2.7833333333333337,4.333333333333333,2.0,0.049615197568389,0.1405702417970523,0.1750082472137791,1.0,244,433,0.2038917312443845,677
smile,smile_5,2.933333333333333,3.458333333333333,2.0,0.1554602380952381,0.1226783088241566,0.1149740793650793,1.0,84,364,0.2045679946344735,448
smile,smile_50,2.1,4.513888888888889,2.0,0.2008772145417307,0.1405148571136898,0.1662330619559651,1.0,164,476,0.1739316644573604,640
smile,smile_51,2.1,4.569444444444445,2.0,0.3134839111668059,0.1835594051182016,0.1635622431077694,1.0,294,406,0.2133044780296669,700
smile,smile_52,2.6666666666666665,4.416666666666666,2.0,0.155565250410509,0.1602258616291478,0.0965823581992523,1.0,302,311,0.1911934444970041,613
smile,smile_53,2.5166666666666666,4.125,2.0,0.1820274062816615,0.1826853068472059,0.194053616636528,1.0,246,287,0.2502851161927601,533
smile,smile_54,1.7833333333333332,4.541666666666666,2.0,0.1285952718676123,0.1398325063218391,0.1812658308004053,1.0,244,409,0.1566394880952381,653
smile,smile_55,2.65,4.527777777777778,2.0,-0.0230140100250626,0.1696731663266297,0.1252895033013205,0.0,485,487,0.1707306169887759,972
smile,smile_56,1.5333333333333332,3.305555555555556,2.0,-0.0157023745519713,0.1417159873981089,0.0852370391705069,0.0,319,319,0.1187036879160266,638
smile,smile_57,2.1666666666666665,4.555555555555555,2.0,0.1667976812947401,0.1722755183960716,0.1282712013694366,1.0,264,409,0.1798347152777778,673
smile,smile_58,1.7,4.541666666666666,2.0,0.0243682539682539,0.1487592743605872,0.1073188827976638,1.0,452,307,0.1713810682326622,759
smile,smile_59,1.3333333333333333,4.222222222222222,2.0,0.0400112677527151,0.1274827200404793,0.173675153743871,1.0,200,381,0.2145225646441372,581
smile,smile_6,3.4000000000000004,4.541666666666666,2.0,0.085691433747412,0.1061475491776536,0.2027801910893112,1.0,242,292,0.2290181389870436,534
smile,smile_60,1.7666666666666666,4.333333333333334,2.0,0.1133944962042787,0.1675835476427713,0.1302517644253696,1.0,242,324,0.1722726064499874,566
smile,smile_61,1.75,3.958333333333333,2.0,-0.0986963675213675,0.1545631362688529,0.090473005749919,0.0,205,310,0.1014380055898328,515
smile,smile_62,1.6833333333333331,4.236111111111111,2.0,0.1402270394979697,0.11907229561101,0.20210119232189,1.0,224,292,0.1991200922654103,516
smile,smile_63,2.233333333333333,4.111111111111111,2.0,0.0308159152313407,0.1185209244620219,0.1376968570761638,1.0,247,454,0.1843236418762261,701
smile,smile_64,2.0166666666666666,4.444444444444445,2.0,-0.0251151360544217,0.1612138151973458,0.1013849842767295,0.0,221,469,0.183939494478951,690
smile,smile_65,2.1333333333333333,4.180555555555555,2.0,0.040543924963925,0.1446159025979717,0.1038973918794571,1.0,285,384,0.1515465269841269,669
smile,smile_66,2.2,4.375,2.0,0.0005755617398473,0.131041369494911,0.0974240356937247,1.0,395,299,0.1728231841817187,694
smile,smile_67,2.15,4.555555555555555,2.0,0.003224375,0.129463732086643,0.1370367408986811,1.0,210,319,0.185460597798259,529
smile,smile_68,1.7166666666666668,4.583333333333333,2.0,0.0585731845238095,0.1142440494316716,0.1763119305555555,1.0,209,410,0.2087204983572813,619
smile,smile_69,2.2,4.527777777777778,2.0,0.0226236205593348,0.1437248601288545,0.1114844696397077,1.0,324,323,0.1546287660499444,647
smile,smile_7,2.3833333333333333,4.486111111111111,2.0,0.160924823037323,0.1365463876643757,0.1904500456243103,1.0,383,347,0.1662851542688081,730
smile,smile_70,2.1,4.541666666666666,2.0,0.1511159029649595,0.1198749738389884,0.1214602567519545,1.0,277,277,0.1511611155531864,554
smile,smile_71,2.016666666666667,4.472222222222221,2.0,0.0151347275847275,0.1386597896703182,0.1105953936078936,1.0,379,305,0.1636557164307164,684
smile,smile_72,2.1666666666666665,4.444444444444445,2.0,-0.0241608436853001,0.1313778842730587,0.140368298826777,0.0,239,376,0.1141092686302495,615
smile,smile_73,2.533333333333333,4.111111111111111,2.0,0.0637301109198699,0.1072713010409596,0.1908709249084249,1.0,425,329,0.1816360416666666,754
smile,smile_74,,,,0.0020491709183673,0.1385754160358281,0.1368023443656422,1.0,291,0,,291
smile,smile_75,1.95,4.666666666666666,2.0,0.152256218294878,0.150439692268825,0.1680612776797962,1.0,495,268,0.2699296960225531,763
smile,smile_76,2.483333333333333,4.486111111111111,2.0,-0.0573768736186457,0.1618402163635907,0.1130661551806652,0.0,407,402,0.1699325972373682,809
smile,smile_77,1.9666666666666668,4.388888888888889,2.0,0.0616221717171717,0.1098803375968146,0.1863857976765585,1.0,285,620,0.1326392486945678,905
smile,smile_78,2.8166666666666664,4.569444444444445,2.0,0.2059122338366241,0.1399647440665486,0.2345914123901987,1.0,215,384,0.212423965079365,599
smile,smile_79,1.9,4.0,2.0,-0.0389154365079364,0.1480058356789004,0.1858450357920946,0.0,162,354,0.1582094248907292,516
smile,smile_8,2.733333333333333,4.652777777777778,2.0,0.3210096525096527,0.1454382008411478,0.2172109738309738,1.0,194,380,0.2057910644761049,574
smile,smile_80,2.6833333333333336,4.055555555555555,2.0,-0.0553041666666666,0.115408129829867,0.1562245955433455,0.0,113,373,0.1626294719169719,486
smile,smile_81,1.7333333333333332,4.5,2.0,0.1655130731922399,0.1289243671396946,0.2313911794532627,1.0,189,410,0.211492310889443,599
smile,smile_82,2.9166666666666665,4.333333333333334,2.0,-0.0310930735930735,0.1008551569704595,0.1578201972101972,0.0,174,386,0.0912934276451517,560
smile,smile_83,2.4166666666666665,4.569444444444445,2.0,0.0373641933497536,0.1497454461804219,0.2019819757012393,1.0,593,550,0.2297544817064225,1143
smile,smile_84,2.5666666666666664,4.569444444444445,2.0,-0.0175548085901025,0.1418972811126606,0.196864050558495,0.0,522,482,0.2418914443437699,1004
smile,smile_85,2.333333333333333,4.625,2.0,0.0099941826215022,0.1435207343552354,0.1963155299696881,1.0,496,737,0.2337182806776556,1233
smile,smile_86,2.066666666666667,4.5,2.0,0.0356536228689006,0.1310057386665179,0.219592025560224,1.0,553,549,0.2130127064961787,1102
smile,smile_87,2.066666666666667,4.013888888888889,2.0,0.0076607910906297,0.129484568650334,0.2017520419088406,1.0,476,628,0.1884247115162705,1104
smile,smile_88,2.183333333333333,4.347222222222222,2.0,-0.0103113771645021,0.129957158359834,0.1906879438532373,0.0,452,578,0.1903037959940859,1030
smile,smile_89,2.5166666666666666,4.513888888888889,2.0,0.0990253968253968,0.1484649514224112,0.2168974382049436,1.0,472,373,0.2528696984563056,845
smile,smile_9,2.533333333333333,4.541666666666666,2.0,0.1360859457671957,0.2172709433067227,0.1422238287250384,1.0,133,297,0.2095388296406525,430
smile,smile_90,2.65,4.208333333333334,2.0,-0.0070023482726424,0.1299384620560568,0.201906282137268,0.0,435,391,0.2128195929942657,826
smile,smile_91,2.083333333333333,4.291666666666667,2.0,0.0469637580673294,0.1284873242885994,0.2140298918694115,1.0,467,587,0.2162662190366342,1054
smile,smile_92,2.816666666666667,4.097222222222222,2.0,0.1497509658580412,0.1541580218084745,0.1431878122192273,1.0,274,464,0.2212192037327751,738
smile,smile_93,2.1666666666666665,4.444444444444445,2.0,0.1305468614718615,0.1265007036115157,0.1521865850177001,1.0,287,346,0.1456466758513494,633
smile,smile_94,2.4666666666666663,4.208333333333334,2.0,0.114147514962269,0.1394598427972326,0.1454377294348792,1.0,316,398,0.2120926276165993,714
smile,smile_95,2.533333333333333,4.013888888888889,2.0,0.0583685626102292,0.1358091864690163,0.1217916024187452,1.0,324,473,0.1755922422345375,797
smile,smile_96,2.75,4.569444444444445,2.0,0.1976043587805492,0.1443594585313609,0.1482244384546271,1.0,327,456,0.1652797645680196,783
smile,smile_97,2.5166666666666666,4.5,2.0,0.1668698412698412,0.1454960025659022,0.1216077070932539,1.0,201,370,0.119816502880007,571
smile,smile_98,1.6166666666666665,3.875,2.0,0.0477619206349206,0.1259065952866252,0.0776437717013888,1.0,137,261,0.1008777730536659,398
smile,smile_99,2.7,4.527777777777778,2.0,0.1643753233392121,0.1193792333603937,0.1292571514217197,1.0,148,381,0.1831129170933606,529
soulchat,soulchat_1013,1.8333333333333333,3.703703703703704,3.0,0.1603659611992945,0.1449312120998389,0.1004008988032647,1.0,326,315,0.1641340815956012,641
soulchat,soulchat_10318,2.2333333333333334,3.972222222222222,3.0,0.005212566137566,0.145843363135512,0.1174627529216815,1.0,191,302,0.2035795777127688,493
soulchat,soulchat_104432,2.066666666666667,3.175925925925926,3.0,-0.0453864126984127,0.1404607117138326,0.0972640984126984,0.0,259,471,0.1873864426578712,730
soulchat,soulchat_105382,2.333333333333333,4.203703703703703,3.0,-0.0087367922293295,0.1304263765714524,0.1664606812169312,0.0,345,291,0.2118214482719802,636
soulchat,soulchat_105827,1.6333333333333335,4.296296296296297,3.0,0.2406008241758242,0.1476482571213367,0.2065997493734336,1.0,142,294,0.2321914536340852,436
soulchat,soulchat_109377,2.316666666666667,4.185185185185186,3.0,0.1978519151138716,0.1383727819375645,0.1147796923755257,1.0,243,466,0.187845238963565,709
soulchat,soulchat_10989,2.466666666666667,4.3240740740740735,3.0,0.1100721198156682,0.1137068505924002,0.1867003434065934,1.0,165,196,0.2432215962142432,361
soulchat,soulchat_110546,2.5,4.111111111111111,3.0,0.0795122929606625,0.1273624404094632,0.1566335334418667,1.0,243,376,0.1276420613295272,619
soulchat,soulchat_111279,2.4833333333333334,4.25925925925926,3.0,0.0939972663139329,0.122662853778733,0.1928372260015117,1.0,282,336,0.1546276819086452,618
soulchat,soulchat_111507,2.25,4.333333333333333,3.0,0.0310083736884584,0.1525993185353948,0.1636825343018563,1.0,304,592,0.2014916326336137,896
soulchat,soulchat_112571,1.9833333333333332,3.601851851851852,3.0,0.0143937229437228,0.1123861551596783,0.2165889880952381,1.0,121,175,0.2505894363166953,296
soulchat,soulchat_113358,2.216666666666667,4.305555555555555,3.0,0.234553125,0.1932189681663347,0.15629396012028,1.0,331,737,0.1871390927524856,1068
soulchat,soulchat_11444,1.9833333333333332,4.00925925925926,3.0,0.0582440476190476,0.0993156651332716,0.2161034103979756,1.0,78,255,0.1592918457220286,333
soulchat,soulchat_115287,2.5500000000000003,4.37962962962963,3.0,0.2863610376249266,0.1819236114025711,0.1076161140505585,1.0,144,297,0.1427475157076719,441
soulchat,soulchat_117216,2.0,4.083333333333333,3.0,0.1725589212228101,0.1786317238870716,0.0960666145290232,1.0,146,273,0.1923576584295334,419
soulchat,soulchat_118141,2.45,4.342592592592593,3.0,0.0410594130675526,0.2249381517577588,0.1053157486650574,1.0,226,399,0.1958448687423687,625
soulchat,soulchat_118517,2.0333333333333337,4.00925925925926,3.0,0.0857243493909191,0.1499595285870538,0.1005567908346134,1.0,443,456,0.2085282642661837,899
soulchat,soulchat_118547,2.033333333333333,3.888888888888889,3.0,0.0655833994708995,0.1754343298106244,0.0604945795339412,1.0,103,333,0.1829027961493239,436
soulchat,soulchat_118967,2.55,3.842592592592593,3.0,-0.0819894957983193,0.1023563532748133,0.1500112772240679,0.0,95,267,0.1838223145071982,362
soulchat,soulchat_119053,2.0500000000000003,3.8796296296296298,3.0,0.1870764087301587,0.1507174100129951,0.0590285535714285,1.0,209,579,0.196631723753829,788
soulchat,soulchat_119162,2.483333333333333,4.25,3.0,0.1072892006802721,0.1286278447203074,0.1612168622583314,1.0,220,465,0.1559403500069618,685
soulchat,soulchat_120361,2.1,4.407407407407407,3.0,0.1947131746031747,0.1353673377942126,0.1773406510034263,1.0,236,384,0.197213383068783,620
soulchat,soulchat_120459,2.7999999999999994,3.9351851851851847,3.0,0.0706958333333333,0.1411830030305328,0.1251187224426807,1.0,153,357,0.209205694672505,510
soulchat,soulchat_124639,2.3666666666666667,3.648148148148149,3.0,-0.058224181547619,0.1250676165341937,0.1238685515873015,0.0,89,195,0.1828711085509472,284
soulchat,soulchat_125333,2.433333333333333,3.898148148148149,3.0,0.034201278659612,0.1191937697794409,0.0576539767878477,1.0,102,191,0.1506457897261468,293
soulchat,soulchat_127377,2.216666666666667,3.842592592592593,3.0,-0.1836516106442577,0.1673265616620737,0.1161559523809523,0.0,181,274,0.1689337017070979,455
soulchat,soulchat_128113,2.216666666666667,4.064814814814815,3.0,0.0723605013550134,0.1136650105483027,0.1719507626790553,1.0,214,313,0.2232489922723475,527
soulchat,soulchat_128955,2.083333333333333,3.1481481481481484,3.0,-0.0722146403242147,0.1366205616934352,0.1303608934431719,0.0,246,293,0.1325092988486474,539
soulchat,soulchat_129663,2.5333333333333337,3.9629629629629632,3.0,0.1233217013888888,0.1547618774797627,0.1703138598528842,1.0,173,354,0.2304073337934207,527
soulchat,soulchat_130882,2.45,4.0740740740740735,3.0,0.0791522675736961,0.135061027647678,0.1491283744230553,1.0,150,298,0.2029657947492722,448
soulchat,soulchat_133137,2.35,3.648148148148148,3.0,0.0036889367816091,0.1429919705646519,0.1392003436426117,1.0,300,311,0.2123999750341637,611
soulchat,soulchat_133327,2.766666666666667,4.416666666666667,3.0,0.2247587301587301,0.1471024962683315,0.2001116125937554,1.0,100,196,0.1801498769204651,296
soulchat,soulchat_137516,2.3833333333333333,3.9166666666666665,3.0,-0.0275048185941043,0.2063590628010197,0.2651715884038801,0.0,81,172,0.1374998636673483,253
soulchat,soulchat_139945,1.9,4.083333333333333,3.0,0.0369394970109255,0.148272624331406,0.113578977458681,1.0,397,354,0.2252904140786749,751
soulchat,soulchat_140855,2.066666666666667,4.203703703703703,3.0,0.1594032175032175,0.1600595451809294,0.1171663748215335,1.0,198,318,0.2036873285560178,516
soulchat,soulchat_142645,1.6666666666666667,3.592592592592592,3.0,0.2490393849206349,0.2301752376865197,0.0938376138433515,1.0,131,355,0.216903727406184,486
soulchat,soulchat_144678,1.6,3.638888888888889,3.0,0.0411406746031746,0.1660262608852568,0.0572178809523809,1.0,109,133,0.193391660266257,242
soulchat,soulchat_14530,2.3666666666666667,3.6759259259259256,3.0,0.0645798015873016,0.0997983945004673,0.2341657619047618,1.0,159,293,0.1908166764475743,452
soulchat,soulchat_14716,2.783333333333333,3.8055555555555554,3.0,-0.144228448275862,0.1023587165058218,0.1588636324371018,0.0,156,230,0.229761454068807,386
soulchat,soulchat_147541,2.4,4.453703703703703,3.0,0.1319385793650793,0.1615452611742263,0.2328538663027793,1.0,262,276,0.2145874071101599,538
soulchat,soulchat_147688,2.4,4.111111111111111,3.0,-0.1450569396051103,0.1239693226786966,0.175822427280322,0.0,218,401,0.187626359531908,619
soulchat,soulchat_149043,1.95,4.0,3.0,0.0276956225198412,0.1321009752527516,0.1556356016068978,1.0,171,289,0.1967903854875283,460
soulchat,soulchat_150876,1.8,4.287037037037037,3.0,0.3066329365079364,0.1158598026070085,0.2043412267080745,1.0,55,106,0.1852936426116838,161
soulchat,soulchat_152749,2.833333333333333,4.342592592592593,3.0,0.0061633297258297,0.1351375603566653,0.1429809204931972,1.0,233,545,0.1501040741234304,778
soulchat,soulchat_155808,1.65,3.2962962962962963,3.0,-0.2129796992481203,0.2238537503781169,0.1688807376043201,0.0,203,611,0.1996689942255972,814
soulchat,soulchat_157820,1.8,3.898148148148148,3.0,0.5114235863095238,0.1993070312098678,0.1756963138267355,1.0,92,358,0.1906455928503206,450
soulchat,soulchat_160456,2.35,3.75,3.0,0.0361218013468013,0.1149081668294033,0.1660777943121693,1.0,177,331,0.2087128191856452,508
soulchat,soulchat_16072,2.5666666666666664,3.898148148148149,3.0,0.034950582010582,0.1515351381080432,0.1312017178362572,1.0,85,143,0.1258298507462686,228
soulchat,soulchat_16273,2.583333333333333,4.064814814814814,3.0,-0.0788726666666666,0.1826306271346587,0.1876420761904762,0.0,134,300,0.1560953021873125,434
soulchat,soulchat_163086,2.533333333333333,4.287037037037037,3.0,0.0616213577097506,0.0849622375032292,0.2227808333333333,1.0,149,333,0.2079238082990397,482
soulchat,soulchat_164603,1.8666666666666665,3.7870370370370368,3.0,0.0199711003331373,0.1376543738719025,0.1291252242502242,1.0,416,389,0.1639445123224728,805
soulchat,soulchat_165169,2.7,4.12037037037037,3.0,0.091857477025898,0.140145365686697,0.2040738011695906,1.0,199,312,0.1635278314736235,511
soulchat,soulchat_16582,2.3166666666666664,3.6296296296296298,3.0,-0.0155366444785798,0.1230466636817741,0.1829057899279114,0.0,478,402,0.1751160204370128,880
soulchat,soulchat_166302,2.266666666666667,4.296296296296297,3.0,0.0095880307539682,0.1219030152636821,0.1814384198234572,1.0,410,757,0.1939629525294966,1167
soulchat,soulchat_173167,2.45,4.194444444444445,3.0,0.3386986394557823,0.1653591269748376,0.1147058616780045,1.0,79,163,0.2163001726448155,242
soulchat,soulchat_173513,2.3000000000000003,3.944444444444444,3.0,0.1092470833333333,0.1022594314114321,0.1439998899889989,1.0,110,223,0.1861449080255155,333
soulchat,soulchat_174642,2.083333333333333,4.388888888888889,3.0,0.3037495464852607,0.1497255631719956,0.2275453741496598,1.0,114,310,0.2392362113062279,424
soulchat,soulchat_174868,2.4166666666666665,4.185185185185185,3.0,0.1023319841269841,0.1425596347306702,0.1615222593635155,1.0,212,293,0.1788469637268052,505
soulchat,soulchat_17561,2.0500000000000003,3.75,3.0,0.1030481894841269,0.1210543860803012,0.1894303546626984,1.0,169,522,0.1758619767010117,691
soulchat,soulchat_175668,1.6833333333333331,3.675925925925926,3.0,0.0394312925170068,0.1642161701591905,0.1845427453610552,1.0,222,477,0.2180083748812915,699
soulchat,soulchat_177121,2.2666666666666666,3.8055555555555554,3.0,0.0805050843253968,0.1598664919745001,0.0832012461285327,1.0,173,441,0.2093872326940035,614
soulchat,soulchat_179258,2.316666666666667,3.842592592592592,3.0,0.0255260351966873,0.1362601053775282,0.1224738700564971,1.0,127,411,0.1993937504935639,538
soulchat,soulchat_179502,1.75,4.175925925925926,3.0,0.0277986635650429,0.1231359440000869,0.1332962287966292,1.0,446,331,0.1306651594695849,777
soulchat,soulchat_179718,2.25,4.25,3.0,-0.0065996787603929,0.0797597586894003,0.2330457165109034,0.0,116,207,0.2682518318101651,323
soulchat,soulchat_180258,2.5666666666666664,3.9814814814814814,3.0,0.0535334591560201,0.158876841670498,0.1775781283710895,1.0,215,231,0.1712671260546261,446
soulchat,soulchat_180294,2.2666666666666666,3.694444444444444,3.0,0.0920053099017384,0.1383029972146552,0.1533200696316262,1.0,115,326,0.2042308134294727,441
soulchat,soulchat_180423,2.1166666666666667,4.101851851851852,3.0,0.0551205761316873,0.1298091991177976,0.2217202956061651,1.0,147,391,0.2048381461397822,538
soulchat,soulchat_180487,2.3000000000000003,4.305555555555555,3.0,0.1370968442932729,0.1390690928249619,0.225128216175359,1.0,114,161,0.1399341426482873,275
soulchat,soulchat_183585,1.8666666666666665,3.092592592592592,3.0,0.0692666666666666,0.1048077828432134,0.0774846153846153,1.0,35,104,0.1985007477025898,139
soulchat,soulchat_183774,1.6666666666666667,3.9166666666666665,3.0,-0.017806142526455,0.1530766005023305,0.1504452397418165,0.0,250,423,0.2311067412391688,673
soulchat,soulchat_18458,2.8666666666666667,4.416666666666667,3.0,-0.1274504658385092,0.1579591113946512,0.2830376611043279,0.0,126,211,0.2266850660066006,337
soulchat,soulchat_185080,2.15,3.972222222222222,3.0,-0.0188945533769063,0.1195109570704185,0.1434626539805111,0.0,268,529,0.1738367895299145,797
soulchat,soulchat_185560,2.216666666666667,4.157407407407407,3.0,0.0308900037792895,0.1445444074621238,0.1482042808475591,1.0,221,287,0.1534773909443873,508
soulchat,soulchat_189145,1.9333333333333331,3.740740740740741,3.0,0.0436191738816738,0.1548172909061912,0.1010928178178178,1.0,120,272,0.1632999034341239,392
soulchat,soulchat_18917,1.3666666666666665,2.8703703703703702,3.0,0.0664925170068027,0.1511300606276096,0.125509514739229,1.0,184,151,0.266344477978985,335
soulchat,soulchat_189462,1.6333333333333335,3.6666666666666665,3.0,0.2848534798534798,0.1570657327414458,0.2130658008658008,1.0,75,257,0.2424522129416282,332
soulchat,soulchat_191141,1.5333333333333332,3.324074074074074,3.0,0.1072313095238095,0.1694658675166643,0.0587009682539682,1.0,109,241,0.2129288433908046,350
soulchat,soulchat_192378,2.1333333333333333,4.268518518518519,3.0,0.1886971674876847,0.1554326602513806,0.193774946734846,1.0,158,446,0.1997895690312738,604
soulchat,soulchat_192635,2.75,3.9629629629629632,3.0,-0.0634014384920635,0.1568378421414444,0.1218556160472319,0.0,173,483,0.1985686566539414,656
soulchat,soulchat_193235,2.1333333333333333,3.925925925925926,3.0,-0.1400096153846153,0.0828695245604269,0.2431603234728234,0.0,75,326,0.2094673514095438,401
soulchat,soulchat_193835,1.9833333333333332,3.9444444444444446,3.0,0.0203883286647992,0.1056149033398432,0.1418395131086142,1.0,98,251,0.2212695165945166,349
soulchat,soulchat_195108,2.6833333333333336,3.851851851851852,3.0,0.1197158622908622,0.1149491459326725,0.2180990917579153,1.0,196,412,0.2064363789436369,608
soulchat,soulchat_19563,1.95,3.6296296296296298,3.0,-0.0454421768707482,0.204489379041015,0.2664828317901235,0.0,81,381,0.2161978099931729,462
soulchat,soulchat_197299,1.6833333333333331,3.9166666666666665,3.0,0.0358041369047619,0.1575383900051964,0.1524150257936508,1.0,209,225,0.1619705632716049,434
soulchat,soulchat_197406,1.9,4.351851851851851,3.0,0.0418017048794826,0.143565931776354,0.163290293416217,1.0,415,562,0.2088787745055828,977
soulchat,soulchat_199070,2.1333333333333333,3.75,3.0,-0.024990253411306,0.1340096740310432,0.1828094932844932,0.0,295,418,0.2398567664066441,713
soulchat,soulchat_201447,1.8,4.138888888888889,3.0,-0.0060595588235293,0.2130286057156066,0.1233971809340306,0.0,182,367,0.1879610046998315,549
soulchat,soulchat_201476,1.7666666666666668,4.083333333333333,3.0,0.1834942250233426,0.1807229748297098,0.0439601917057902,1.0,435,455,0.1927833893871449,890
soulchat,soulchat_20427,2.233333333333333,4.37037037037037,3.0,0.0434059203789042,0.1213799614422886,0.1861975455144784,1.0,322,238,0.2076728009981285,560
soulchat,soulchat_204320,2.2333333333333334,4.2407407407407405,3.0,-0.0415617979242979,0.1136990559335985,0.1408067967537892,0.0,142,305,0.1775349608537108,447
soulchat,soulchat_204468,1.7666666666666666,3.6944444444444446,3.0,0.2008094897959183,0.1326372605109914,0.1414155988050651,1.0,187,233,0.1761757777069161,420
soulchat,soulchat_209378,2.15,4.101851851851852,3.0,0.2234785541752932,0.1596098224805464,0.1260030710835058,1.0,239,324,0.1855449647266314,563
soulchat,soulchat_209555,2.6166666666666667,4.361111111111111,3.0,0.2383190136054422,0.1565725609266049,0.1920864357864357,1.0,185,367,0.1737475758180367,552
soulchat,soulchat_210571,1.85,3.8055555555555554,3.0,0.2577137148426622,0.1568250898674447,0.1088150945216049,1.0,297,237,0.1994579191033138,534
soulchat,soulchat_211860,2.45,4.37962962962963,3.0,0.2364821428571429,0.1363272692435633,0.1308647331415788,1.0,158,354,0.1654246365309408,512
soulchat,soulchat_212484,1.9833333333333332,4.342592592592593,3.0,0.0753369929453263,0.1403900281308697,0.1231851267210383,1.0,190,379,0.2099089982839982,569
soulchat,soulchat_21254,1.9166666666666667,4.333333333333333,3.0,0.0508667016806723,0.152616279199808,0.1671190522602803,1.0,180,405,0.1859998296456629,585
soulchat,soulchat_212974,1.883333333333333,4.194444444444445,3.0,-0.0315232426303854,0.1479756533545725,0.1553852992573176,0.0,118,230,0.2000033882783883,348
soulchat,soulchat_21405,2.4333333333333336,4.0740740740740735,3.0,0.1455314425770307,0.15794075021536,0.1834464839424142,1.0,95,183,0.1474347974822112,278
soulchat,soulchat_21492,2.216666666666667,4.148148148148148,3.0,0.0480873482726423,0.1278444978551879,0.1595566445182724,1.0,181,285,0.1828848257418909,466
soulchat,soulchat_214957,2.3666666666666667,4.00925925925926,3.0,0.1843865914786967,0.1307037519087137,0.2004727526724975,1.0,107,182,0.2059147100651435,289
soulchat,soulchat_215203,2.033333333333333,3.703703703703704,3.0,0.1308903628117913,0.1283580488511112,0.1195464436885865,1.0,114,274,0.1965544324648098,388
soulchat,soulchat_215274,2.066666666666667,3.796296296296296,3.0,0.0330492063492063,0.0974065878736693,0.2086824765512265,1.0,97,207,0.2445015512265512,304
soulchat,soulchat_215431,2.3000000000000003,4.3240740740740735,3.0,0.1129835846560846,0.1441303117872011,0.186998497825973,1.0,312,407,0.1969846294966898,719
soulchat,soulchat_215603,2.65,4.12037037037037,3.0,0.1213226785714285,0.1517686146495926,0.129805641145347,1.0,111,302,0.1888811257381223,413
soulchat,soulchat_216367,2.0500000000000003,4.231481481481482,3.0,-0.1296486904761904,0.1405330926164809,0.1982883764322505,0.0,160,349,0.2369379528478058,509
soulchat,soulchat_216777,2.283333333333333,4.333333333333333,3.0,0.272711433531746,0.1486706477081563,0.1239407242063492,1.0,89,192,0.1887389431000087,281
soulchat,soulchat_217596,2.4166666666666665,4.0740740740740735,3.0,0.0214254464285714,0.1575526063352357,0.2312304967666078,1.0,90,304,0.2234149098735539,394
soulchat,soulchat_217635,2.733333333333333,4.0740740740740735,3.0,0.0551693076081007,0.1147914840158807,0.2138393496324704,1.0,158,201,0.2455229373346561,359
soulchat,soulchat_220634,1.4666666666666668,3.3611111111111107,3.0,0.0289892857142857,0.0480771553483337,0.1373000283446712,1.0,37,207,0.237097260301427,244
soulchat,soulchat_221019,2.3666666666666667,4.148148148148148,3.0,-0.1122266369047619,0.1603381787162626,0.0853195039682539,0.0,129,396,0.2422920860506132,525
soulchat,soulchat_222059,1.9833333333333327,4.25,3.0,0.3646205782312925,0.2027384406925577,0.2135328231292516,1.0,149,369,0.2307054453262786,518
soulchat,soulchat_225090,2.45,3.944444444444444,3.0,-0.0169574263038548,0.1281675167645584,0.1877012232415902,0.0,118,301,0.1807031963470319,419
soulchat,soulchat_227914,2.283333333333333,3.824074074074074,3.0,0.0594628709454796,0.1323867927508885,0.1629646055692392,1.0,241,393,0.2022259961970899,634
soulchat,soulchat_228257,1.8833333333333333,3.990740740740741,3.0,-0.0435404761904761,0.1285609895936277,0.1188103287981859,0.0,79,288,0.1649507964954201,367
soulchat,soulchat_22977,1.9166666666666667,3.222222222222222,3.0,0.0052310057997558,0.1415183030334485,0.1134578300796691,1.0,270,745,0.2188642468944099,1015
soulchat,soulchat_230352,1.6499999999999997,3.824074074074074,3.0,0.1220146825396825,0.1703229508897973,0.162378515704154,1.0,244,362,0.1767093192139934,606
soulchat,soulchat_230429,2.233333333333333,4.101851851851852,3.0,0.2811337474120082,0.1506323520417462,0.053408212267958,1.0,127,324,0.1872532426303854,451
soulchat,soulchat_233113,2.45,4.287037037037037,3.0,0.1092323412698412,0.1140607249915209,0.2487276346604215,1.0,131,252,0.2230120550003266,383
soulchat,soulchat_234243,2.1333333333333333,3.8796296296296298,3.0,-0.1669673421141506,0.1178417975438653,0.1981002110773387,0.0,244,449,0.1686874612193362,693
soulchat,soulchat_235389,2.1833333333333336,3.62037037037037,3.0,-0.0370456349206349,0.126915881573792,0.1672221971066907,0.0,88,119,0.2344269913419913,207
soulchat,soulchat_238566,1.4833333333333334,3.740740740740741,3.0,0.0055841820987654,0.1386220068954823,0.1744307024467245,1.0,371,461,0.2251723477665402,832
soulchat,soulchat_240759,1.7833333333333332,3.824074074074074,3.0,0.2172041771094402,0.1435159290778395,0.1456778439153439,1.0,105,228,0.2185325070667537,333
soulchat,soulchat_243147,2.1666666666666665,3.4907407407407405,3.0,-0.0584782386072708,0.138459471462962,0.1612497320796683,0.0,166,594,0.1820956240672907,760
soulchat,soulchat_24586,1.9333333333333336,3.8148148148148144,3.0,0.0692165249433106,0.186585490115192,0.0745485481080267,1.0,220,209,0.1851080714285714,429
soulchat,soulchat_246013,2.466666666666667,4.25,3.0,-0.0898586466165413,0.1795434042718589,0.1192542688792688,0.0,108,296,0.1658108663790719,404
soulchat,soulchat_246825,2.4166666666666665,3.9166666666666665,3.0,0.0671561076604555,0.1004002713992119,0.1929513271975456,1.0,128,239,0.2090371066252588,367
soulchat,soulchat_247190,2.6333333333333333,4.212962962962963,3.0,0.1100962921626984,0.1363100107255307,0.1560907780699191,1.0,172,346,0.2093467512128491,518
soulchat,soulchat_247641,2.1,4.157407407407407,3.0,-0.0661788293650794,0.1517350992915669,0.234468111111111,0.0,109,342,0.1801814361981028,451
soulchat,soulchat_248347,2.483333333333333,4.092592592592593,3.0,0.0092469418564527,0.161254742585834,0.167258003215654,1.0,473,522,0.1974329086605402,995
soulchat,soulchat_249771,1.8333333333333333,4.388888888888888,3.0,0.2370989682539682,0.1564052874957365,0.1677037569573283,1.0,86,297,0.2470658179012345,383
soulchat,soulchat_25146,3.3000000000000003,4.546296296296297,3.0,0.0974632605820105,0.1434561359492139,0.1757270882123341,1.0,192,333,0.1873668528316676,525
soulchat,soulchat_252995,2.6833333333333336,4.25925925925926,3.0,0.1286739241622574,0.125874717990864,0.1481416943924585,1.0,238,355,0.167920390632168,593
soulchat,soulchat_254691,2.3166666666666664,4.305555555555556,3.0,0.1538761111111111,0.1600663293500719,0.2156272045855379,1.0,162,213,0.2131874649859943,375
soulchat,soulchat_256317,2.8000000000000003,4.287037037037037,3.0,-0.0528693191311612,0.1824407803221648,0.1031043078055964,0.0,203,403,0.2112242436145355,606
soulchat,soulchat_257439,1.9,4.25,3.0,0.1090041841736694,0.164346005509796,0.210852966298934,1.0,350,611,0.1851175361229763,961
soulchat,soulchat_257560,1.9666666666666668,3.861111111111111,3.0,0.02407215007215,0.1567776388660925,0.101187571990448,1.0,122,254,0.1562842711370262,376
soulchat,soulchat_26459,1.7166666666666668,3.740740740740741,3.0,0.0832040962621607,0.1533717842534099,0.1191594289707497,1.0,168,289,0.1895938166099773,457
soulchat,soulchat_28022,1.9,3.6666666666666665,3.0,-0.0171995535714285,0.1216409980376538,0.1601279258241758,0.0,529,308,0.1784351369644848,837
soulchat,soulchat_28634,1.9166666666666667,3.4722222222222228,3.0,-0.1137489974937343,0.1474655600766296,0.1492541073474063,0.0,106,175,0.1664139534327787,281
soulchat,soulchat_28869,2.583333333333333,4.37962962962963,3.0,0.162962506012506,0.1254498175350567,0.1352657785336356,1.0,177,277,0.1896524135276001,454
soulchat,soulchat_31700,2.233333333333333,3.583333333333333,3.0,-0.0436581422692534,0.1180294401727579,0.1557969421101774,0.0,145,420,0.1586452825087861,565
soulchat,soulchat_33707,2.583333333333333,4.25,3.0,-0.0064022675736961,0.1272149931176386,0.1902626984126984,0.0,255,349,0.183758842203548,604
soulchat,soulchat_36290,2.033333333333333,4.25,3.0,0.068961111111111,0.162848624676882,0.1768490676216285,1.0,132,249,0.2220742261904762,381
soulchat,soulchat_36564,2.266666666666667,4.0,3.0,0.2207108134920634,0.1368984561316356,0.1349017658730159,1.0,89,281,0.2210766193977591,370
soulchat,soulchat_37002,2.083333333333333,4.018518518518518,3.0,0.0240695238095237,0.0870712321569948,0.1064719439290867,1.0,86,153,0.1289705715388006,239
soulchat,soulchat_38064,2.4,4.027777777777778,3.0,0.0634028467908902,0.1125909916674024,0.1389692063492063,1.0,124,244,0.1912215433975008,368
soulchat,soulchat_41153,1.7833333333333332,4.185185185185185,3.0,-0.1461397619047619,0.2076003847798394,0.0884511749144102,0.0,162,364,0.1888503208137715,526
soulchat,soulchat_4188,2.3166666666666664,3.75925925925926,3.0,-0.0234647108843537,0.1229793328578871,0.1467982280643739,0.0,153,137,0.1654561166914682,290
soulchat,soulchat_43285,2.266666666666667,4.231481481481482,3.0,0.0654186713191023,0.1833080701307263,0.1509347003284072,1.0,299,440,0.1923327560490553,739
soulchat,soulchat_48262,2.6166666666666667,4.287037037037037,3.0,0.000340066137566,0.1174217520165477,0.170106931560503,1.0,163,346,0.1754812373416231,509
soulchat,soulchat_49825,1.85,3.9444444444444446,3.0,0.2837183531746031,0.1588282487058014,0.2498391926317852,1.0,90,208,0.2272140424343942,298
soulchat,soulchat_53787,2.016666666666667,4.00925925925926,3.0,0.4190128851540616,0.1934445093489102,0.1359619850187266,1.0,98,246,0.1476940777576853,344
soulchat,soulchat_54500,2.316666666666667,4.111111111111112,3.0,0.019696164021164,0.1086729434437342,0.266455458553792,1.0,144,279,0.224259456202234,423
soulchat,soulchat_5501,2.2166666666666663,3.842592592592592,3.0,0.1196944113756614,0.1549088205854363,0.1941284292328042,1.0,129,248,0.2283281347545992,377
soulchat,soulchat_56159,2.5500000000000003,3.9629629629629632,3.0,0.0416243626743626,0.1155688197050505,0.1577806661856662,1.0,174,383,0.1752494960105254,557
soulchat,soulchat_57071,1.8333333333333333,4.111111111111111,3.0,0.1797917460317459,0.1427402407943948,0.0754615486365486,1.0,87,207,0.1475182359307359,294
soulchat,soulchat_58897,2.6666666666666665,4.25,3.0,0.0188676406926405,0.106652728802961,0.211072193877551,1.0,121,201,0.2514886925429894,322
soulchat,soulchat_59081,1.7666666666666666,4.416666666666667,3.0,0.0396547335600907,0.1574685551227619,0.0876899002425043,1.0,153,546,0.1599143256185155,699
soulchat,soulchat_59156,2.266666666666667,3.9629629629629632,3.0,-0.1204220663265306,0.1640860258182993,0.1651735036375661,0.0,153,524,0.2008849545384497,677
soulchat,soulchat_60352,2.5,4.12037037037037,3.0,0.1622839285714286,0.1546308499963945,0.180327746031746,1.0,259,634,0.1934401974603174,893
soulchat,soulchat_61371,2.1666666666666665,4.3240740740740735,3.0,0.1435061904761904,0.1391706997388368,0.1146766339869281,1.0,111,268,0.1460743610957897,379
soulchat,soulchat_61405,2.5166666666666666,4.361111111111111,3.0,0.0395486678004535,0.1375191946587523,0.1501895008159027,1.0,223,368,0.1828423110934253,591
soulchat,soulchat_61440,1.7333333333333332,4.314814814814815,3.0,0.3035805377872542,0.1878670542593682,0.0982331136621315,1.0,345,372,0.2191399285058376,717
soulchat,soulchat_63047,2.3833333333333333,4.064814814814815,3.0,0.2551658352229781,0.1452285686677983,0.1819840416852099,1.0,116,321,0.1320499402218152,437
soulchat,soulchat_63298,2.15,3.9814814814814814,3.0,-0.1028498917748917,0.1441551096606219,0.2118191635061104,0.0,122,260,0.177483921457029,382
soulchat,soulchat_63823,2.7999999999999994,4.12962962962963,3.0,-0.0230564574314574,0.1097818182284465,0.2884354323308271,0.0,123,254,0.2190208260447036,377
soulchat,soulchat_6512,2.6333333333333333,4.027777777777778,3.0,0.1760378835978836,0.1402686363049395,0.1653751678876678,1.0,87,203,0.2009384327442316,290
soulchat,soulchat_66637,2.1166666666666667,3.990740740740741,3.0,-0.0186271577380952,0.1827632858895027,0.1640930009920635,0.0,89,285,0.2185352728893489,374
soulchat,soulchat_68118,1.8666666666666665,3.509259259259259,3.0,0.0010991452991453,0.1280085564671316,-0.0609664450890339,1.0,206,509,0.1415052492063492,715
soulchat,soulchat_69379,2.216666666666667,3.75925925925926,3.0,0.0269324884792626,0.1012498451401552,0.214253379255266,1.0,168,228,0.2226807095745451,396
soulchat,soulchat_70068,2.3000000000000003,4.361111111111112,3.0,0.1134356244384546,0.1538149684180015,0.0263762911632314,1.0,277,384,0.1190182952380952,661
soulchat,soulchat_7027,2.5166666666666666,3.87037037037037,3.0,0.1182378231292517,0.1287393429226362,0.1773047707723685,1.0,188,188,0.213951556264964,376
soulchat,soulchat_70676,2.35,3.842592592592593,3.0,0.117803738512949,0.11110906463691,0.205190353460972,1.0,203,217,0.2318945531898656,420
soulchat,soulchat_7238,2.1666666666666665,3.925925925925926,3.0,0.1495904761904762,0.1155775226376998,0.1864136309523809,1.0,169,226,0.2013023992392656,395
soulchat,soulchat_72847,2.1333333333333333,4.287037037037037,3.0,0.2817019345238095,0.1894187932022066,0.0808345767195767,1.0,129,212,0.1734046113847838,341
soulchat,soulchat_73677,2.0500000000000003,3.907407407407407,3.0,0.1680450148809523,0.1306467688896043,0.1747871515679442,1.0,91,230,0.1974088414853121,321
soulchat,soulchat_73782,2.516666666666667,4.518518518518519,3.0,0.1377624074074074,0.1342027846256435,0.1741579788359788,1.0,159,490,0.1908183257433257,649
soulchat,soulchat_73784,2.233333333333333,4.175925925925927,3.0,-0.1370151969429748,0.140193026562641,0.1959046119929453,0.0,144,316,0.219877330541337,460
soulchat,soulchat_74897,1.8833333333333333,3.342592592592593,3.0,0.0323105982905983,0.1491709673519557,0.1050752832722832,1.0,334,438,0.1565667425167425,772
soulchat,soulchat_75401,2.083333333333333,3.342592592592593,3.0,-0.0689713383838383,0.1605064643997504,0.0691232441354122,0.0,122,424,0.2048083390705679,546
soulchat,soulchat_77299,2.083333333333333,4.333333333333333,3.0,0.0552060414642046,0.1634090187615371,0.2027115014577259,1.0,254,516,0.2223660655583732,770
soulchat,soulchat_80154,1.9833333333333327,3.777777777777777,3.0,0.1234849760059062,0.1889679626974758,0.1600301054526749,1.0,225,223,0.2025092104287197,448
soulchat,soulchat_80536,2.15,4.166666666666667,3.0,0.3262592261904761,0.1686607188000595,0.1871802956628661,1.0,151,219,0.2327803193499622,370
soulchat,soulchat_82948,2.1833333333333336,4.185185185185186,3.0,0.2842772321428571,0.2077247141093649,0.0501963060944542,1.0,171,271,0.2028258436326184,442
soulchat,soulchat_83658,1.85,3.583333333333333,3.0,0.0108346801346801,0.1480220118807446,0.1710582563732563,1.0,174,441,0.2171827142122281,615
soulchat,soulchat_85832,2.033333333333333,3.7314814814814814,3.0,0.388419597069597,0.1891167002022474,0.0322552929943907,1.0,142,255,0.1899115547167376,397
soulchat,soulchat_88035,2.216666666666667,3.953703703703704,3.0,0.0846874999999999,0.0752298306178554,0.1257756367663344,1.0,52,213,0.1851837651727357,265
soulchat,soulchat_88746,1.4833333333333334,3.4814814814814814,3.0,0.0746318366114562,0.1481282929046005,0.0902126984126984,1.0,470,478,0.1374456916099773,948
soulchat,soulchat_89540,2.1666666666666665,3.87037037037037,3.0,0.1262247023809524,0.2199074689182059,0.1708799414210128,1.0,93,213,0.2732043475723623,306
soulchat,soulchat_90914,3.083333333333333,4.175925925925927,3.0,0.0780058201058201,0.0822613804593427,0.1332339259259259,1.0,84,229,0.1035209397546897,313
soulchat,soulchat_92082,2.4,4.101851851851852,3.0,0.1732069160997732,0.0969441045117255,0.1994444406651549,1.0,114,180,0.201237206442031,294
soulchat,soulchat_92713,2.533333333333333,4.175925925925927,3.0,0.0546557334428022,0.1196233949649543,0.243803798576902,1.0,154,230,0.169573489908784,384
soulchat,soulchat_93872,2.3,4.064814814814815,3.0,0.0974615787981859,0.1345910118688277,0.1119882852671585,1.0,151,271,0.2306094177874712,422
soulchat,soulchat_94971,1.4666666666666668,3.731481481481481,3.0,0.2213255325814536,0.1368139847449778,0.0906151570937653,1.0,203,307,0.1826071135613082,510
soulchat,soulchat_95432,1.85,3.842592592592593,3.0,0.2132633156966489,0.157816480330392,0.2321412213086673,1.0,148,163,0.1796959621727479,311
soulchat,soulchat_96121,2.45,3.944444444444444,3.0,-0.1933704212454212,0.2205143446311395,0.0564426299527444,0.0,140,279,0.1789879159318048,419
soulchat,soulchat_96316,1.95,3.9166666666666665,3.0,0.177569074074074,0.1554943136823505,0.1786769478161635,1.0,162,401,0.2364257329122125,563
soulchat,soulchat_97418,1.8333333333333333,3.740740740740741,3.0,-0.0033496296296295,0.1439688246806268,0.2102883992991136,0.0,86,180,0.2105416597048176,266
soulchat,soulchat_99719,2.216666666666667,3.768518518518519,3.0,-0.0162495647721453,0.1367901915052928,0.1651417889587701,0.0,168,460,0.2306001513391757,628
