dataset,rid,dimA_overall,dimB_total3,client_valence_nec,client_valence_emo_std,client_valence_happy_ending,client_n_tokens,counselor_n_tokens,counselor_valence_emo_mean,client_dominance_nec,client_arousal_emo_std,total_tokens,log_tokens
annomi,annomi_0,4.933333333333334,4.601851851851851,-0.0809624572051041,0.1537333687136126,0.0,267,540,0.1422498228858398,-0.0256415577342048,0.1050203655171286,807,6.694562058521095
annomi,annomi_1,4.833333333333333,3.7592592592592595,0.0334202934662236,0.1398990272496096,1.0,225,580,0.1054510688571984,0.1046583610188261,0.130768127365903,805,6.692083742506628
annomi,annomi_10,1.8,2.5925925925925926,0.112421875,0.10015258514775,1.0,133,105,0.11836171875,-0.0035925925925925,0.0816127821493388,238,5.476463551931511
annomi,annomi_101,3.816666666666667,4.361111111111112,0.0191605886243386,0.1126085854560486,1.0,310,629,0.1116385919098822,-0.0151419973544973,0.12086673894607,939,6.84587987526405
annomi,annomi_102,1.3333333333333333,1.8055555555555556,-0.0578633308531746,0.0911205418065867,0.0,170,253,0.1608919561540463,-0.0568035218253968,0.1160354786518221,423,6.049733455231958
annomi,annomi_103,3.85,4.185185185185184,-0.0176150432900432,0.1199328321972291,0.0,121,88,0.1026283152501506,-0.0318347763347763,0.0988303177609727,209,5.3471075307174685
annomi,annomi_104,4.466666666666667,4.444444444444445,0.0758486495135688,0.1262663584049528,1.0,321,581,0.1445316933066933,0.1298855158730159,0.1196695336017361,902,6.805722553416985
annomi,annomi_105,3.85,4.5,-0.0214904317460317,0.1282691610659468,0.0,638,198,0.1893628117913832,0.0157607682539682,0.1068751678981355,836,6.729824070489475
annomi,annomi_106,1.6666666666666667,2.027777777777778,0.2231734417344173,0.1490822930052378,1.0,218,374,0.0895419634703196,0.0982486643437862,0.0781274954502159,592,6.385194398997726
annomi,annomi_107,2.2333333333333334,1.462962962962963,0.045869597069597,0.0966905744000922,1.0,143,226,0.1066915587740472,0.1164123931623931,0.1240893005886821,369,5.91350300563827
annomi,annomi_108,3.283333333333333,4.657407407407407,-0.015310934065934,0.1304291166163404,0.0,660,948,0.1847309042040671,-0.0161571947496947,0.0899904479799437,1608,7.3833681469923835
annomi,annomi_11,4.183333333333333,3.3055555555555554,0.1582751488095238,0.0697193516130556,1.0,51,188,0.1901914449765008,0.1780002976190476,0.1478780498497401,239,5.480638923341991
annomi,annomi_110,3.8333333333333335,4.055555555555555,-0.1299521222377839,0.1410842269657539,0.0,1031,451,0.1845257146448322,-0.0673518246187363,0.0992280593424434,1482,7.301822342137932
annomi,annomi_111,4.8500000000000005,3.9629629629629632,-0.0758489130434783,0.1550034470475089,0.0,355,670,0.1219826141248229,-0.0866004025764894,0.1185658325799041,1025,6.933423025730715
annomi,annomi_112,3.8166666666666655,4.814814814814815,0.0927780555555555,0.1298884045193127,1.0,1009,543,0.1677115592116996,0.1001683472222222,0.120231518909914,1552,7.347943823148687
annomi,annomi_113,5.05,4.157407407407407,0.0389719610206952,0.1521437321404852,1.0,405,830,0.1110439287164317,0.025007720514366,0.1031672240170212,1235,7.119635638017636
annomi,annomi_114,4.233333333333333,4.148148148148148,0.0171842996486126,0.1236654371241748,1.0,664,349,0.158806772875817,0.0339917030170846,0.1170472053659077,1013,6.921658184151129
annomi,annomi_115,2.15,1.8703703703703702,0.0713564192343604,0.1117438693227389,1.0,182,334,0.129204597069597,0.0451187091503268,0.1146413609214978,516,6.248042874508429
annomi,annomi_117,4.333333333333333,4.601851851851852,0.0179463648476422,0.1265716992184453,1.0,697,667,0.1286228283157234,0.0302920953539566,0.096688295161086,1364,7.21890970761906
annomi,annomi_118,1.5333333333333332,1.0,0.0693403073286052,0.1386233955798062,1.0,245,344,0.1474456503198294,0.1324250675447483,0.114943607599593,589,6.380122536899765
annomi,annomi_119,4.616666666666667,4.5,0.0615811379097093,0.1269164009191209,1.0,781,552,0.1808400947119179,0.046840563801278,0.1109162951092403,1333,7.195937226475569
annomi,annomi_12,3.383333333333333,3.7407407407407405,0.0908097798259088,0.1292748771602999,1.0,319,836,0.1354825147310032,0.0887904569892473,0.1426973291882561,1155,7.052721049232323
annomi,annomi_120,4.033333333333333,4.787037037037037,0.0199317841880342,0.1018631799978524,1.0,271,524,0.2111297541994144,-0.0675090583028083,0.0972346491635902,795,6.679599185844383
annomi,annomi_122,3.5500000000000003,3.3333333333333335,-0.0527936688311688,0.1204646780902813,0.0,122,101,0.1516546928916494,-0.0419352813852813,0.1472599742867147,223,5.4116460518550396
annomi,annomi_123,1.9333333333333336,1.5740740740740744,0.0700546853244222,0.1357187446380907,1.0,295,600,0.0767898396583675,0.1354506961849067,0.0770920193996592,895,6.79794041297493
annomi,annomi_124,4.666666666666667,4.7592592592592595,0.0167762108262108,0.1109642081608022,1.0,988,650,0.2003198833667632,-0.0049554497354497,0.1044949402787101,1638,7.40184157874383
annomi,annomi_125,2.5000000000000004,3.388888888888889,0.1018824404761904,0.0930234463131673,1.0,53,49,0.0496167361111111,-0.0723660714285714,0.1211496853856979,102,4.634728988229636
annomi,annomi_126,1.9,4.333333333333333,-0.0647740277777777,0.1641309623207407,0.0,309,1081,0.1578816827321724,0.0023592592592592,0.1148815410133954,1390,7.237778191923443
annomi,annomi_127,4.633333333333334,4.018518518518518,0.1136659297052154,0.1454314015940403,1.0,499,442,0.098487763481066,0.0302600988014253,0.1208579282401881,941,6.848005274576363
annomi,annomi_128,4.5,4.083333333333333,0.1073982461297275,0.129366739154624,1.0,416,605,0.1333475151805688,0.0738391681363903,0.1003762617561992,1021,6.92951677076365
annomi,annomi_129,4.45,3.027777777777778,0.0081857956857956,0.1496460592621229,1.0,204,237,0.2390298732943469,0.0664452991452991,0.1072574641361688,441,6.091309882077698
annomi,annomi_13,4.466666666666666,3.9814814814814814,0.0929203703703703,0.1606000330750056,1.0,103,273,0.1226911375661375,0.2018970899470899,0.0888211247669626,376,5.932245187448011
annomi,annomi_131,3.8333333333333335,4.694444444444444,0.0396504078483244,0.1437181549064554,1.0,371,925,0.1121243267831149,-0.0236882936507936,0.1313160369096184,1296,7.167809184316444
annomi,annomi_132,4.416666666666667,4.685185185185186,-0.1053159159159159,0.1519935801066465,0.0,383,600,0.148108646899256,-0.0516892642642642,0.1256470530029974,983,6.891625897052253
annomi,annomi_14,4.533333333333334,3.935185185185185,0.0437810201316299,0.12357954754065,1.0,216,300,0.1400808841978945,0.0566888792102206,0.0832560237202381,516,6.248042874508429
annomi,annomi_15,2.483333333333333,2.027777777777778,0.0973464676034348,0.141724503408006,1.0,316,289,0.0741107893990929,-0.0373619242779078,0.1160239323186295,605,6.406879986069314
annomi,annomi_16,4.233333333333333,4.037037037037037,-0.1351494639376218,0.1789276292991379,0.0,294,242,0.1603606870359016,-0.0177135895293789,0.1202363035088004,536,6.285998094508865
annomi,annomi_17,2.6666666666666665,2.342592592592592,0.2169560236060236,0.1320440817702444,1.0,206,517,0.1507962309398825,0.2162387260887261,0.1213532136686094,723,6.584791392385716
annomi,annomi_18,3.5666666666666664,3.1203703703703707,0.0640885030864197,0.1713622113694467,1.0,549,1549,0.1423606374974232,0.0843898699294532,0.1351233696957159,2098,7.649216319820633
annomi,annomi_19,4.3,3.6666666666666665,0.1183019841269841,0.1234559895546271,1.0,131,39,0.1947001851851851,0.1356374503968254,0.1384320819342512,170,5.14166355650266
annomi,annomi_2,3.8333333333333335,4.731481481481482,0.1079178451178451,0.1486340194044248,1.0,340,570,0.1481248684322213,-0.0188069624819624,0.12736838761725,910,6.814542897259958
annomi,annomi_20,5.333333333333333,4.064814814814814,0.1515432501155802,0.1374691431857659,1.0,527,484,0.1180357660818713,0.0740963669286484,0.0999548334881825,1011,6.919683849847411
annomi,annomi_22,3.516666666666667,4.444444444444444,-0.0172802409737642,0.1353680322656773,0.0,975,580,0.1886257776665832,-0.0334691524796447,0.1135350098746335,1555,7.349873704738337
annomi,annomi_23,4.133333333333334,3.7407407407407405,-0.0579407008547008,0.116152237622042,0.0,1635,736,0.1107670902382044,-0.00044005006105,0.1060948500459438,2371,7.771488760117616
annomi,annomi_24,4.233333333333333,4.166666666666667,0.1123375992063492,0.1465479872318092,1.0,333,296,0.1257059924782921,0.0418124131944444,0.1173310011469798,629,6.4457198193855785
annomi,annomi_25,4.383333333333333,4.629629629629629,-0.1083101725875535,0.1528247012404387,0.0,324,291,0.1658206321062704,-0.0965267825648778,0.1100299333933937,615,6.423246963533519
annomi,annomi_26,2.85,2.5185185185185186,0.1875901587301587,0.1499155334445087,1.0,84,219,0.1160624659863945,0.0471473015873016,0.0825297706281527,303,5.717027701406222
annomi,annomi_28,3.233333333333333,4.083333333333333,0.0436799160853301,0.1357969107029558,1.0,794,709,0.094675171201814,0.0562554443433424,0.1156038489066376,1503,7.315883504509785
annomi,annomi_29,3.8333333333333335,4.361111111111111,-0.0591174482924482,0.1196383495281688,0.0,340,791,0.1731258251126537,-0.0366935966810966,0.1142523001702943,1131,7.0317412587631285
annomi,annomi_3,2.883333333333333,3.407407407407407,0.0809439553340716,0.1330858283637798,1.0,224,122,0.1672747331085826,0.088351061277224,0.1172738153952701,346,5.849324779946859
annomi,annomi_30,2.6833333333333336,1.8611111111111114,0.0296661375661375,0.1470474140662311,1.0,100,303,0.1183786956052262,0.0844924603174603,0.0847196390925647,403,6.0014148779611505
annomi,annomi_31,4.616666666666666,4.712962962962963,0.088756984126984,0.1518050408647701,1.0,361,622,0.0958154502964861,-0.0340276077097505,0.1429947319442931,983,6.891625897052253
annomi,annomi_32,1.4833333333333334,1.2314814814814816,0.0385820105820105,0.1257907983283305,1.0,193,209,0.120172746031746,0.1283347883597883,0.1023279965514685,402,5.998936561946683
annomi,annomi_33,4.866666666666667,3.5833333333333335,0.0371505890376984,0.1235376958458601,1.0,333,369,0.1256157903439153,-0.0224017547123015,0.10980379066636,702,6.555356891810665
annomi,annomi_34,4.433333333333333,4.277777777777778,0.0234495981726023,0.1220288749282201,1.0,1200,1563,0.1937237753059181,0.0605605558890222,0.1003184015887908,2763,7.92443418488756
annomi,annomi_35,4.316666666666666,4.101851851851852,0.0120084068195179,0.1146044802973658,1.0,823,430,0.1935446489839007,0.0115417132079169,0.0912025634613477,1253,7.134093721192866
annomi,annomi_37,4.533333333333334,4.361111111111111,-0.008647103870788,0.1383434440166822,0.0,295,287,0.1056961216740892,-0.041869193817878,0.1213013239459143,582,6.368187186350492
annomi,annomi_38,5.016666666666667,4.185185185185185,0.0259764750290359,0.1309890695740589,1.0,1036,1238,0.1265796375941209,0.0082020054200541,0.1168439547804069,2274,7.729735331385051
annomi,annomi_39,3.866666666666667,4.129629629629629,0.0373670188785573,0.13879526117586,1.0,854,743,0.104616242268933,0.0200940898844745,0.1131908779585473,1597,7.37650812632622
annomi,annomi_4,4.5,4.12037037037037,-0.0929645445134575,0.133090611184473,0.0,240,281,0.1271107259570494,0.0709905452035886,0.1119703701981177,521,6.257667587882639
annomi,annomi_40,3.8166666666666655,4.379629629629629,-0.310369600340136,0.1624678869408339,0.0,152,83,0.1536848133848134,-0.0533783588435374,0.1336795864107151,235,5.4638318050256105
annomi,annomi_41,3.766666666666667,4.685185185185185,0.0315791025182003,0.1393307321343072,1.0,1339,282,0.1848511454154311,0.003288663623344,0.1280899351842733,1621,7.3914152346753585
annomi,annomi_42,3.9500000000000006,3.685185185185185,0.2631011805555555,0.1550884253546458,1.0,209,97,0.1912925595238095,0.1504987797619048,0.0965703320022263,306,5.726847747587197
annomi,annomi_43,3.9500000000000006,4.518518518518518,0.0430223673300166,0.1185268259490128,1.0,683,556,0.1570391558573459,0.0258153133143804,0.1120594582036455,1239,7.122866658599083
annomi,annomi_45,3.35,2.7222222222222228,-0.0571746965452847,0.0956431397682756,0.0,183,585,0.1553203400573192,0.10293256302521,0.0981729301370876,768,6.645090969505644
annomi,annomi_46,4.1000000000000005,4.231481481481482,0.1389605844155844,0.1443378571538013,1.0,288,679,0.1269250775882492,0.064171645021645,0.1465116525509143,967,6.875232087276577
annomi,annomi_47,2.766666666666667,2.3333333333333335,,,,14,205,0.128278356818918,,,219,5.393627546352362
annomi,annomi_48,4.466666666666667,3.9259259259259256,0.1427346521942111,0.1514100667844172,1.0,180,103,0.1075043693009118,0.1368977591036414,0.1159069399776408,283,5.648974238161206
annomi,annomi_50,4.183333333333333,4.037037037037037,0.1297731089555163,0.1273096600686615,1.0,418,280,0.1024849323493234,0.0452750440917107,0.1054218119499069,698,6.54965074223381
annomi,annomi_51,4.466666666666667,4.1759259259259265,-0.1357713293650793,0.1419171578797242,0.0,69,167,0.0750774638336347,0.0696065476190476,0.0950712863699225,236,5.4680601411351315
annomi,annomi_52,3.2166666666666663,4.018518518518518,0.1135824845679012,0.1218271958621789,1.0,191,320,0.1414371535752564,0.0401525022045855,0.0946998130637635,511,6.238324625039508
annomi,annomi_53,1.7833333333333332,3.4537037037037037,0.0044876767113095,0.1209040577646701,1.0,653,1218,0.1521914717003426,0.0324163380456349,0.1042094520016378,1871,7.534762657037537
annomi,annomi_54,1.7333333333333332,3.8333333333333335,0.075406432748538,0.1779865873856934,1.0,200,353,0.1673168212440014,0.0220564640768588,0.1098224355803551,553,6.317164686747284
annomi,annomi_57,1.4833333333333334,1.8240740740740742,-0.0366323412698412,0.1858458863619537,0.0,151,230,0.0973274599583423,-0.0413764739229024,0.1153577245929911,381,5.945420608606575
annomi,annomi_58,3.516666666666667,4.592592592592593,-0.0493603849206349,0.1332979392916329,0.0,1010,610,0.138196544119589,0.0088334801587301,0.1171804695127486,1620,7.390798521735676
annomi,annomi_59,1.5666666666666669,1.7222222222222223,,,,28,142,0.1412356725146198,,,170,5.14166355650266
annomi,annomi_6,4.816666666666666,4.018518518518519,-0.0089036094803218,0.1455349729006365,0.0,376,404,0.1428111944946755,0.0081790063057186,0.0996426895824951,780,6.660575149839686
annomi,annomi_60,4.233333333333333,4.833333333333333,0.0837358155166829,0.1310347555553527,1.0,499,678,0.1581581731795857,0.1084213435374149,0.1121054449057983,1177,7.071573364211532
annomi,annomi_61,4.883333333333333,4.6759259259259265,-0.0401111822401916,0.1195807593262983,0.0,540,691,0.1318360098682679,-0.0446975479185384,0.114688214324545,1231,7.116394144093465
annomi,annomi_62,3.9333333333333336,4.2407407407407405,-0.1034263012181616,0.1387063499107367,0.0,227,512,0.1645500575909621,-0.0685595791805094,0.0981238029521667,739,6.606650186198215
annomi,annomi_63,4.416666666666667,4.092592592592593,-0.0101748726239467,0.1373165249307189,0.0,416,576,0.0454423266425911,0.0268763031550068,0.1155830211413298,992,6.900730664045173
annomi,annomi_65,4.433333333333334,3.935185185185185,-0.0400275793650793,0.1863905016248936,0.0,162,144,0.0971851146384479,0.0249221825396825,0.1018026797243756,306,5.726847747587197
annomi,annomi_67,5.133333333333334,4.268518518518518,0.1045211224489795,0.1925736545256783,1.0,184,488,0.1280391805017066,0.0471668027210884,0.1184274831887728,672,6.511745329644728
annomi,annomi_69,1.1,3.0185185185185186,0.0980309523809523,0.0397154141594608,1.0,37,80,0.0946983512184216,-0.1200385714285714,0.0447651657555945,117,4.770684624465665
annomi,annomi_70,3.1333333333333333,3.8055555555555554,0.0039833333333333,0.0970469003328142,1.0,37,159,0.1299534894179894,0.0263154761904762,0.0583432250269652,196,5.2832037287379885
annomi,annomi_72,1.4333333333333336,3.4537037037037037,0.0307157678332377,0.1431296803618265,1.0,427,385,0.1812889838736913,0.0353867565500095,0.1033695228556787,812,6.70073110954781
annomi,annomi_73,3.583333333333333,3.7037037037037037,0.0878614612511671,0.1335898338796302,1.0,97,184,0.1055998548752834,-0.0208983426704015,0.0733263024289029,281,5.641907070938114
annomi,annomi_74,1.2666666666666668,2.2037037037037037,-0.1235191338854382,0.1299524377682434,0.0,125,224,0.1475293318567737,-0.0422414078674948,0.1563056133278324,349,5.857933154483459
annomi,annomi_76,3.1833333333333336,4.435185185185185,-0.0071925204995109,0.1561065518090352,0.0,1066,538,0.1711967893899841,-0.0048281482735274,0.1244686219646385,1604,7.380879035564116
annomi,annomi_77,2.7833333333333337,4.416666666666667,0.0553236263736262,0.1102651709790568,1.0,207,641,0.1623726309774965,0.0159077737077737,0.0970960937521693,848,6.744059186311348
annomi,annomi_78,4.7,4.564814814814816,0.0834114167739167,0.1252521571802587,1.0,383,1186,0.0803710084826907,-0.0050303785928785,0.1366240032648249,1569,7.358830898342354
annomi,annomi_79,4.233333333333333,3.9629629629629632,-0.0512444862155388,0.0839086720695437,0.0,201,134,0.1061855619047619,-0.0541814536340852,0.1112745331758441,335,5.817111159963204
annomi,annomi_8,5.016666666666667,4.027777777777778,0.1298361423220974,0.1384774559447506,1.0,456,427,0.1125818029923293,-0.0411000980916711,0.1071551305081142,883,6.784457062637643
annomi,annomi_80,4.066666666666666,4.833333333333333,0.0494433234126984,0.1215844583956729,1.0,413,258,0.1336950213552623,0.0020024553571428,0.1242982549739859,671,6.51025834052315
annomi,annomi_81,2.566666666666667,4.2407407407407405,-0.013015873015873,0.0989300296372016,0.0,91,133,0.1376619207629288,-0.1111222718253968,0.0739919564404819,224,5.41610040220442
annomi,annomi_82,3.65,4.305555555555556,0.0971824074074074,0.1331768050574533,1.0,147,397,0.1695049787268859,0.1190868753674309,0.1510164627481777,544,6.300785794663244
annomi,annomi_83,4.366666666666667,4.101851851851852,0.1247243913101963,0.1478681173092387,1.0,602,1128,0.1502886814332524,0.0998003161151466,0.1068063606998919,1730,7.456454555176209
annomi,annomi_85,3.95,3.9629629629629632,-0.0417889071104632,0.1511340671051381,0.0,989,816,0.0915928074782164,0.0324481211532231,0.1303207983814029,1805,7.498869733976931
annomi,annomi_86,2.5333333333333337,3.6203703703703702,-0.0910924242424242,0.1183514170705418,0.0,177,153,0.1501957451499118,0.0666932178932179,0.1252596794767433,330,5.802118375377063
annomi,annomi_87,4.733333333333333,3.9166666666666665,0.0484878434065933,0.1182661618902874,1.0,269,157,0.127772871085371,0.0228999313186813,0.0964450740249911,426,6.056784013228625
annomi,annomi_88,4.05,4.527777777777778,-0.024447672352523,0.1235562998684056,0.0,346,712,0.1533702262412788,-0.021302789623312,0.130771018477804,1058,6.9650803456014065
annomi,annomi_89,3.4333333333333336,3.8148148148148144,-0.1122575768849206,0.1653146728193986,0.0,490,285,0.106869880089717,-0.0184888020833333,0.1501265211193657,775,6.654152520183219
annomi,annomi_9,2.95,3.4814814814814814,-0.0912681145431145,0.1638565856634007,0.0,198,397,0.1000808112420225,-0.1403924388674389,0.1356614296047926,595,6.39024066706535
annomi,annomi_90,1.7,2.3796296296296298,-0.0214226803751803,0.1221550826359521,0.0,559,383,0.1792658199643493,0.0587564754689754,0.1039784387018039,942,6.849066282633458
annomi,annomi_91,4.283333333333333,4.5740740740740735,0.0363121444032158,0.1570897391508638,1.0,779,749,0.1090095838695838,-0.014538430220573,0.1187061264533361,1528,7.332369205929062
annomi,annomi_92,2.016666666666667,1.3518518518518519,0.0875067226890756,0.1606171103281229,1.0,182,328,0.0685979026720406,-0.0113059757236228,0.083712211501633,510,6.236369590203704
annomi,annomi_93,4.4,4.518518518518518,0.0551585576259489,0.1140965670243799,1.0,241,286,0.2159839364506332,0.1132459454796411,0.0996884405087061,527,6.269096283706261
annomi,annomi_94,2.6666666666666665,4.351851851851851,0.0095849110728628,0.1373427449760984,1.0,840,478,0.1649410718516262,-0.0039144363166953,0.1076844430454845,1318,7.1846291527173145
annomi,annomi_95,2.8166666666666664,4.0092592592592595,0.1844389523809524,0.150064030923137,1.0,261,687,0.1366111064288055,-0.0411418571428571,0.1095403068045633,948,6.855408798609928
annomi,annomi_96,4.75,4.083333333333333,-0.047359984984985,0.1265925144589138,0.0,753,1249,0.1511987932027649,-0.0337648729086229,0.1044775785286517,2002,7.602401335665818
annomi,annomi_97,4.483333333333333,4.055555555555555,-0.0352507099169943,0.1144330329507369,0.0,557,487,0.1534932498173607,-0.1110347859327217,0.1120006449153259,1044,6.951772164398911
annomi,annomi_99,4.45,4.157407407407407,0.0033641025641026,0.137972618131142,1.0,269,653,0.142779995440205,-0.1271530906593406,0.1451775030947028,922,6.827629234502852
cactus,cactus_0,3.583333333333333,4.527777777777778,0.1986715196461097,0.141174959848548,1.0,318,453,0.1778506765694265,0.0705158665105386,0.0851855744004421,771,6.648984550024776
cactus,cactus_1,3.333333333333333,4.4444444444444455,0.0794433913308913,0.1465084266844375,1.0,402,446,0.192736211906578,-0.0021405118030118,0.1389571871226682,848,6.744059186311348
cactus,cactus_10,3.3000000000000003,4.62037037037037,0.1012292279051538,0.1407840230657452,1.0,416,417,0.1797521037581699,0.0281392906133646,0.1152663245941118,833,6.726233402358747
cactus,cactus_100,3.5666666666666664,4.361111111111111,-0.0146356891701828,0.1339391012273944,0.0,406,386,0.1494129805060839,-0.0210344082780791,0.108346761860828,792,6.675823221634848
cactus,cactus_101,3.2166666666666663,4.212962962962963,0.1004894718792867,0.1197301318393455,1.0,418,541,0.1735345678183553,0.0799962424064275,0.0946937935880745,959,6.866933284461882
cactus,cactus_102,3.4166666666666665,4.4907407407407405,0.2135647037981859,0.1377786600903153,1.0,289,411,0.1989095741530443,0.1291405683106576,0.1001753008914356,700,6.55250788703459
cactus,cactus_103,3.35,3.944444444444444,0.0019971741221741,0.1384468940330163,1.0,339,376,0.1968236873405129,0.0162289682539682,0.1213314244225619,715,6.573680166960646
cactus,cactus_104,3.1,4.018518518518518,0.0375661706349206,0.1294974854434585,1.0,331,494,0.1828561438389788,0.0976493985615079,0.1107471240711824,825,6.716594773520978
cactus,cactus_105,3.866666666666667,3.935185185185185,-0.143600779478458,0.1251027056295632,0.0,293,446,0.1808287348806799,-0.0909838718820861,0.0950178424822812,739,6.606650186198215
cactus,cactus_106,3.6833333333333336,4.2407407407407405,0.0442033272283272,0.1485311930561791,1.0,336,429,0.1816833758503401,0.0342514713064713,0.1010574803584016,765,6.641182169740591
cactus,cactus_107,3.35,4.351851851851852,0.1623532131834215,0.1452386184620288,1.0,373,433,0.1930437930518119,0.0771675319664902,0.0906753977320816,806,6.693323668269949
cactus,cactus_108,3.5500000000000003,4.5740740740740735,0.1439488153594771,0.1651773220470556,1.0,350,348,0.1775780154047853,0.0678397817460317,0.1126359681246914,698,6.54965074223381
cactus,cactus_109,3.4666666666666663,4.555555555555556,0.1206752926587301,0.134249716091911,1.0,409,513,0.2011111953577727,0.0798377430555555,0.0975026804863001,922,6.827629234502852
cactus,cactus_11,3.0333333333333337,4.138888888888889,0.0207714900514195,0.1079981812315407,1.0,366,386,0.2007625015788808,-0.0244471272076905,0.0996464807838396,752,6.6240652277998935
cactus,cactus_110,3.5499999999999994,4.611111111111111,-0.0155053979125896,0.136027504093328,0.0,378,384,0.213059491005291,-0.0633807947379865,0.1181302473150966,762,6.637258031284457
cactus,cactus_111,3.4,4.666666666666667,0.0021190242763771,0.1686788344563069,1.0,434,513,0.1909466301335349,-0.0744082119514472,0.1307834709407712,947,6.854354502255021
cactus,cactus_112,2.9333333333333336,4.37962962962963,0.1043743413516609,0.139193574669653,1.0,495,460,0.1349822853975293,-0.0223858656521027,0.123546227693989,955,6.862757913051401
cactus,cactus_113,3.25,4.703703703703703,0.069479002547521,0.1378689356366625,1.0,415,461,0.221798960528164,-0.0202946844993141,0.1072348027649481,876,6.776506992372183
cactus,cactus_114,3.2166666666666663,3.935185185185185,-0.0321211685823754,0.1257403796622142,0.0,302,345,0.1995075904667423,0.0192322660098522,0.1000446894157283,647,6.473890696352274
cactus,cactus_115,3.1666666666666665,4.777777777777778,0.162132176629517,0.1509457403096779,1.0,481,582,0.232792327349788,0.0259513255656872,0.1270637282474967,1063,6.96979066990159
cactus,cactus_116,3.75,4.407407407407407,0.0622759379509379,0.1277282400759617,1.0,342,369,0.2180522145061728,0.0703410654160654,0.0743883853319239,711,6.568077911411976
cactus,cactus_117,3.35,4.222222222222221,0.0087257936507936,0.1507784888425491,1.0,281,307,0.2321521119633535,0.1301406746031746,0.1140263500258435,588,6.3784261836515865
cactus,cactus_118,3.45,4.101851851851852,0.0865230974124809,0.1257803465454317,1.0,377,391,0.1645629217568353,0.0948282017829963,0.1356737642828797,768,6.645090969505644
cactus,cactus_119,3.2,3.8796296296296298,-0.1530373939986953,0.1223431963258235,0.0,377,490,0.1849696845196845,-0.0779182159165036,0.101045910592339,867,6.7661917146603505
cactus,cactus_12,3.1666666666666665,4.796296296296297,0.1520903823178016,0.1335150797402774,1.0,478,364,0.2270488419405321,0.0785033282130056,0.1104355242880155,842,6.736966958001855
cactus,cactus_120,3.783333333333333,4.351851851851851,0.0631820811287477,0.1216432617009174,1.0,463,486,0.1411616252370969,0.0094257231040564,0.10225189080117,949,6.856461984594587
cactus,cactus_121,4.1000000000000005,3.638888888888889,-0.0808603930461073,0.120053038210447,0.0,327,504,0.1713493602693602,-0.0782580813807004,0.086464516907322,831,6.723832440821209
cactus,cactus_122,3.4,4.4907407407407405,0.1091168858090499,0.1545322437728774,1.0,348,455,0.1963090166559897,0.0948782930585169,0.1216959873210889,803,6.6895992691789665
cactus,cactus_123,2.983333333333333,4.0092592592592595,-0.0209436709712133,0.1269309311546355,0.0,307,421,0.2111940649560794,-0.0015553066989507,0.0915452242159602,728,6.591673732008658
cactus,cactus_124,3.4333333333333336,4.564814814814815,-0.079981074074074,0.1665781840115169,0.0,386,394,0.1605528004535147,-0.094182328042328,0.1385652754714645,780,6.660575149839686
cactus,cactus_125,3.4166666666666665,4.5740740740740735,0.0964957624716553,0.1664340196234634,1.0,289,385,0.172524011102668,0.0050437712585034,0.1432539845553263,674,6.51471269087253
cactus,cactus_126,3.333333333333333,3.3796296296296298,-0.1009270871985157,0.1259835875512309,0.0,396,457,0.1690917472718253,-0.0744661925376211,0.1228214566638049,853,6.74993119378857
cactus,cactus_127,3.233333333333333,4.0740740740740735,0.0873372607376283,0.1198971304178735,1.0,349,351,0.1524159983291562,0.0856689600840336,0.1150252149141699,700,6.55250788703459
cactus,cactus_128,3.3166666666666664,4.453703703703703,0.1246480571016284,0.1509671845379707,1.0,395,500,0.1592690896453625,0.0667616831581117,0.1447592901372173,895,6.79794041297493
cactus,cactus_129,2.8666666666666667,3.8703703703703702,-0.0348721475719,0.1267894116223564,0.0,514,607,0.1694963004990179,-0.042435337105139,0.1267013224517989,1121,7.022868086082641
cactus,cactus_13,3.633333333333333,4.694444444444445,0.1392430695282808,0.1539030862313667,1.0,366,430,0.1628421511518304,0.1307497484909456,0.0969291543410618,796,6.680854678790215
cactus,cactus_130,3.3833333333333333,4.111111111111111,0.0692425631981187,0.1263160852758261,1.0,415,472,0.1977798364702252,0.0793362874779541,0.0907527091539778,887,6.78897174299217
cactus,cactus_131,3.516666666666667,4.462962962962963,0.1319723787167449,0.1332500991444578,1.0,365,489,0.1475293022486772,-0.0441973395931142,0.1151283880542331,854,6.75110146893676
cactus,cactus_132,3.25,3.8796296296296293,0.0315929761904761,0.1142643272339773,1.0,359,357,0.1749659642401021,-0.0057955555555555,0.1028880722809405,716,6.57507584059962
cactus,cactus_133,3.4166666666666665,4.2592592592592595,-0.1093345521541949,0.1318656520228202,0.0,433,517,0.1833483150543682,-0.1646013936130007,0.1065651192256295,950,6.85751406254539
cactus,cactus_134,3.6166666666666663,4.481481481481482,0.1027048955722639,0.1472373657320624,1.0,486,476,0.1563657277114986,0.0770877151211361,0.1089446173917872,962,6.870053411798126
cactus,cactus_135,3.0,4.648148148148148,-0.0025376984126984,0.1322180268618536,0.0,329,305,0.2217604542042042,0.0715770957341269,0.0927466107257258,634,6.453624998892692
cactus,cactus_136,3.1,4.564814814814814,0.089839131393298,0.1395687476851267,1.0,373,472,0.2080102694641571,0.0462075892857142,0.0850249238232879,845,6.740519359606223
cactus,cactus_137,3.3833333333333333,4.685185185185184,0.11926016285302,0.1294903089240235,1.0,396,390,0.2055547869016373,0.0558335497835498,0.0880948041213551,786,6.668228248417403
cactus,cactus_138,3.0666666666666664,4.064814814814814,0.0565344726062467,0.1304720998650327,1.0,320,406,0.1321376464355683,0.1236815348182283,0.1352975763469364,726,6.588926477533519
cactus,cactus_139,3.1166666666666667,4.648148148148148,0.0978807510927076,0.1243699867616679,1.0,356,411,0.1914393824528153,0.0495681792040487,0.1206328485094914,767,6.643789733147672
cactus,cactus_14,3.65,4.203703703703703,-0.0313481510552939,0.148780551954736,0.0,466,434,0.1990392521008403,-0.0570186769579626,0.1028236654076898,900,6.803505257608338
cactus,cactus_140,3.6833333333333336,4.666666666666667,0.2468420785613823,0.1679251098588151,1.0,405,398,0.1329387338311502,0.1003952682338758,0.1211900260123571,803,6.6895992691789665
cactus,cactus_141,3.6166666666666663,4.166666666666667,0.0094540389215046,0.1296129354820947,1.0,376,417,0.1825421889589169,0.0522309143292019,0.116331593408798,793,6.677083461247136
cactus,cactus_142,3.8,4.185185185185186,0.0060258425744727,0.1177023718293955,1.0,378,432,0.1827794157379264,-7.283105022831693e-05,0.1025245558331389,810,6.698268054115413
cactus,cactus_143,3.25,4.222222222222222,0.0377849149659863,0.1237752345334579,1.0,361,436,0.1584214360060964,0.0014229138321995,0.1181001550450584,797,6.682108597449809
cactus,cactus_144,3.766666666666667,4.138888888888889,-0.0364397557997558,0.127606791625134,0.0,338,369,0.1633888205467372,-0.0884297619047619,0.0940247157399523,707,6.56244409369372
cactus,cactus_145,3.6833333333333336,4.342592592592593,0.0455478466386555,0.1246842579074146,1.0,350,394,0.1773004834054834,0.0268506886087768,0.1054405703013065,744,6.61338421837956
cactus,cactus_146,3.8166666666666655,4.675925925925926,0.0204051960784313,0.1318728448289824,1.0,436,552,0.1642025278435499,-0.0248970821661998,0.090318823669935,988,6.8966943316227125
cactus,cactus_147,3.466666666666667,4.731481481481481,0.1109438767636684,0.1510655746333337,1.0,370,439,0.177407799926172,0.0345185074955908,0.1044066500790558,809,6.697034247666484
cactus,cactus_148,3.2,3.925925925925926,0.1076117767537122,0.1713819931709455,1.0,323,408,0.1828763187731232,0.110626900921659,0.1013678019551751,731,6.595780513961311
cactus,cactus_149,2.983333333333333,3.7129629629629632,-0.0355272628495842,0.0981149009281875,0.0,429,482,0.1880717515688446,0.034162996031746,0.0969952161858269,911,6.815639990074331
cactus,cactus_15,3.233333333333333,3.907407407407407,-0.0302799049464747,0.1231850595094792,0.0,440,524,0.1839941655108645,0.0321069859726836,0.1014534699508045,964,6.872128101338986
cactus,cactus_150,3.45,4.277777777777779,0.0305574108431251,0.1378119812439844,1.0,397,381,0.1611324436763953,-0.0272488610595753,0.1288937172316205,778,6.658011045870748
cactus,cactus_151,3.3666666666666667,4.6759259259259265,0.0644879761904761,0.1160922163849977,1.0,363,473,0.2442620723864258,0.0196106972789115,0.1309565323186637,836,6.729824070489475
cactus,cactus_152,3.3666666666666667,4.018518518518518,0.1444454525954525,0.1462500378469046,1.0,382,438,0.1509197829947829,0.1088317406692406,0.1228512343854852,820,6.710523109452428
cactus,cactus_153,3.3833333333333333,4.37962962962963,0.0127922910830999,0.1378151160445664,1.0,349,401,0.1736940962099125,-0.0163225140056022,0.1099647047980183,750,6.621405651764134
cactus,cactus_154,3.333333333333333,4.490740740740741,0.0585171428571428,0.1305562292875292,1.0,309,456,0.2024977637512872,-0.0524529232804232,0.1073890484565069,765,6.641182169740591
cactus,cactus_155,3.4,4.018518518518518,0.0614699701092557,0.1311298105451193,1.0,398,418,0.1841444813133077,0.0348395124716553,0.1037893117030533,816,6.705639094860003
cactus,cactus_156,3.483333333333333,4.129629629629629,0.0814695004668534,0.1274293067178934,1.0,434,441,0.1726021154835391,0.0584855742296918,0.1156361975692235,875,6.775366090936392
cactus,cactus_157,3.6166666666666663,4.3240740740740735,-0.0552284798534798,0.1246450860535292,0.0,402,470,0.1772219243879764,-0.1197439916564916,0.1116819877164328,872,6.771935555839602
cactus,cactus_158,3.15,4.194444444444445,-0.0645747853239657,0.1265330552272663,0.0,318,406,0.1815757716604693,-0.0452707975539942,0.1092081337606916,724,6.586171654854675
cactus,cactus_159,3.033333333333333,4.12962962962963,0.0650817557104141,0.1645840335900921,1.0,419,448,0.1920401896445746,0.0295354142469996,0.0870433794817503,867,6.7661917146603505
cactus,cactus_16,3.133333333333333,4.462962962962963,0.0226736205593348,0.1440329764182749,1.0,431,416,0.1866439247689248,-0.0303269179894179,0.0987466337870697,847,6.742880635791903
cactus,cactus_160,3.65,3.592592592592593,-0.0605772765246449,0.1319616999288468,0.0,297,435,0.1534386271331694,-0.1112219507101086,0.0889141132913589,732,6.597145701886651
cactus,cactus_161,3.4000000000000004,4.12962962962963,0.0367886578259996,0.1293430276744104,1.0,405,433,0.1592811854222821,0.0682166114124974,0.1027393441039452,838,6.732210706467206
cactus,cactus_162,3.4333333333333336,3.675925925925926,-0.0044184848484848,0.1230445222451703,0.0,288,450,0.2030942014901199,0.0241602813852813,0.096041276847643,738,6.6052979209482015
cactus,cactus_163,3.7,4.351851851851852,0.0339125457875457,0.1299293944976521,1.0,334,392,0.2064068061254092,0.0109769841269841,0.1095182597873756,726,6.588926477533519
cactus,cactus_164,3.4333333333333336,4.231481481481481,0.0331050073099414,0.1301079932794588,1.0,392,358,0.1913915927593578,0.0569371083959899,0.1105601228209675,750,6.621405651764134
cactus,cactus_165,3.883333333333333,4.731481481481481,0.049868699056199,0.124338019538074,1.0,380,496,0.1984530499331834,-0.0688635778635778,0.1192949098569689,876,6.776506992372183
cactus,cactus_166,3.4166666666666665,4.203703703703703,-0.053144043109668,0.1550740769623388,0.0,451,557,0.1374569574788552,-0.0875655979437229,0.1132553717633369,1008,6.9167150203536085
cactus,cactus_167,3.5499999999999994,4.5740740740740735,0.1133583333333333,0.1560855068456675,1.0,416,466,0.1637067712132263,0.0835439594356261,0.1253407249266578,882,6.78332520060396
cactus,cactus_168,3.4333333333333336,4.453703703703703,0.1497979901051329,0.1949419248682977,1.0,396,441,0.1855981922398589,0.0044896361574933,0.1171409397263175,837,6.731018100482083
cactus,cactus_169,3.3666666666666667,4.12037037037037,0.0131070310753409,0.1374563098095272,1.0,365,393,0.1530781983713624,-0.0375786776212832,0.07858902326673,758,6.63200177739563
cactus,cactus_17,3.4666666666666663,4.648148148148148,0.1369651687905209,0.1363469235391153,1.0,364,492,0.1707789986526011,0.0961650458305388,0.0888021694682251,856,6.75343791859778
cactus,cactus_170,3.6,4.222222222222222,0.0494466343327454,0.1495094431581651,1.0,414,466,0.1536787025459345,0.0663857191847932,0.1026435911722836,880,6.78105762593618
cactus,cactus_171,3.733333333333333,4.518518518518518,-0.0054728306878307,0.1586940964217825,0.0,309,371,0.1501932243707796,-0.0118568386243386,0.1250069696508176,680,6.523562306149512
cactus,cactus_172,3.116666666666667,4.398148148148148,0.0574811263318112,0.139897198760015,1.0,377,422,0.1852707521426649,0.0977445477277669,0.1223100777941771,799,6.684611727667927
cactus,cactus_173,3.6,4.601851851851852,0.1223365444862155,0.1423029108826938,1.0,393,434,0.20604416713352,0.0401972901002506,0.0804035187136796,827,6.71901315438526
cactus,cactus_174,3.483333333333333,4.583333333333333,-0.0204124352548037,0.1509322697389679,0.0,488,545,0.1688955742122719,0.0037554636591478,0.094628075931551,1033,6.9411900550683745
cactus,cactus_175,3.583333333333333,4.157407407407407,-0.041885877085877,0.1382299227402227,0.0,401,391,0.173155358181667,-0.0441043142043142,0.1357977740835212,792,6.675823221634848
cactus,cactus_176,3.5666666666666664,4.851851851851852,0.0656938912938913,0.1316190872884924,1.0,341,391,0.1820600089337655,0.069445670995671,0.128337323257789,732,6.597145701886651
cactus,cactus_177,3.483333333333333,4.6759259259259265,0.2306339117567931,0.1529578577049853,1.0,307,447,0.1930710235920852,0.0998867567931127,0.1137811622065395,754,6.626717749249025
cactus,cactus_178,3.2,4.722222222222222,0.0636341478696742,0.152241923991901,1.0,390,472,0.1844057741094998,-0.013613909774436,0.1268563924213782,862,6.760414691083428
cactus,cactus_179,2.983333333333333,4.222222222222222,0.096732332886206,0.136101331755674,1.0,367,433,0.1874886277702905,0.0510994746255309,0.0939390958877811,800,6.68586094706836
cactus,cactus_18,3.4333333333333336,4.75,0.0486700120554551,0.1177823996782518,1.0,404,468,0.2120272504063353,0.036679937713482,0.0951683870053821,872,6.771935555839602
cactus,cactus_180,3.016666666666667,3.6481481481481484,-0.0041600590623846,0.1386781668257163,0.0,443,448,0.1500527280616118,-0.0484118309339239,0.1037921073468817,891,6.79346613258001
cactus,cactus_181,3.033333333333333,4.5092592592592595,-0.0886391717325227,0.1269987313720947,0.0,482,511,0.1860811460507177,-0.1028660249915569,0.1162219776183026,993,6.901737206656574
cactus,cactus_182,3.5333333333333337,4.425925925925925,0.032744307760141,0.1140647180118146,1.0,462,497,0.2186923342766068,-0.0398920326278659,0.0953076764681435,959,6.866933284461882
cactus,cactus_183,3.783333333333333,4.2407407407407405,-0.0010392283419391,0.1309516791606542,0.0,424,534,0.1544013340891912,-0.0408759083954867,0.0984378866123904,958,6.8658910748834385
cactus,cactus_184,3.083333333333333,3.6481481481481484,0.1983275998905309,0.1545238194242941,1.0,303,446,0.1356851258581235,0.043308470169677,0.1329493282861647,749,6.620073206530356
cactus,cactus_185,2.833333333333333,3.972222222222222,-0.1157250136836344,0.1433223307863654,0.0,302,442,0.171514074012977,-0.1310778051450465,0.1025795715449265,744,6.61338421837956
cactus,cactus_186,2.583333333333333,3.7777777777777772,0.0994602873977874,0.1446000925907682,1.0,342,332,0.1250597682932822,0.1236074434824434,0.1249197906377613,674,6.51471269087253
cactus,cactus_187,3.533333333333333,4.092592592592593,-0.0073308183183183,0.1494870259881569,0.0,381,452,0.1823053665484252,-0.0413370280995281,0.0956838459270892,833,6.726233402358747
cactus,cactus_188,3.633333333333333,4.4259259259259265,0.0850153185475103,0.1470598580583518,1.0,376,423,0.1970489063338701,-0.0270392150467492,0.1109615777245807,799,6.684611727667927
cactus,cactus_189,3.0,4.287037037037037,0.0269734616220917,0.143628389981909,1.0,378,428,0.1491694425502898,-0.030051358991085,0.1161614418420776,806,6.693323668269949
cactus,cactus_19,2.8666666666666667,4.87037037037037,0.239371544973545,0.1452285887785457,1.0,386,451,0.1848589968038497,0.0400790264550264,0.1100316685570693,837,6.731018100482083
cactus,cactus_190,3.3166666666666664,4.203703703703703,0.0460958623149634,0.1482990333294733,1.0,456,466,0.1456203475044284,0.0577640449438202,0.1031019415130101,922,6.827629234502852
cactus,cactus_191,3.2166666666666663,4.453703703703703,-0.0235639525769155,0.1196764161617086,0.0,414,403,0.1720412144468616,-0.0310024887321183,0.0967057947135183,817,6.706862336602747
cactus,cactus_192,3.466666666666667,4.268518518518519,0.1000101484420929,0.1451839291927973,1.0,283,456,0.1939858696424133,0.1576977366255144,0.1213560126274074,739,6.606650186198215
cactus,cactus_193,2.766666666666666,4.138888888888889,0.0010396214896214,0.1544625697199337,1.0,468,557,0.1918477508399954,0.0231816064887493,0.0928632353891826,1025,6.933423025730715
cactus,cactus_194,3.233333333333333,4.777777777777778,0.0597375767195767,0.1442449447982599,1.0,384,440,0.1774203439767245,0.0082661957671957,0.1218369436995009,824,6.715383386334681
cactus,cactus_195,3.216666666666667,3.7870370370370368,0.0619126612103174,0.132503824914755,1.0,333,490,0.1597704195954196,0.1073350880456349,0.1176986978727812,823,6.714170529909472
cactus,cactus_196,3.6,4.055555555555555,0.0231035595238094,0.1462766625160313,1.0,509,424,0.1434369066743163,-0.0112576507936507,0.1367351969754533,933,6.839476438228843
cactus,cactus_197,3.6666666666666665,4.166666666666667,0.0295760779436152,0.1430500829456151,1.0,347,479,0.1701106121242823,0.0008786602700781,0.1057127175209944,826,6.717804695023691
cactus,cactus_198,3.366666666666667,3.972222222222222,0.0225103948896631,0.1175602629530254,1.0,419,400,0.1725747614988024,-0.0189801974448315,0.1047500069381763,819,6.709304340258298
cactus,cactus_199,3.85,4.638888888888888,0.1234289321789322,0.1591501551353073,1.0,341,385,0.1652582858409321,0.0626369528619528,0.0996470893965373,726,6.588926477533519
cactus,cactus_2,3.5,4.148148148148149,0.0592353854875283,0.1343620947215631,1.0,362,471,0.1840854566068852,-0.0107896088435374,0.1331689009991477,833,6.726233402358747
cactus,cactus_20,3.733333333333333,4.0740740740740735,0.0396856034080298,0.1307894265069415,1.0,353,373,0.1938923720129077,0.0915175420168067,0.1033060715760608,726,6.588926477533519
cactus,cactus_21,3.016666666666667,3.9166666666666665,-0.0982643037518037,0.1498435122837792,0.0,339,408,0.1920643155507817,-0.0095944865319865,0.0941521213460092,747,6.617402977974478
cactus,cactus_22,3.0666666666666664,3.814814814814815,-0.1007608230050011,0.1133926111661874,0.0,374,540,0.1903190401458763,-0.0806506631876495,0.1107094025192542,914,6.818924065275521
cactus,cactus_23,3.266666666666667,4.407407407407407,0.0538691553287982,0.154913885253775,1.0,362,502,0.2034099174152419,0.0344172505668934,0.1052949944579148,864,6.762729506931879
cactus,cactus_24,3.6666666666666665,4.5092592592592595,0.0474528170242455,0.1367150930998307,1.0,466,426,0.1423970461725857,-0.0264187990580847,0.1298617818165429,892,6.794586580876499
cactus,cactus_25,3.65,4.5740740740740735,-0.0001366625438053,0.1309256230915196,0.0,396,496,0.1926764324826439,-0.0423904298082869,0.0936913714034384,892,6.794586580876499
cactus,cactus_26,3.4500000000000006,3.981481481481481,0.0602602809106098,0.1486821697541716,1.0,393,442,0.1647065141684079,-0.0277393379281537,0.111344008332495,835,6.728628613084702
cactus,cactus_27,3.483333333333333,4.564814814814815,0.100385551206784,0.140359381663995,1.0,378,483,0.1674804559306141,-0.0018557403783431,0.1182192447726133,861,6.759255270663693
cactus,cactus_28,3.6833333333333336,4.185185185185186,0.0838969971570718,0.1599100634905096,1.0,345,486,0.1542658072942664,-0.0243180348258706,0.128587480765832,831,6.723832440821209
cactus,cactus_29,3.716666666666667,4.2592592592592595,0.1150661528286528,0.1358692117093408,1.0,401,437,0.1679484247515205,0.0645267958892958,0.1240951877951453,838,6.732210706467206
cactus,cactus_3,3.2,4.0092592592592595,-0.0466048701298701,0.1437112594617429,0.0,284,302,0.1668404829622406,-0.1103309884559884,0.0920465381441251,586,6.375024819828097
cactus,cactus_30,2.983333333333334,4.527777777777778,0.121191357511997,0.1449018759531223,1.0,441,471,0.1913746100460386,0.0784128137689184,0.1068059338860037,912,6.816735880594968
cactus,cactus_31,2.95,4.62962962962963,-0.0606271164021164,0.1496132552887354,0.0,354,320,0.178697089521768,-0.015611387163561,0.1010008345765432,674,6.51471269087253
cactus,cactus_32,3.233333333333333,3.842592592592593,0.2128608868184955,0.1542921138595574,1.0,356,497,0.1318094059003383,0.092666108810674,0.101546506319593,853,6.74993119378857
cactus,cactus_33,3.583333333333333,4.694444444444445,0.1028876627429998,0.1634069478127157,1.0,458,459,0.2047191543209876,-0.0160862225789192,0.1166311650898889,917,6.822197390620491
cactus,cactus_34,3.733333333333333,4.694444444444445,0.0169872619047619,0.1518510668413568,1.0,409,490,0.1995681071181071,-0.0826033333333333,0.1133926043201454,899,6.802394763324311
cactus,cactus_35,3.5,4.796296296296297,0.0980994338624338,0.1251830030818566,1.0,388,393,0.1989334346064815,0.1067652275132275,0.1196291863026396,781,6.661854740545311
cactus,cactus_36,3.2999999999999994,4.5740740740740735,0.1640199145299145,0.1677310300938468,1.0,334,392,0.1975519913796676,0.003389072039072,0.1091983498412539,726,6.588926477533519
cactus,cactus_37,3.35,4.648148148148148,-0.017652207001522,0.1714720557384131,0.0,378,421,0.1923079548081368,-0.0234618667101543,0.1307734320467948,799,6.684611727667927
cactus,cactus_38,3.4333333333333336,4.064814814814814,0.046865671641791,0.1265755986018334,1.0,346,358,0.1505664040114613,0.1312437574034589,0.1164970326720976,704,6.558197802812269
cactus,cactus_39,3.233333333333333,4.7407407407407405,0.197182383188017,0.1715925798613434,1.0,364,414,0.1737890819126004,0.0624728034875922,0.1204774080699618,778,6.658011045870748
cactus,cactus_4,3.516666666666667,3.5833333333333335,-0.0438145954316686,0.1101209419456356,0.0,420,510,0.1666219869784241,-0.0464316492450638,0.1025664405402854,930,6.836259277277067
cactus,cactus_40,3.6666666666666665,4.0740740740740735,0.0214258258258258,0.1227703882460392,1.0,383,491,0.1581658894816571,0.0024284749034749,0.1100652397681371,874,6.774223886357614
cactus,cactus_41,3.1,4.37962962962963,0.1107250992063491,0.1374312213052395,1.0,350,487,0.1781197325164375,0.1040652602707749,0.1083097966286713,837,6.731018100482083
cactus,cactus_42,3.45,4.768518518518519,0.163801037414966,0.1399914213473,1.0,361,426,0.2188243843020821,0.0533532199546485,0.11280194016553,787,6.669498089857879
cactus,cactus_43,3.2833333333333337,4.4259259259259265,0.0439164178100618,0.1308031913725922,1.0,306,383,0.1741098803157627,0.110490543449018,0.1045682729137414,689,6.536691597591305
cactus,cactus_44,3.2000000000000006,4.361111111111112,0.1053195804988662,0.1549976508751077,1.0,362,377,0.1648413345410627,0.0389807369614512,0.1169732126805519,739,6.606650186198215
cactus,cactus_45,2.4833333333333334,4.666666666666667,0.1447454732510287,0.1461682450394988,1.0,417,454,0.214298923666845,0.1538861013129531,0.1072217602572379,871,6.77078942390898
cactus,cactus_46,3.516666666666667,4.5,0.05615348759222,0.1245375364016992,1.0,367,424,0.1931299942627653,-0.0379878549072211,0.0995630170509035,791,6.674561391814426
cactus,cactus_47,2.9333333333333336,3.8055555555555554,0.1544500309214594,0.1298591439289993,1.0,396,436,0.1490486413144492,0.0717241754277468,0.1320853007993383,832,6.725033642166843
cactus,cactus_48,3.1166666666666667,4.666666666666667,0.1119060384394721,0.11973478507452,1.0,428,459,0.2224511843033509,0.0120888267355134,0.0706542928068148,887,6.78897174299217
cactus,cactus_49,3.8666666666666663,4.583333333333333,0.0769339433783463,0.153253934833211,1.0,344,442,0.1752017687598519,0.1003796197583511,0.0978829050952863,786,6.668228248417403
cactus,cactus_5,3.2999999999999994,4.296296296296297,-0.0112320213799806,0.1235064371209259,0.0,503,411,0.1747785852483613,-0.077731713637836,0.1044665084368012,914,6.818924065275521
cactus,cactus_50,3.616666666666667,4.537037037037037,0.0591093286494926,0.1378923682046684,1.0,314,535,0.1641031572514937,0.0190230809263596,0.1003648501444982,849,6.745236349484363
cactus,cactus_51,3.7833333333333337,4.185185185185185,0.0598144948519948,0.1394317662057776,1.0,382,424,0.1781817670682731,-0.0558490025740025,0.1028148533444519,806,6.693323668269949
cactus,cactus_52,3.466666666666667,4.805555555555556,0.1030714387464387,0.1442356799608642,1.0,403,519,0.1925382773109243,0.0690419668294668,0.0901497803712884,922,6.827629234502852
cactus,cactus_53,3.466666666666667,3.935185185185185,-0.0396315476190476,0.1183403448298637,0.0,329,371,0.1903880930456897,-0.0365649367559523,0.1059218068318805,700,6.55250788703459
cactus,cactus_54,3.4,4.8240740740740735,0.1710371176926055,0.1589055734261835,1.0,423,504,0.2045827224627225,0.0583574090205187,0.1210125211296317,927,6.833031732786201
cactus,cactus_55,3.8166666666666655,4.416666666666667,0.0701201329126027,0.1478913203101721,1.0,428,419,0.1347187833914053,0.0929032415375788,0.0984752188276694,847,6.742880635791903
cactus,cactus_56,3.6833333333333336,4.435185185185184,0.1344523526077097,0.1388095903154298,1.0,362,490,0.1862753036003036,-0.0136369501133786,0.0896953053706532,852,6.748759547491679
cactus,cactus_57,3.15,3.7129629629629632,-0.0757888354700854,0.1655005110997286,0.0,269,415,0.1916784668465087,-0.0387123092185592,0.1122191161288598,684,6.529418838262226
cactus,cactus_58,3.5666666666666664,4.222222222222222,-0.0442466820987654,0.1239695952944646,0.0,372,476,0.1662509763434282,-0.0557813822751322,0.1007175200036441,848,6.744059186311348
cactus,cactus_59,3.183333333333333,4.148148148148148,-0.0089930932288527,0.1283795883993788,0.0,407,459,0.1597136701940035,-0.0355383413703034,0.1054164130142988,866,6.7650389767805414
cactus,cactus_6,2.9666666666666663,4.805555555555556,0.1238279898741105,0.1390302899483959,1.0,302,338,0.1914836481401071,0.0299662014230979,0.1139958180932052,640,6.46302945692067
cactus,cactus_60,3.3833333333333333,4.101851851851852,0.0611491732804232,0.1213205287821778,1.0,372,465,0.1634264733013088,0.0110150297619047,0.1432298817438327,837,6.731018100482083
cactus,cactus_61,3.7,4.555555555555556,0.0509957671957672,0.1269047184526536,1.0,401,397,0.2441753804614629,0.0235670533170533,0.0996220309362808,798,6.683360945766275
cactus,cactus_62,3.333333333333333,3.9907407407407405,0.0214224354418384,0.113602302015804,1.0,347,456,0.1537401423955115,-0.0311462331201137,0.1434112059669992,803,6.6895992691789665
cactus,cactus_63,3.016666666666667,4.388888888888889,0.1174253246753246,0.1404185352309019,1.0,397,406,0.1788264653552436,0.1316093279736137,0.0983997132428701,803,6.6895992691789665
cactus,cactus_64,3.2833333333333337,4.37037037037037,0.0717221616895345,0.1556912196232209,1.0,307,488,0.1920415382576134,0.0400236346516007,0.1074708572842542,795,6.679599185844383
cactus,cactus_65,2.966666666666667,4.481481481481482,0.1622930059523809,0.1508941041276695,1.0,412,493,0.1872378705890069,0.0953272817460317,0.1261373500209135,905,6.80903930604298
cactus,cactus_66,2.85,3.8796296296296298,0.1229759954264191,0.125194742958126,1.0,305,484,0.2035492823725981,-0.0125410277105192,0.1152255475954134,789,6.672032945461067
cactus,cactus_67,3.2833333333333337,3.824074074074074,0.0495942063492063,0.1253318740210291,1.0,460,469,0.1742148706004141,-0.0303732716049382,0.0902331946260237,929,6.835184586147301
cactus,cactus_68,3.9,4.435185185185186,-0.1508982089232089,0.126410741707402,0.0,383,496,0.1752273524331019,-0.0845340250965251,0.093519269729617,879,6.779921907472252
cactus,cactus_69,3.466666666666667,4.546296296296297,0.0060544179894179,0.1470946351982529,1.0,384,415,0.1714100907029478,0.0473546825396825,0.1079667792472607,799,6.684611727667927
cactus,cactus_7,3.1,3.925925925925926,-0.014266323073945,0.1246310802938172,0.0,420,582,0.1772546441729687,0.0441118805652342,0.1227865387153454,1002,6.910750787961936
cactus,cactus_70,3.3833333333333333,3.592592592592592,0.0602946236559139,0.1615846526179442,1.0,319,460,0.1396287993172139,0.006917601126472,0.1107650083955844,779,6.659293919683638
cactus,cactus_71,3.3166666666666664,4.638888888888889,0.07487151416122,0.1449052625934327,1.0,522,440,0.1521356700917025,-0.0066803104575163,0.092856129949204,962,6.870053411798126
cactus,cactus_72,3.4333333333333336,3.9814814814814814,0.013714170182841,0.1462062006072028,1.0,408,462,0.1497607773573005,-0.0468476039783001,0.1158635458965084,870,6.769641976852503
cactus,cactus_73,3.383333333333333,4.537037037037037,0.0710071733821734,0.1351073554076783,1.0,336,398,0.1871971140898519,-0.0405739621489621,0.090250095235333,734,6.5998704992128365
cactus,cactus_74,3.35,4.833333333333333,0.1599253384687208,0.1326272108266922,1.0,352,476,0.1977824479113558,0.0633143265639589,0.1198287713548245,828,6.720220155135295
cactus,cactus_75,3.6666666666666665,4.027777777777778,0.0757627385975487,0.1160929227856521,1.0,405,478,0.1618635470606153,0.0275553295157725,0.1112158859153951,883,6.784457062637643
cactus,cactus_76,3.3666666666666667,4.296296296296296,-0.0307717240797028,0.1375954716769746,0.0,483,527,0.1720460654532083,-0.0701128123944613,0.0950736101008345,1010,6.918695219020472
cactus,cactus_77,3.5,4.574074074074074,0.0975373866213151,0.1228801062191085,1.0,429,472,0.1941177165826733,0.0569163926681783,0.1022694233432274,901,6.804614520062624
cactus,cactus_78,3.25,4.12037037037037,-0.0060677898843153,0.1287659977177612,0.0,306,397,0.1886700110456553,0.0468839252085014,0.0905402320354084,703,6.556778356158042
cactus,cactus_79,3.2833333333333337,3.7407407407407405,-0.0661362169312169,0.1473721020589435,0.0,387,466,0.1697213851550831,-0.0017941005291005,0.110897719380782,853,6.74993119378857
cactus,cactus_8,3.1333333333333333,4.87037037037037,0.0453094767285445,0.1222220222554355,1.0,308,449,0.1983330411255411,0.0731716168953457,0.0950411362923391,757,6.630683385642372
cactus,cactus_80,3.2,4.12962962962963,0.0585457605820105,0.1491693567080346,1.0,312,368,0.1506612105938011,0.0398906283068783,0.0846004382995004,680,6.523562306149512
cactus,cactus_81,3.4166666666666665,4.0740740740740735,-0.0170135653235653,0.1329768667119231,0.0,337,423,0.1987928753546507,-0.0204265201465201,0.1089907144998054,760,6.634633357861686
cactus,cactus_82,3.3833333333333333,4.027777777777778,-0.0484912648181636,0.104981555670616,0.0,406,415,0.1857594974196575,0.0106718655816757,0.1134001903510796,821,6.71174039505618
cactus,cactus_83,3.3833333333333333,3.9166666666666665,-0.0955594230284705,0.1297402040628353,0.0,328,433,0.1843521469751422,-0.0647857268833459,0.1141211161080388,761,6.635946555686647
cactus,cactus_84,4.016666666666667,4.37962962962963,0.1732867768959436,0.1616433732173881,1.0,461,402,0.1508956551153116,0.058039250440917,0.1112179434426187,863,6.761572768804055
cactus,cactus_85,3.3833333333333333,4.037037037037037,-0.033231603422619,0.1607982957183435,0.0,333,434,0.1614657422969187,-0.0340983568948412,0.1053219097183494,767,6.643789733147672
cactus,cactus_86,3.3666666666666667,4.361111111111111,0.0172343663391282,0.1497051264577419,1.0,327,396,0.1741892641811246,-0.0173809586797682,0.1218711275391515,723,6.584791392385716
cactus,cactus_87,3.1833333333333336,3.361111111111111,0.0229329298941798,0.1215482785221432,1.0,310,415,0.159008613847838,0.0830017923280423,0.0996929209380038,725,6.587550014824796
cactus,cactus_88,3.5666666666666664,4.5,-0.0290438859494414,0.1448825997257566,0.0,415,473,0.1959077680281883,-0.0160971879286694,0.1283537232773995,888,6.790097235513905
cactus,cactus_89,3.4333333333333336,4.268518518518518,0.0744935776942355,0.1249322051329711,1.0,393,401,0.2102993855280207,0.1039546992481203,0.1099843880581336,794,6.678342114654332
cactus,cactus_9,3.4,4.407407407407407,0.1306588359788359,0.1299375069176874,1.0,388,426,0.187746352441856,0.0122048783068783,0.1106552456517226,814,6.703188113240863
cactus,cactus_90,2.9,4.12037037037037,0.0349560090702947,0.1408554046183769,1.0,429,425,0.1638788022741147,0.0372820625472411,0.1203182366605917,854,6.75110146893676
cactus,cactus_91,3.3166666666666664,4.787037037037037,0.1609137721755368,0.1641518908160145,1.0,353,494,0.207476432662412,0.1165038807189542,0.1154192183746104,847,6.742880635791903
cactus,cactus_92,3.1166666666666667,4.75,0.1444505180776014,0.1357433408502067,1.0,371,486,0.1909270872849489,0.1402350363756613,0.1122209729837415,857,6.754604099487962
cactus,cactus_93,3.65,4.25,-0.0002894482692675,0.1402837362628594,0.0,428,432,0.1789097489586851,-0.0770123924268502,0.0875096107192891,860,6.7580945044277305
cactus,cactus_94,3.45,3.527777777777778,0.0655990170940171,0.1243928388393818,1.0,334,413,0.1614925939022473,0.0814042185592185,0.1060687406186848,747,6.617402977974478
cactus,cactus_95,3.25,4.12037037037037,0.0749219556051587,0.1446763351499037,1.0,329,422,0.160767428609862,0.0789039124503968,0.1244270557637629,751,6.62273632394984
cactus,cactus_96,3.1,3.3611111111111107,-0.0293453789042499,0.1443106448322704,0.0,323,447,0.1891950333405813,-0.0652672683051715,0.090643230486896,770,6.647688373563329
cactus,cactus_97,3.466666666666667,4.0092592592592595,-0.0517980483996877,0.1276241542553574,0.0,314,448,0.1930184338503814,0.007683190215977,0.1071791272197997,762,6.637258031284457
cactus,cactus_98,3.4166666666666665,4.333333333333333,0.1554571031746031,0.1514643527111057,1.0,313,419,0.1779674738675958,0.1154555687830687,0.1282280143140698,732,6.597145701886651
cactus,cactus_99,3.616666666666667,4.240740740740741,0.0891458976833977,0.1506108201234557,1.0,382,372,0.1637728322182867,0.0722407657657657,0.1131089790676693,754,6.626717749249025
cpsycoun,cpscycoun_career_1_02,2.9333333333333336,3.2685185185185186,,,,24,34,0.0469622222222222,,,58,4.07753744390572
cpsycoun,cpscycoun_career_1_04,2.4000000000000004,3.4629629629629632,0.1674380952380952,0.1435685693771807,1.0,62,85,0.0885812447786132,0.128363492063492,0.1085123889046816,147,4.997212273764115
cpsycoun,cpscycoun_career_1_06,2.5,3.5185185185185177,0.3505733843537415,0.1765830730924621,1.0,80,123,0.1681038081314396,0.3288227040816326,0.1194967292362833,203,5.318119993844216
cpsycoun,cpscycoun_career_1_08,2.45,3.3888888888888893,0.1468848739495798,0.1711966128087075,1.0,94,172,0.1311089492647774,0.1430608776844071,0.1142790129688737,266,5.58724865840025
cpsycoun,cpscycoun_career_1_10,2.4,3.3333333333333335,-0.0896118212197159,0.1835334058066074,0.0,104,220,0.1471105694726547,0.0048741436925647,0.142255161555523,324,5.783825182329737
cpsycoun,cpscycoun_career_2_02,2.6,3.2314814814814814,,,,23,79,0.1148471768707483,,,102,4.634728988229636
cpsycoun,cpscycoun_career_2_04,2.4,3.7870370370370368,0.0163365079365079,0.1575497747903799,1.0,40,158,0.1350412378821775,0.2208301587301587,0.1132576358453244,198,5.293304824724492
cpsycoun,cpscycoun_career_2_06,2.3666666666666667,3.842592592592592,-0.3234744047619047,0.2236448870027838,0.0,52,223,0.176341147455867,0.0175892857142857,0.1047003315159458,275,5.62040086571715
cpsycoun,cpscycoun_career_2_10,2.3,3.777777777777778,-0.1278463585434174,0.1761444468510054,0.0,94,404,0.2073613934096845,0.1515977591036414,0.0881733831637289,498,6.212606095751519
cpsycoun,cpscycoun_career_3_02,2.766666666666667,3.25,,,,20,44,0.0879590702947845,,,64,4.174387269895637
cpsycoun,cpscycoun_career_3_04,2.6666666666666665,3.444444444444444,0.3054761904761904,0.1304541860138773,1.0,41,111,0.1406524393090569,-0.080829365079365,0.0834562649284784,152,5.030437921392435
cpsycoun,cpscycoun_career_3_06,2.766666666666667,3.861111111111111,0.1033191964285714,0.0991719594372526,1.0,53,190,0.1702523305270543,-0.1397805059523809,0.0798199852188701,243,5.497168225293202
cpsycoun,cpscycoun_career_3_08,2.5,3.6481481481481484,0.0002351648351648,0.1253597924088664,1.0,76,283,0.1894318112038002,-0.1903230769230769,0.087641109827426,359,5.886104031450156
cpsycoun,cpscycoun_career_3_10,2.25,3.7407407407407405,-0.2321339285714286,0.1703578232021685,0.0,90,363,0.2012601773383553,-0.2453895089285714,0.1199556806330826,453,6.118097198041348
cpsycoun,cpscycoun_career_4_02,2.866666666666667,3.314814814814815,0.0294472222222222,0.0590994623037774,1.0,34,39,0.254857380952381,-0.0025182539682539,0.0672169371948423,73,4.30406509320417
cpsycoun,cpscycoun_career_4_04,2.6666666666666665,3.4629629629629632,-0.0904404761904761,0.1870642225250787,0.0,53,77,0.1966606267507002,0.0503363095238095,0.1125293577123717,130,4.875197323201151
cpsycoun,cpscycoun_career_4_06,2.333333333333333,3.314814814814815,0.1087753968253968,0.12605101353901,1.0,74,124,0.2043003347135956,0.1610385836385836,0.1056678630118993,198,5.293304824724492
cpsycoun,cpscycoun_career_4_08,2.7000000000000006,4.027777777777778,0.0114230625583566,0.1549076672117841,1.0,95,171,0.2113624632569077,-0.1181125816993464,0.1210183793997764,266,5.58724865840025
cpsycoun,cpscycoun_career_5_02,3.2,3.2222222222222228,,,,26,27,,,,53,3.9889840465642745
cpsycoun,cpscycoun_career_5_04,2.733333333333333,3.3611111111111107,-0.0030074955908289,0.0747556684543516,0.0,55,44,0.1158237414965986,-0.0995595238095238,0.0856918796193608,99,4.605170185988092
cpsycoun,cpscycoun_career_5_06,3.0499999999999994,3.592592592592593,0.0123348639455782,0.0888329761667214,1.0,80,81,0.1492103064373897,0.0420581632653061,0.0887998041833684,161,5.087596335232384
cpsycoun,cpscycoun_career_5_08,2.4666666666666663,3.592592592592593,-0.0507660273368606,0.1154915898618292,0.0,99,131,0.1463811247723132,-0.0800116402116402,0.0908979013352017,230,5.442417710521793
cpsycoun,cpscycoun_career_5_10,2.7,3.842592592592592,0.064421164021164,0.0987145133484159,1.0,117,165,0.1382896392958893,-0.0179271164021163,0.0963724339493776,282,5.645446897643238
cpsycoun,cpscycoun_education_1_02,2.2,3.0092592592592595,0.1090443722943722,0.1415004775085147,1.0,67,49,0.195238492063492,-0.1123939393939394,0.1485192717136275,116,4.762173934797756
cpsycoun,cpscycoun_education_1_04,2.45,3.685185185185185,-0.0464899267399267,0.100144379938153,0.0,74,70,0.1720982956023939,-0.1663314102564102,0.1280284018562945,144,4.976733742420574
cpsycoun,cpscycoun_education_1_06,2.283333333333333,3.842592592592593,0.0728915476190475,0.1014716828943461,1.0,109,116,0.2132566273549918,0.020311865079365,0.1308140296610769,225,5.420534999272286
cpsycoun,cpscycoun_education_1_08,2.3666666666666667,3.907407407407407,-0.0775047123015872,0.1460729107140205,0.0,129,159,0.2093703042328042,-0.0535015376984126,0.1436332479465893,288,5.666426688112432
cpsycoun,cpscycoun_education_1_10,2.216666666666667,4.138888888888889,0.0760797071702244,0.1379804746810531,1.0,156,216,0.1971042577256345,0.045339408866995,0.1120712096672287,372,5.921578419643816
cpsycoun,cpscycoun_education_2_02,2.4666666666666663,3.342592592592593,-0.0833795918367347,0.0913916313189108,0.0,46,48,0.1679437118437118,-0.0336353741496598,0.1555417336506381,94,4.553876891600541
cpsycoun,cpscycoun_education_2_04,2.566666666666667,3.5370370370370368,-0.0803969246031746,0.0911467346982318,0.0,72,87,0.1454331501831502,-0.0611547949735449,0.1350313286800705,159,5.075173815233827
cpsycoun,cpscycoun_education_2_06,2.5500000000000003,3.4907407407407405,-0.1198471655328798,0.080784906851061,0.0,83,146,0.1804419765959912,-0.0412,0.1374752455585428,229,5.438079308923196
cpsycoun,cpscycoun_education_2_10,2.866666666666667,4.212962962962963,0.2129361111111111,0.1326804418175737,1.0,131,221,0.2334257637017071,0.0193730158730158,0.1433894025137964,352,5.8664680569332965
cpsycoun,cpscycoun_education_3_02,2.9,3.3703703703703702,,,,26,55,0.0887303140096618,,,81,4.406719247264253
cpsycoun,cpscycoun_education_3_04,2.516666666666667,3.222222222222222,0.0132862811791382,0.0855376956868901,1.0,82,145,0.1550205386321195,-0.0532256235827664,0.0882533959896761,227,5.429345628954441
cpsycoun,cpscycoun_education_3_06,2.3833333333333333,2.925925925925926,-0.115907913165266,0.1013918987530931,0.0,98,189,0.1717699184303351,-0.1243898225957049,0.0926849460788943,287,5.662960480135946
cpsycoun,cpscycoun_education_3_08,2.2333333333333334,3.0370370370370368,-0.1285176691729323,0.1170419915183167,0.0,107,254,0.1960435276967929,-0.112282581453634,0.085903940064684,361,5.8916442118257715
cpsycoun,cpscycoun_education_3_10,2.25,2.8333333333333335,0.0160329537612146,0.1117591817587352,1.0,124,321,0.2028408628408628,0.0549649758454106,0.0810734744520385,445,6.100318952020064
cpsycoun,cpscycoun_education_4_02,2.4666666666666663,3.0370370370370368,-0.0564112433862434,0.1204877131664706,0.0,55,60,0.2489293183940243,0.0586705908289241,0.067646061351025,115,4.7535901911063645
cpsycoun,cpscycoun_education_4_04,2.5333333333333337,3.3055555555555554,-0.0167705853174603,0.0722531470856162,0.0,91,112,0.279152569733395,0.094911929563492,0.0761884816723023,203,5.318119993844216
cpsycoun,cpscycoun_education_4_06,2.583333333333333,4.027777777777778,-0.0234902056277055,0.0951119534941527,0.0,122,158,0.2532893789283051,-0.0241415043290043,0.1027702952480654,280,5.638354669333745
cpsycoun,cpscycoun_education_4_08,2.45,3.5,-0.0500894285714285,0.0892479363386242,0.0,137,225,0.2269969337889476,0.051532238095238,0.0818597897627529,362,5.8944028342648505
cpsycoun,cpscycoun_education_5_02,1.7333333333333334,3.472222222222222,0.1466885714285714,0.0663648893215199,1.0,34,92,0.1508672929814496,-0.0252009523809524,0.0462315296648011,126,4.844187086458591
cpsycoun,cpscycoun_education_5_04,2.2,3.435185185185185,0.0725234623015873,0.0756848889984892,1.0,52,144,0.1618327689594356,0.002494246031746,0.0501541226360433,196,5.2832037287379885
cpsycoun,cpscycoun_education_5_06,2.0,3.175925925925926,0.1958021978021978,0.1043691325511606,1.0,74,176,0.1597818244463454,-0.0840388278388278,0.0667683946857086,250,5.5254529391317835
cpsycoun,cpscycoun_education_5_08,1.9333333333333331,3.175925925925926,0.0110887301587301,0.0987615796664795,1.0,87,228,0.1591351924331376,-0.1920525396825397,0.067844514909593,315,5.755742213586912
cpsycoun,cpscycoun_education_5_10,1.9666666666666668,3.3981481481481484,0.0522755291005291,0.1003015001714427,1.0,102,283,0.163741245220716,-0.1951744708994708,0.0697081449443462,385,5.955837369464831
cpsycoun,cpscycoun_emotion_stress_1_02,2.3666666666666667,3.4351851851851856,0.2281485714285714,0.0950554298654879,1.0,35,69,0.1302576851851851,0.1684761904761904,0.1093737341912135,104,4.653960350157523
cpsycoun,cpscycoun_emotion_stress_1_04,2.333333333333333,3.3518518518518516,0.3206926190476191,0.1546236608557857,1.0,63,140,0.1211431115957833,0.2530304761904762,0.1100619120345345,203,5.318119993844216
cpsycoun,cpscycoun_emotion_stress_1_06,2.3833333333333333,3.8981481481481484,0.054858608058608,0.1531404498089771,1.0,77,186,0.1799024392431172,0.106962271062271,0.0974430153175876,263,5.575949103146316
cpsycoun,cpscycoun_emotion_stress_1_08,2.3833333333333333,3.875,0.07921337535014,0.1439969593889378,1.0,94,249,0.1788850694444444,0.0869217787114846,0.0975987294282809,343,5.840641657373398
cpsycoun,cpscycoun_emotion_stress_1_10,2.2333333333333334,3.824074074074074,0.1623754761904761,0.1401098324314708,1.0,112,313,0.1852898313492063,0.2734032142857143,0.093670636706311,425,6.054439346269371
cpsycoun,cpscycoun_emotion_stress_2_02,2.1,3.185185185185185,,,,21,116,0.1654441922563417,,,137,4.927253685157205
cpsycoun,cpscycoun_emotion_stress_2_04,2.066666666666667,3.638888888888889,0.0013869047619047,0.1793961957592232,1.0,40,183,0.1518053936325488,0.0090998677248677,0.1267138605619087,223,5.4116460518550396
cpsycoun,cpscycoun_emotion_stress_2_08,2.283333333333333,3.3333333333333335,-0.0175434126984126,0.1641883516084042,0.0,63,300,0.1887930139638902,0.0496428571428571,0.118585805124188,363,5.8971538676367405
cpsycoun,cpscycoun_emotion_stress_2_10,2.45,3.9629629629629632,0.0559413359788359,0.1651243696605427,1.0,70,309,0.1912433492063492,0.079088029100529,0.1136168847287661,379,5.940171252720432
cpsycoun,cpscycoun_emotion_stress_3_02,2.95,3.2407407407407405,,,,21,23,,,,44,3.8066624897703196
cpsycoun,cpscycoun_emotion_stress_3_04,2.3833333333333333,3.1666666666666665,0.0551153273809523,0.1062701619568372,1.0,51,49,0.0798139186507936,-0.0053541666666666,0.1263777246790002,100,4.61512051684126
cpsycoun,cpscycoun_emotion_stress_3_06,2.5,3.074074074074074,0.0303281385281385,0.1025854541806151,1.0,66,77,0.1557646650326797,0.0470228354978355,0.1157882933070031,143,4.969813299576001
cpsycoun,cpscycoun_emotion_stress_3_10,2.583333333333333,3.6481481481481484,0.1752178571428571,0.1136951862020563,1.0,89,137,0.1675846447172619,0.0556377976190476,0.1033947047785976,226,5.424950017481403
cpsycoun,cpscycoun_emotion_stress_4_02,2.1,3.25,0.1288422619047619,0.0882315688868466,1.0,33,39,0.0591974603174603,0.1035416666666666,0.0887568519805792,72,4.290459441148391
cpsycoun,cpscycoun_emotion_stress_4_04,2.4333333333333336,3.8333333333333335,0.0576150793650793,0.1344303863246652,1.0,54,97,0.1507910128066378,0.1013871252204585,0.0809938386863447,151,5.0238805208462765
cpsycoun,cpscycoun_emotion_stress_4_06,2.3,3.759259259259259,-0.1461062433862433,0.1353840501272836,0.0,86,137,0.1637421037946428,-0.1063665873015873,0.0806119676214623,223,5.4116460518550396
cpsycoun,cpscycoun_emotion_stress_4_08,2.433333333333333,3.7129629629629632,-0.0737574735449735,0.1424688050272066,0.0,103,190,0.1479121130404279,0.0189525132275132,0.0848279591595411,293,5.683579767338681
cpsycoun,cpscycoun_emotion_stress_4_10,2.2333333333333334,3.6666666666666665,0.0374740683229813,0.1178361110514492,1.0,128,227,0.1538604266783165,-0.0201592132505176,0.0860617865452731,355,5.87493073085203
cpsycoun,cpscycoun_emotion_stress_5_02,2.066666666666667,3.2407407407407405,,,,26,43,0.2782233893557423,,,69,4.248495242049359
cpsycoun,cpscycoun_emotion_stress_5_04,2.2333333333333334,3.1018518518518516,-0.0225110544217687,0.0762058304361615,0.0,48,93,0.2410998252078609,-0.0635382653061224,0.1128931368817696,141,4.955827057601261
cpsycoun,cpscycoun_emotion_stress_5_06,2.4,3.1666666666666665,0.1340873015873016,0.0934530614976473,1.0,71,142,0.2328409893782074,0.0227281415343915,0.1285466722850471,213,5.365976015021851
cpsycoun,cpscycoun_emotion_stress_5_10,2.2,3.4537037037037037,-0.0733958764665286,0.1072299305091324,0.0,126,244,0.2240066058763931,-0.0876761732229123,0.1380319093501342,370,5.916202062607435
cpsycoun,cpscycoun_family_relationship_1_02,2.8666666666666667,3.2129629629629624,-0.2804809523809524,0.1306394067111419,0.0,65,64,0.1959726262626262,0.0028094155844155,0.110354005167406,129,4.867534450455582
cpsycoun,cpscycoun_family_relationship_1_04,3.1,3.8703703703703702,0.0854851322751322,0.1334573753272713,1.0,88,138,0.1192268118616955,0.0254956878306878,0.1180194277814919,226,5.424950017481403
cpsycoun,cpscycoun_family_relationship_1_06,2.983333333333333,4.046296296296296,-0.0671214285714285,0.1189088677817913,0.0,111,181,0.1537033983942414,0.0611360714285714,0.1181885227221736,292,5.680172609017068
cpsycoun,cpscycoun_family_relationship_1_08,3.1666666666666665,4.0740740740740735,-0.063586326058201,0.111057373332551,0.0,130,263,0.1662498468941382,0.0802108465608465,0.0965475892618196,393,5.976350909297934
cpsycoun,cpscycoun_family_relationship_1_10,2.6,4.0,-0.1316069973544973,0.1371708098817982,0.0,162,333,0.1617857032627866,-0.0957184523809523,0.104834167631219,495,6.206575926724928
cpsycoun,cpscycoun_family_relationship_2_02,1.3666666666666665,3.0370370370370368,,,,24,27,,,,51,3.9512437185814275
cpsycoun,cpscycoun_family_relationship_2_04,1.5,2.9166666666666665,-0.2337174603174603,0.1203513290678135,0.0,41,53,0.1206249639249639,-0.0670936507936507,0.0932475069824321,94,4.553876891600541
cpsycoun,cpscycoun_family_relationship_2_08,1.4333333333333331,2.7870370370370368,0.2177801587301587,0.1428934002080121,1.0,100,170,0.1643996154983732,0.0780978835978836,0.1116586096436621,270,5.602118820879701
cpsycoun,cpscycoun_family_relationship_2_10,1.4,2.6018518518518516,0.0337146997929606,0.1416185140520963,1.0,124,217,0.1747866758241758,-0.1338090062111801,0.1207263565210497,341,5.834810737062605
cpsycoun,cpscycoun_family_relationship_3_02,1.3,2.935185185185185,,,,24,45,0.2303224206349206,,,69,4.248495242049359
cpsycoun,cpscycoun_family_relationship_3_04,1.4,2.722222222222222,-0.0376590909090909,0.1667458584688174,0.0,66,111,0.2344571661998132,-0.0962818181818181,0.1040978521602077,177,5.181783550292085
cpsycoun,cpscycoun_family_relationship_3_06,1.4333333333333331,2.7870370370370368,-0.0109100529100529,0.1729918744520145,0.0,103,174,0.2179349037999038,-0.0288289682539682,0.1313149326876073,277,5.627621113690637
cpsycoun,cpscycoun_family_relationship_3_10,1.5333333333333332,3.7314814814814814,0.1284634462759463,0.1768795796298533,1.0,141,263,0.225274668791401,0.0747834554334554,0.1286662236400614,404,6.003887067106539
cpsycoun,cpscycoun_family_relationship_4_02,1.5333333333333332,2.935185185185185,0.1175464285714286,0.0987017529329587,1.0,33,136,0.1886335926759154,0.1004732142857142,0.1056536000704502,169,5.135798437050262
cpsycoun,cpscycoun_family_relationship_4_04,1.6000000000000003,3.574074074074074,0.17904,0.1141279128481198,1.0,59,200,0.2400022646056678,0.2304366666666666,0.0811195116428682,259,5.560681631015528
cpsycoun,cpscycoun_family_relationship_4_06,1.5833333333333333,3.407407407407407,-0.0595113553113553,0.1099430202736495,0.0,76,297,0.225219174382716,0.1538203296703297,0.0763342859144622,373,5.924255797414532
cpsycoun,cpscycoun_family_relationship_4_08,1.6,3.6666666666666665,0.0466060224089635,0.106686637377166,1.0,96,383,0.2215320802563449,0.1007061624649859,0.0714201588135036,479,6.173786103901937
cpsycoun,cpscycoun_family_relationship_4_10,1.6666666666666667,3.1018518518518516,-0.0186175595238095,0.1031603478808933,0.0,110,482,0.2166039623812879,0.0620254166666666,0.0723412683184067,592,6.385194398997726
cpsycoun,cpscycoun_family_relationship_5_02,1.5666666666666664,3.2870370370370368,-0.1226929761904762,0.1342589178825253,0.0,63,84,0.1083564444444444,-0.1247219047619047,0.1229467301755335,147,4.997212273764115
cpsycoun,cpscycoun_family_relationship_5_04,1.65,3.407407407407407,0.0492740842490842,0.134176731662951,1.0,75,153,0.1070084986772486,0.0400897435897435,0.111346051521006,228,5.43372200355424
cpsycoun,cpscycoun_family_relationship_5_06,1.7666666666666666,3.722222222222222,0.0689227891156462,0.1321667125126691,1.0,80,235,0.1157882339513976,0.0524874149659864,0.1020881409572935,315,5.755742213586912
cpsycoun,cpscycoun_family_relationship_5_10,2.0,3.694444444444444,-0.0940891812865497,0.1291660454554888,0.0,107,345,0.1509805449263038,-0.0790626984126984,0.111524513935208,452,6.115892125483034
cpsycoun,cpscycoun_love_marriage_1_02,2.1333333333333333,3.2129629629629632,-0.0100359788359788,0.1770791510931348,0.0,57,42,0.1123033309283309,-0.1403640211640211,0.1315044309106867,99,4.605170185988092
cpsycoun,cpscycoun_love_marriage_1_04,2.4,3.6851851851851847,-0.0814217948717948,0.1783760057285591,0.0,76,96,0.149938651705893,-0.0301602564102564,0.1325456980707299,172,5.153291594497779
cpsycoun,cpscycoun_love_marriage_1_06,2.583333333333333,3.6203703703703702,-0.3190849454365079,0.1957632392619437,0.0,92,148,0.1580998344181797,-0.1755828373015873,0.1215434565513291,240,5.484796933490655
cpsycoun,cpscycoun_love_marriage_1_08,2.4166666666666665,3.6111111111111107,0.0349502380952381,0.1830283225036665,1.0,111,213,0.1852587126517273,-0.0335351984126984,0.1270851760366437,324,5.783825182329737
cpsycoun,cpscycoun_love_marriage_1_10,2.516666666666667,3.7962962962962963,0.1560980158730159,0.1835504902044327,1.0,129,260,0.193910779105799,-0.0236718253968254,0.1112310063306552,389,5.966146739123692
cpsycoun,cpscycoun_love_marriage_2_02,2.0,3.2129629629629624,0.0884126984126984,0.1156179792584582,1.0,39,163,0.1172304421768707,0.0256865079365079,0.0977427245225119,202,5.313205979041787
cpsycoun,cpscycoun_love_marriage_2_04,2.016666666666667,3.481481481481481,0.4481625457875457,0.2068355926090202,1.0,75,257,0.1080690476190476,-0.019220238095238,0.1087493469621862,332,5.808142489980444
cpsycoun,cpscycoun_love_marriage_2_08,2.3,3.8055555555555554,0.2256672524565381,0.1953511550100966,1.0,117,392,0.1495688590492768,0.0441821806500377,0.1205242949030388,509,6.234410725718371
cpsycoun,cpscycoun_love_marriage_2_10,2.2,3.8055555555555554,0.2325134615384615,0.1858645768054208,1.0,141,473,0.1612453125,0.1971144993894994,0.1208068013599938,614,6.421622267806518
cpsycoun,cpscycoun_love_marriage_3_02,2.95,3.2407407407407405,,,,21,21,,,,42,3.7612001156935624
cpsycoun,cpscycoun_love_marriage_3_04,2.3833333333333333,3.5462962962962963,0.0259992784992784,0.090466145319877,1.0,65,60,0.2049975334578276,0.106830808080808,0.1104372300126592,125,4.836281906951478
cpsycoun,cpscycoun_love_marriage_3_06,1.5833333333333333,3.222222222222222,0.0194994164332399,0.0882797015123921,1.0,95,104,0.1536330200501252,-0.0152086367880485,0.116818076781174,199,5.298317366548036
cpsycoun,cpscycoun_love_marriage_3_10,1.5666666666666669,3.1388888888888893,-0.0677788040503557,0.1284240830857989,0.0,155,223,0.164563857365376,-0.023626395730706,0.1440665634497377,378,5.937536205082426
cpsycoun,cpscycoun_love_marriage_4_02,1.6000000000000003,2.935185185185185,,,,19,38,0.1626765188834154,,,57,4.060443010546419
cpsycoun,cpscycoun_love_marriage_4_04,2.1166666666666667,2.8796296296296298,0.2319888888888888,0.1398847208611696,1.0,57,70,0.1937001821493624,-0.1720714285714286,0.0832384904057237,127,4.852030263919617
cpsycoun,cpscycoun_love_marriage_4_06,1.8333333333333333,2.8518518518518516,0.0826759103641456,0.1490149167214439,1.0,94,121,0.1642628224206349,-0.0507590336134453,0.0979053124720436,215,5.375278407684165
cpsycoun,cpscycoun_love_marriage_4_08,1.9666666666666668,2.842592592592593,-0.0437370748299319,0.1477017495125079,0.0,117,155,0.1807819444444444,0.0218132842025699,0.1214635565037159,272,5.60947179518496
cpsycoun,cpscycoun_love_marriage_4_10,1.9333333333333331,2.8703703703703702,-0.0480325714285714,0.151265548337672,0.0,138,192,0.1711331360048573,-0.0480035396825396,0.1370008213023927,330,5.802118375377063
cpsycoun,cpscycoun_love_marriage_5_02,2.1333333333333333,3.231481481481481,,,,21,56,0.1360503208375549,,,77,4.356708826689592
cpsycoun,cpscycoun_love_marriage_5_04,2.1,2.8055555555555554,0.0611914682539682,0.0434755640181248,1.0,41,95,0.1467095284237726,-0.0336299603174603,0.1025343405204931,136,4.919980925828125
cpsycoun,cpscycoun_love_marriage_5_06,1.9666666666666668,3.342592592592593,0.192546201814059,0.0808004804262058,1.0,48,134,0.1523619047619047,-0.058187925170068,0.1018938794780339,182,5.209486152841421
cpsycoun,cpscycoun_love_marriage_5_10,2.083333333333333,3.472222222222222,-0.3651293650793651,0.215208158122217,0.0,70,234,0.1469748359788359,-0.2094534722222222,0.1115010059822132,304,5.720311776607412
cpsycoun,cpscycoun_mental_disease_1_02,2.0,2.75,-0.2893766666666666,0.1190950121790663,0.0,34,44,0.0697968820861678,-0.1134133333333333,0.1196384588357717,78,4.3694478524670215
cpsycoun,cpscycoun_mental_disease_1_04,2.2666666666666666,3.138888888888889,-0.3600896164021163,0.1323852285685288,0.0,70,81,0.1801659501763668,-0.0507489417989417,0.1074973612425496,151,5.0238805208462765
cpsycoun,cpscycoun_mental_disease_1_06,2.2833333333333337,3.314814814814815,-0.6054204887218044,0.2472825769794654,0.0,105,143,0.1731442341862117,-0.2621224937343358,0.0957171595356926,248,5.517452896464707
cpsycoun,cpscycoun_mental_disease_1_08,2.2,2.8796296296296298,-0.2131607142857143,0.2043233258034988,0.0,121,187,0.1387770287141073,-0.0335417748917749,0.0845885580780354,308,5.733341276897746
cpsycoun,cpscycoun_mental_disease_1_10,2.2,3.074074074074074,-0.0770241758241758,0.1871665527730611,0.0,143,224,0.172127253599114,0.0217181318681318,0.0910384071848283,367,5.908082938168931
cpsycoun,cpscycoun_mental_disease_2_02,2.016666666666667,2.9537037037037037,-0.0828283597883597,0.1532899961648974,0.0,161,77,0.1726629901960784,-0.0631466534391534,0.0942128499942931,238,5.476463551931511
cpsycoun,cpscycoun_mental_disease_2_04,2.216666666666667,2.7777777777777772,0.1560952059202059,0.1583603064157462,1.0,194,138,0.1452855727820844,0.1088118296868296,0.0871090947336033,332,5.808142489980444
cpsycoun,cpscycoun_mental_disease_2_08,2.3833333333333333,3.694444444444444,-0.0515620992841581,0.1546430173722509,0.0,266,274,0.1837461485474693,0.0017037581699346,0.097105348412415,540,6.293419278846481
cpsycoun,cpscycoun_mental_disease_2_10,2.3000000000000003,4.037037037037037,0.1083430868838763,0.1737773873271575,1.0,294,312,0.1961701647545707,0.0687929197994987,0.0948857878481168,606,6.408528791059498
cpsycoun,cpscycoun_mental_disease_3_02,1.8,3.2777777777777772,0.0618100859788359,0.1895476037791602,1.0,71,74,0.1848384920634921,0.0493193121693121,0.1272841521785725,145,4.983606621708336
cpsycoun,cpscycoun_mental_disease_3_04,2.183333333333333,3.7037037037037037,0.186561221340388,0.1857610748016214,1.0,100,129,0.2451284193121693,0.0573558421516754,0.1150848646157338,229,5.438079308923196
cpsycoun,cpscycoun_mental_disease_3_06,2.3000000000000003,3.814814814814815,0.2159333333333334,0.1892551262034011,1.0,120,188,0.231624454642192,0.1313438311688311,0.1195156979550603,308,5.733341276897746
cpsycoun,cpscycoun_mental_disease_3_10,2.1666666666666665,3.944444444444444,-0.0189923195084485,0.1771552483619941,0.0,167,318,0.2160577734114142,-0.0374049923195084,0.1191570576747783,485,6.186208623900494
cpsycoun,cpscycoun_mental_disease_4_02,1.9333333333333331,3.194444444444444,0.1044472222222221,0.0664791407820354,1.0,37,55,0.0853917701863353,0.06365,0.0588074849127519,92,4.532599493153256
cpsycoun,cpscycoun_mental_disease_4_04,2.3666666666666667,3.2685185185185186,0.1337248677248677,0.0928179873164756,1.0,73,130,0.0852777581004853,-0.0162003968253968,0.0725283444776701,203,5.318119993844216
cpsycoun,cpscycoun_mental_disease_4_06,2.5,3.2685185185185186,-0.0366518518518518,0.1171702952140254,0.0,85,181,0.1234964031930601,0.0019109523809523,0.0870119327186402,266,5.58724865840025
cpsycoun,cpscycoun_mental_disease_4_08,2.4166666666666665,3.1944444444444446,0.197797723475355,0.1135111170447132,1.0,105,276,0.1477093573509303,0.0958667293233082,0.0728158020077233,381,5.945420608606575
cpsycoun,cpscycoun_mental_disease_4_10,2.4166666666666665,3.9166666666666665,0.1141398337112622,0.1034839946285609,1.0,118,318,0.1409052768788205,0.1319349206349206,0.0785875902221566,436,6.07993319509559
cpsycoun,cpscycoun_mental_disease_5_02,1.7666666666666668,3.1481481481481475,0.028126700680272,0.1253595328174457,1.0,83,60,0.2113526844070961,-0.0329732142857142,0.1249002288934153,143,4.969813299576001
cpsycoun,cpscycoun_mental_disease_5_04,1.8166666666666669,3.185185185185185,0.3575442176870748,0.1670433915392837,1.0,114,106,0.1899839756177385,0.0380475623582766,0.0856128767879398,220,5.3981627015177525
cpsycoun,cpscycoun_mental_disease_5_06,1.9833333333333332,3.1018518518518516,0.29448033126294,0.1589836188857935,1.0,128,174,0.2303657503607504,0.1593307971014492,0.103406575701125,302,5.713732805509369
cpsycoun,cpscycoun_mental_disease_5_10,1.95,3.8611111111111107,0.1854711399711399,0.1610469839134664,1.0,175,344,0.209224759535655,0.030664442039442,0.0940540516803034,519,6.253828811575473
cpsycoun,cpscycoun_self-growth_1_02,2.333333333333333,3.064814814814815,0.0138142857142857,0.1154806572050233,1.0,36,68,0.235634052999731,-0.0599928571428571,0.0936676542978482,104,4.653960350157523
cpsycoun,cpscycoun_self-growth_1_04,2.833333333333333,3.3796296296296298,-0.0571010416666666,0.1214369281062416,0.0,89,140,0.2177407760814249,0.0884059523809523,0.1522956936248371,229,5.438079308923196
cpsycoun,cpscycoun_self-growth_1_06,2.65,4.009259259259259,0.0846540674603174,0.113244861068726,1.0,109,193,0.2100564203761214,0.1036450396825396,0.1381827730241365,302,5.713732805509369
cpsycoun,cpscycoun_self-growth_1_08,2.6666666666666665,3.7129629629629632,-0.0188121794871794,0.1123100076117913,0.0,142,244,0.2179782995609591,0.0128322344322344,0.1467784811778826,386,5.958424693029782
cpsycoun,cpscycoun_self-growth_1_10,2.4333333333333336,4.046296296296296,-0.1506955102040816,0.1445902123947238,0.0,184,275,0.2169464658670485,-0.0675444897959183,0.1425999459228092,459,6.131226489483141
cpsycoun,cpscycoun_self-growth_2_02,1.8666666666666665,3.2407407407407405,-0.1802888888888889,0.1427096641097893,0.0,42,52,0.0879184200812108,-0.0922611111111111,0.1233379784221025,94,4.553876891600541
cpsycoun,cpscycoun_self-growth_2_04,1.9666666666666668,3.3703703703703702,-0.0254480952380952,0.1201699031131597,0.0,60,85,0.1441176482873851,0.1089380952380952,0.1161687822751683,145,4.983606621708336
cpsycoun,cpscycoun_self-growth_2_08,2.25,3.351851851851851,0.2234758109040717,0.1420386015141804,1.0,126,176,0.1690567293983461,0.3182781400966183,0.1190880253322972,302,5.713732805509369
cpsycoun,cpscycoun_self-growth_2_10,2.25,2.907407407407407,0.0871549676660787,0.1516847808634446,1.0,145,228,0.1846241701094441,0.0810057613168724,0.117738336184148,373,5.924255797414532
cpsycoun,cpscycoun_self-growth_3_02,1.6666666666666667,3.0833333333333335,0.025507738095238,0.0631662103314983,1.0,53,50,0.0270691056910569,-0.1526,0.106968929711821,103,4.6443908991413725
cpsycoun,cpscycoun_self-growth_3_04,1.9666666666666668,3.194444444444444,0.00451,0.0941597913961281,1.0,63,92,0.1392185695161598,-0.0421985714285713,0.1309591448627423,155,5.049856007249537
cpsycoun,cpscycoun_self-growth_3_06,2.0,3.1296296296296298,-0.2285131802721088,0.1338985805361861,0.0,80,133,0.1575272369431643,-0.3141377551020409,0.121585435932514,213,5.365976015021851
cpsycoun,cpscycoun_self-growth_3_10,1.9,3.055555555555556,-0.1059701659451658,0.1330736565744441,0.0,122,216,0.1726807012499041,-0.1130209956709956,0.1218315169366708,338,5.82600010738045
cpsycoun,cpscycoun_self-growth_4_02,1.9333333333333331,3.1203703703703702,,,,23,55,0.2321953071083506,,,78,4.3694478524670215
cpsycoun,cpscycoun_self-growth_4_04,2.4,3.2870370370370368,0.0035929232804232,0.069225053757027,1.0,39,135,0.2353145502645502,0.0333121693121693,0.059171443443863,174,5.1647859739235145
cpsycoun,cpscycoun_self-growth_4_06,2.083333333333333,3.25,0.0764162698412698,0.1204415632724007,1.0,71,196,0.2325048807401748,-0.1095928571428571,0.0897519037784928,267,5.5909869805108565
cpsycoun,cpscycoun_self-growth_4_08,2.333333333333333,3.5462962962962963,0.050159375,0.1267935756309892,1.0,92,244,0.2383166244511989,0.0482037202380952,0.0875883042111503,336,5.820082930352362
cpsycoun,cpscycoun_self-growth_4_10,2.3833333333333333,4.0,0.0103002801120448,0.120248481144053,1.0,98,261,0.269188388133031,-0.0396591036414565,0.1105224154316433,359,5.886104031450156
cpsycoun,cpscycoun_self-growth_5_02,2.85,3.3333333333333335,-0.1895522817460317,0.1414476052200597,0.0,70,31,0.2329113636363636,-0.1779280753968254,0.1246269594205559,101,4.624972813284271
cpsycoun,cpscycoun_self-growth_5_04,2.95,3.5277777777777772,-0.1722802521008403,0.1384784812115839,0.0,94,57,0.1812206927910053,-0.204112675070028,0.1052549424071861,151,5.0238805208462765
cpsycoun,cpscycoun_self-growth_5_06,2.6166666666666667,3.4629629629629632,-0.1827229296066253,0.134669578368575,0.0,125,86,0.218639775304061,-0.1852700310559006,0.0994641618579246,211,5.356586274672012
cpsycoun,cpscycoun_self-growth_5_10,2.4166666666666665,3.842592592592593,-0.2541268796992481,0.128600696921117,0.0,200,182,0.2339731489127443,-0.1423557226399331,0.101959765149379,382,5.948034989180646
cpsycoun,cpscycoun_sex_1_02,1.7,3.5,0.1766587301587301,0.142351565591877,1.0,43,71,0.0312357270865335,0.0729349206349206,0.0963929578765538,114,4.74493212836325
cpsycoun,cpscycoun_sex_1_04,1.65,3.9444444444444446,0.2070034126984126,0.1241989838386704,1.0,84,146,0.1311150475031862,0.1849218253968254,0.0856257029232963,230,5.442417710521793
cpsycoun,cpscycoun_sex_1_06,1.9,3.8518518518518516,-0.0011949404761904,0.1345488036140865,0.0,110,209,0.149217625,-0.1012024404761904,0.111237666498564,319,5.768320995793772
cpsycoun,cpscycoun_sex_1_08,1.9,3.9166666666666665,0.0416032029478458,0.1192855177775321,1.0,151,320,0.1758241910376154,-0.0265605442176871,0.0983874586577588,471,6.156978985585555
cpsycoun,cpscycoun_sex_1_10,1.95,4.185185185185184,0.0041631464413721,0.1161749440870859,1.0,167,388,0.1777775338191565,-0.0416222990271377,0.1025484078130241,555,6.320768294250582
cpsycoun,cpscycoun_sex_2_02,3.1,3.527777777777778,0.0364306122448979,0.1417281096998109,1.0,45,73,0.1040303323412698,-0.1037319727891156,0.1271914575927249,118,4.77912349311153
cpsycoun,cpscycoun_sex_2_04,2.2,3.2592592592592595,0.1903280612244898,0.1427521346872671,1.0,80,149,0.0303460572562358,0.003581887755102,0.1578535024977622,229,5.438079308923196
cpsycoun,cpscycoun_sex_2_08,2.083333333333333,3.1666666666666665,0.1144903628117914,0.1325675809187116,1.0,117,312,0.1179687778301639,0.0557739795918367,0.1500709058151828,429,6.063785208687608
cpsycoun,cpscycoun_sex_2_10,2.1666666666666665,3.481481481481481,0.0878628364389234,0.1337724859667005,1.0,128,390,0.1292302337207849,0.0913040890269151,0.1468220443614593,518,6.251903883165888
cpsycoun,cpscycoun_sex_3_02,2.6166666666666667,3.2407407407407405,0.2085071428571428,0.1284892004536031,1.0,43,26,,0.1222031746031746,0.0987471182099736,69,4.248495242049359
cpsycoun,cpscycoun_sex_3_04,1.95,3.3703703703703702,0.0790120701058201,0.120393108721934,1.0,70,99,0.1897635229276896,0.1536779761904761,0.1190505486388563,169,5.135798437050262
cpsycoun,cpscycoun_sex_3_06,2.2666666666666666,3.5555555555555554,0.1549336834733893,0.1226331532337928,1.0,98,146,0.1766252577916811,0.0812184873949579,0.1384676679396686,244,5.501258210544727
cpsycoun,cpscycoun_sex_3_10,2.4833333333333334,3.824074074074074,0.0196252747252747,0.1317087146739037,1.0,140,253,0.1664983964350767,-0.0284142857142857,0.1360166825097109,393,5.976350909297934
cpsycoun,cpscycoun_sex_4_02,2.533333333333333,3.342592592592593,,,,15,62,0.1645492812219227,,,77,4.356708826689592
cpsycoun,cpscycoun_sex_4_04,2.3,3.592592592592593,,,,29,118,0.1819323540119411,,,147,4.997212273764115
cpsycoun,cpscycoun_sex_4_06,3.15,3.75,0.1587033068783068,0.1461470735218102,1.0,54,196,0.205800193107546,-0.081533201058201,0.1066729093305503,250,5.5254529391317835
cpsycoun,cpscycoun_sex_4_08,2.55,3.4537037037037037,0.0193842592592592,0.1166885601780514,1.0,58,265,0.2094354027157738,0.0971748677248677,0.1034046619141907,323,5.780743515792329
cpsycoun,cpscycoun_sex_4_10,2.75,3.8796296296296298,-0.049735615079365,0.11517347495472,0.0,71,291,0.2138857635370933,0.0552313161375661,0.0802253837122967,362,5.8944028342648505
cpsycoun,cpscycoun_sex_5_02,3.133333333333333,3.277777777777778,-0.0981561904761904,0.0684941725951197,0.0,34,53,0.2166165133477633,-0.1154171428571428,0.0985095915321686,87,4.477336814478207
cpsycoun,cpscycoun_sex_5_04,3.0,3.5,-0.2297360544217687,0.166477032254492,0.0,80,115,0.2186723233003893,-0.1132066893424036,0.1340987523816538,195,5.278114659230517
cpsycoun,cpscycoun_sex_5_06,3.0666666666666664,3.675925925925926,-0.2071225992063493,0.160453702182815,0.0,111,169,0.1876223363095238,-0.0691441468253967,0.134825915246381,280,5.638354669333745
cpsycoun,cpscycoun_sex_5_10,2.783333333333333,3.7037037037037037,-0.2219680687830688,0.1633392440517068,0.0,162,296,0.2040286986339251,-0.155612619047619,0.1243146282762001,458,6.129050210060545
cpsycoun,cpscycoun_social_relationship_1_02,2.333333333333333,3.2037037037037037,,,,26,73,0.1836467943948412,,,99,4.605170185988092
cpsycoun,cpscycoun_social_relationship_1_04,2.1166666666666667,3.1851851851851856,0.0463285714285713,0.1442788479956163,1.0,44,132,0.1903946444702542,0.0481265306122449,0.1313737452786239,176,5.176149732573829
cpsycoun,cpscycoun_social_relationship_1_06,2.1666666666666665,3.1944444444444446,-0.216956277056277,0.1625312186053838,0.0,65,233,0.2122571836026077,-0.0837151515151515,0.111137387989309,298,5.700443573390687
cpsycoun,cpscycoun_social_relationship_1_08,2.216666666666667,3.2314814814814814,0.0311983333333333,0.1443433288226107,1.0,84,286,0.219161132599851,0.0109111904761904,0.1231464016082553,370,5.916202062607435
cpsycoun,cpscycoun_social_relationship_2_02,3.466666666666667,3.342592592592593,0.0332336309523809,0.0743267847223764,1.0,31,48,0.0954908424908425,-0.0943382936507936,0.0636454683354586,79,4.382026634673881
cpsycoun,cpscycoun_social_relationship_2_04,2.9333333333333336,3.657407407407407,-0.0214093915343915,0.0828594144707259,0.0,73,119,0.1565981998556998,0.2204854497354497,0.0795642109920344,192,5.262690188904886
cpsycoun,cpscycoun_social_relationship_2_06,2.9,3.592592592592593,-0.0405202847805789,0.0824469666619746,0.0,98,182,0.1547665588586108,0.0258014472455649,0.0783642865331783,280,5.638354669333745
cpsycoun,cpscycoun_social_relationship_2_10,2.5666666666666664,3.7592592592592595,0.0932621794871795,0.1083919097241693,1.0,139,312,0.1689162541254125,0.1026968864468864,0.1008141454089899,451,6.113682179832232
cpsycoun,cpscycoun_social_relationship_3_02,2.0500000000000003,3.0092592592592595,-0.0198035714285714,0.1515936931196708,0.0,119,117,0.1954194077013521,-0.0243056277056277,0.1054083751250779,236,5.4680601411351315
cpsycoun,cpscycoun_social_relationship_3_04,2.4333333333333336,2.824074074074074,0.0389369047619047,0.1421747413042136,1.0,165,229,0.1844370598845599,0.030468356374808,0.1221818538878184,394,5.978885764901122
cpsycoun,cpscycoun_social_relationship_3_06,2.5500000000000003,3.638888888888889,0.0093862797619047,0.146090202737051,1.0,213,338,0.1911453792155159,0.0389492162698412,0.108314859725261,551,6.313548046277095
cpsycoun,cpscycoun_social_relationship_3_08,2.5500000000000003,3.7129629629629632,0.1184340007215007,0.1447001103480685,1.0,232,455,0.1886467915865897,0.0971066558441558,0.1110524114665394,687,6.5337888379333435
cpsycoun,cpscycoun_social_relationship_3_10,2.5,4.222222222222222,0.1936904450669156,0.14075408078658,1.0,264,505,0.1981994519649257,0.0880320028011204,0.1017894562602961,769,6.646390514847729
cpsycoun,cpscycoun_social_relationship_4_02,2.033333333333333,3.0648148148148144,-0.0641402116402116,0.1410063959737988,0.0,58,65,0.2351493268140589,0.1205462962962962,0.0755919568665538,123,4.820281565605037
cpsycoun,cpscycoun_social_relationship_4_04,2.1333333333333333,2.796296296296296,-0.0096180952380952,0.1378968309791058,0.0,87,109,0.20862625,0.046082619047619,0.0760855608341227,196,5.2832037287379885
cpsycoun,cpscycoun_social_relationship_4_06,2.3,3.064814814814815,0.0118660401002506,0.1281886323427787,1.0,106,164,0.1917832283666154,0.1250984962406015,0.0990416321639699,270,5.602118820879701
cpsycoun,cpscycoun_social_relationship_4_08,2.333333333333333,2.8796296296296298,0.0245671897546897,0.1373043304833278,1.0,123,214,0.2089143031358884,0.1336661976911977,0.0831486081956243,337,5.823045895483019
cpsycoun,cpscycoun_social_relationship_4_10,2.333333333333333,3.6944444444444446,-0.0353001221001221,0.1336784429481081,0.0,140,248,0.2083830610347346,0.1098399114774115,0.0850949519306293,388,5.963579343618446
cpsycoun,cpscycoun_social_relationship_5_02,2.15,3.25,,,,26,68,0.1796869989238633,,,94,4.553876891600541
cpsycoun,cpscycoun_social_relationship_5_04,2.1,3.1481481481481475,0.171060606060606,0.1061178165075769,1.0,65,145,0.2138777369281045,0.1398051948051948,0.0700698575798716,210,5.351858133476067
cpsycoun,cpscycoun_social_relationship_5_08,2.1,3.175925925925926,0.0781449404761904,0.1204895408067803,1.0,133,306,0.2024377678905456,0.0265678075396825,0.0974211423038921,439,6.0867747269123065
cpsycoun,cpscycoun_social_relationship_5_10,1.9,3.1666666666666665,0.1269069664902998,0.121222797645901,1.0,145,387,0.2104961377760981,0.0676585978835978,0.0849424905066166,532,6.278521424165844
esconv,esconv_0,1.9666666666666668,4.3240740740740735,-0.0040568594104308,0.1462727367653145,0.0,223,235,0.1617874209860935,0.0859547335600907,0.1158080660278708,458,6.129050210060545
esconv,esconv_1,1.8,4.138888888888889,0.2369184523809523,0.1125057197018615,1.0,89,174,0.193249151034151,0.141991121031746,0.1191554993054898,263,5.575949103146316
esconv,esconv_10,1.9,4.180555555555555,0.2036456065759636,0.1542722719069276,1.0,150,258,0.1731079651941097,0.0706838860544218,0.1321195643817908,408,6.013715156042802
esconv,esconv_100,1.883333333333333,4.2407407407407405,0.1209050505050505,0.1457856849870845,1.0,175,186,0.1705539077212806,-0.0001961279461279,0.1080701482536326,361,5.8916442118257715
esconv,esconv_101,1.75,4.25,0.1568972821203953,0.1413953708654654,1.0,277,232,0.1675801996583386,0.1551229784366577,0.1246762276168717,509,6.234410725718371
esconv,esconv_102,2.216666666666667,4.37962962962963,0.1754614441609977,0.1484495445686744,1.0,291,463,0.1716243706733794,0.1389278557256235,0.1130723109736581,754,6.626717749249025
esconv,esconv_103,1.2,3.907407407407407,0.0090546579743008,0.1332865755681716,1.0,223,214,0.1447084881920247,-0.0365219671201814,0.0898158815359837,437,6.082218910376446
esconv,esconv_104,1.6333333333333335,4.157407407407407,0.0607265285126397,0.1604674666528198,1.0,148,147,0.2592874166091558,0.025464770723104,0.0893243508930548,295,5.69035945432406
esconv,esconv_105,2.033333333333333,4.9259259259259265,0.1168181007386452,0.1232728159462846,1.0,518,534,0.1405270476190476,0.0997644428728587,0.0916430551894291,1052,6.959398512133975
esconv,esconv_106,1.6499999999999997,3.7129629629629632,0.1852783333333333,0.132807122873311,1.0,110,152,0.1900721528471528,-0.1840769047619048,0.0946501523777423,262,5.572154032177765
esconv,esconv_107,2.3666666666666667,4.351851851851852,0.0107055224867724,0.0976683073198314,1.0,133,195,0.1415241018091824,-0.0297318287037037,0.1101256924565141,328,5.796057750765372
esconv,esconv_108,1.75,3.9444444444444446,0.2097649844720495,0.1454072909075338,1.0,242,315,0.154730989988588,0.0215468857832988,0.134227118437146,557,6.324358962381311
esconv,esconv_109,2.5166666666666666,4.277777777777778,0.1092463272543059,0.1535705097623948,1.0,246,195,0.1626567844342037,0.0157124704491725,0.1121253349198395,441,6.091309882077698
esconv,esconv_11,1.2333333333333334,2.75,0.1971908068783069,0.1196104213250001,1.0,103,230,0.1746977555124614,0.1260829365079365,0.0993667479179723,333,5.811140992976701
esconv,esconv_110,1.25,3.444444444444444,0.0237925293305728,0.1196093108347459,1.0,124,214,0.1924490805265195,0.1282305728088336,0.0993331082506922,338,5.82600010738045
esconv,esconv_111,1.9,4.805555555555556,0.0664410689790319,0.1375486441939565,1.0,417,564,0.1701588695838695,0.011981564765824,0.0949094224976869,981,6.889591308354466
esconv,esconv_112,2.083333333333333,4.305555555555556,0.0716658541194255,0.1651323649025358,1.0,117,130,0.211208077528532,0.1028702569916855,0.0748671457142204,247,5.5134287461649825
esconv,esconv_113,1.4833333333333334,4.037037037037037,-0.0617278968253968,0.1245196060807919,0.0,110,110,0.2450311488291686,-0.1021765873015873,0.1144416666123367,220,5.3981627015177525
esconv,esconv_114,1.3500000000000003,2.9629629629629632,0.17027035002035,0.1547149167114701,1.0,402,303,0.1067949843429435,0.0193132987382987,0.1247536759979567,705,6.559615237493242
esconv,esconv_115,1.6666666666666667,3.842592592592593,0.0375116921768707,0.1137791810791761,1.0,152,234,0.1829749700176367,0.0890402777777777,0.0987388885980669,386,5.958424693029782
esconv,esconv_116,1.65,4.342592592592593,0.0391011904761904,0.1211669391302344,1.0,284,229,0.1544831042568542,0.0291886724386724,0.1084227655514032,513,6.2422232654551655
esconv,esconv_117,1.6,3.5,-0.0564266426725728,0.1275257433808745,0.0,228,200,0.1704101699493061,-0.0125049003322259,0.1114027525031214,428,6.061456918928017
esconv,esconv_118,2.066666666666667,4.37962962962963,0.2773853487886382,0.1770022559853337,1.0,199,224,0.1364386618678479,0.1725440476190476,0.1085032226567601,423,6.049733455231958
esconv,esconv_119,1.6833333333333331,3.0185185185185186,0.1050573934837092,0.1201303398920078,1.0,104,186,0.1020822997937404,0.038610275689223,0.1104293498362058,290,5.673323267171493
esconv,esconv_12,1.4333333333333336,4.111111111111111,-0.0495556423611111,0.1211659055925604,0.0,172,259,0.2261012031746032,0.0142336929563492,0.0979143960646204,431,6.068425588244111
esconv,esconv_120,1.6666666666666667,4.027777777777778,0.093228611111111,0.1320929119868324,1.0,111,477,0.1769107058065391,0.0465381349206349,0.0712075047694865,588,6.3784261836515865
esconv,esconv_121,1.2666666666666668,3.305555555555556,-0.2084154135338346,0.1681721862381222,0.0,106,68,0.1665981840193704,-0.0719906015037594,0.0886235644776325,174,5.1647859739235145
esconv,esconv_122,1.6333333333333335,4.37962962962963,0.1330107351712615,0.1402648331792476,1.0,201,190,0.0762369332631763,-0.0162509502923976,0.1080915045464674,391,5.971261839790462
esconv,esconv_123,1.9166666666666667,4.62962962962963,0.1823925947260624,0.1317306738898962,1.0,319,242,0.1569388616390762,0.0941354774705581,0.1022562932964299,561,6.331501849893691
esconv,esconv_124,1.7833333333333332,4.472222222222222,0.0838891591902461,0.1346826059560144,1.0,702,372,0.1591743156674974,0.0673687916954221,0.1159400758111469,1074,6.980075940561763
esconv,esconv_125,1.4333333333333336,3.638888888888889,0.1433875396825397,0.1303641773108882,1.0,138,308,0.1641402611880872,0.0579352380952381,0.0657202343982687,446,6.102558594613569
esconv,esconv_126,2.2,4.138888888888889,0.2436764880952381,0.1339185516157236,1.0,92,171,0.2002760582010581,0.0907685267857142,0.079015958754482,263,5.575949103146316
esconv,esconv_127,1.95,4.481481481481481,0.2660317460317461,0.1523774961716472,1.0,204,146,0.158068873826903,0.1578968762718762,0.1158165235249583,350,5.860786223465865
esconv,esconv_128,1.8833333333333333,4.092592592592593,0.0813774503968253,0.1421637567341939,1.0,212,229,0.14997090007215,-0.0181756845238095,0.0953940927785929,441,6.091309882077698
esconv,esconv_129,2.0666666666666664,4.564814814814815,0.0494332783882783,0.1406359455099254,1.0,334,450,0.2210124500593888,0.0535925213675213,0.0810025821770333,784,6.665683717782408
esconv,esconv_13,1.6666666666666667,4.0,0.0355399176954733,0.1501553297586416,1.0,281,207,0.1874214145422478,0.0357585243974133,0.1110570353421268,488,6.192362489474872
esconv,esconv_130,2.083333333333333,4.027777777777778,0.1329305555555555,0.1638569242598695,1.0,130,308,0.1402971624993364,0.110560863095238,0.1046716928464659,438,6.0844994130751715
esconv,esconv_131,1.45,3.0092592592592595,-0.169579657477026,0.1456392117286533,0.0,199,187,0.2147682940966649,-0.1667647138680033,0.12068032339119,386,5.958424693029782
esconv,esconv_132,2.283333333333333,4.055555555555556,0.073876465824425,0.1278488114901337,1.0,255,168,0.2214625786163521,0.1145469468739877,0.1027183479468681,423,6.049733455231958
esconv,esconv_133,1.8666666666666665,4.527777777777778,0.0063737125220458,0.1076923517682325,1.0,236,261,0.1926572688334593,0.0010692768959435,0.0930638044364165,497,6.210600077024653
esconv,esconv_134,1.2333333333333334,2.638888888888889,0.0189633825944171,0.1458548748703235,1.0,157,203,0.1502902041400752,-0.1095001231527093,0.1071604206966509,360,5.8888779583328805
esconv,esconv_135,1.0333333333333334,2.5555555555555554,-0.0150838203463203,0.145147968169053,0.0,230,264,0.1977860830999066,-0.0204264339826839,0.127458342388103,494,6.20455776256869
esconv,esconv_136,1.7833333333333332,4.472222222222222,0.1734761805555555,0.1262535153428368,1.0,211,220,0.1174044478296847,0.022909246031746,0.0856425416491044,431,6.068425588244111
esconv,esconv_137,1.7666666666666666,4.148148148148148,0.0029884194053207,0.1411378141953526,1.0,367,463,0.1750763084749318,-0.0459546333556896,0.0977970647433521,830,6.7226297948554485
esconv,esconv_138,1.6499999999999997,3.9629629629629632,-0.0127092227695675,0.1417093656329058,0.0,154,289,0.1584496754535147,0.0819495758073344,0.1048071263086487,443,6.095824562432225
esconv,esconv_139,2.4833333333333334,3.7314814814814814,-0.1839129464285714,0.1255517373532776,0.0,50,149,0.0862938775510204,-0.1847461309523809,0.0989384690027631,199,5.298317366548036
esconv,esconv_14,2.066666666666667,3.842592592592593,-0.0464158257747542,0.1223709645775971,0.0,221,343,0.1742659229160726,0.0015222694633408,0.0922278688006738,564,6.336825731146441
esconv,esconv_140,1.45,3.944444444444444,0.1327922705314008,0.1381522609651246,1.0,124,393,0.197313492063492,0.0242831090407177,0.1215654110918558,517,6.249975242259483
esconv,esconv_141,2.45,4.351851851851852,0.0400436507936508,0.1318192589385885,1.0,280,302,0.2290610488108781,0.0917236478542034,0.0959194017960368,582,6.368187186350492
esconv,esconv_142,1.2333333333333332,1.9166666666666667,0.2291981379731379,0.1884258983607761,1.0,141,259,0.1614645031746031,-0.0585904914529914,0.1563370389474592,400,5.993961427306569
esconv,esconv_143,1.5,3.564814814814815,0.2101537229437229,0.1475780859432899,1.0,287,349,0.186282619047619,0.0886562481962482,0.101565954480298,636,6.456769655572163
esconv,esconv_144,2.216666666666667,4.388888888888889,0.0792961266390615,0.137539788053644,1.0,243,229,0.1807498556998557,-0.0769561249137335,0.0902364897182025,472,6.159095388491933
esconv,esconv_145,1.6333333333333335,3.555555555555556,-0.1269381972789116,0.119377598799687,0.0,188,258,0.1074806527698093,-0.0552292403628117,0.1162293266731592,446,6.102558594613569
esconv,esconv_146,2.316666666666667,4.277777777777778,-0.0370579520697167,0.1580653733945263,0.0,266,253,0.1925599694249284,-0.0160247899159663,0.1497768026929815,519,6.253828811575473
esconv,esconv_147,1.5,3.6944444444444446,0.0164568310657596,0.1336999396139928,1.0,150,258,0.2399292296168802,0.0173031179138322,0.0801689743990962,408,6.013715156042802
esconv,esconv_148,1.6833333333333331,4.0,0.1792355257936507,0.1443645058054051,1.0,410,250,0.1658446980175195,0.0091301785714285,0.1055189336849186,660,6.493753839851686
esconv,esconv_149,1.2666666666666668,4.083333333333333,0.1799563253968253,0.1612340844864269,1.0,259,352,0.1504468172983479,0.1711298571428571,0.1040402490143892,611,6.416732282512326
esconv,esconv_15,2.433333333333333,4.092592592592593,0.1620995634920635,0.131754914120424,1.0,210,235,0.1177150512712459,0.1294219047619047,0.1161214979086348,445,6.100318952020064
esconv,esconv_150,1.5,3.324074074074074,0.0287933956916099,0.1839673419853937,1.0,153,269,0.2007855280830281,0.1441405612244898,0.1239997294718207,422,6.0473721790462776
esconv,esconv_151,1.8333333333333333,3.944444444444444,0.2102858276643991,0.1452021695857619,1.0,117,358,0.1767206349206349,-0.0349294784580498,0.120489272004915,475,6.16541785423142
esconv,esconv_152,1.5666666666666669,3.9259259259259256,0.1504580709165386,0.1490501194341846,1.0,320,249,0.1153261441798942,0.1170865015360983,0.1083336907638324,569,6.345636360828596
esconv,esconv_153,1.8,4.444444444444444,0.1251943472627146,0.1352858334741122,1.0,257,232,0.2162388960068332,0.0136018788467768,0.0933422792717894,489,6.194405391104672
esconv,esconv_154,1.4666666666666668,4.222222222222222,-0.1159467261904762,0.0980239047600577,0.0,111,248,0.1507953111509596,-0.1164306547619047,0.0746748815564251,359,5.886104031450156
esconv,esconv_155,1.55,4.203703703703703,0.0926578514739229,0.1388227463311287,1.0,432,183,0.1419337643678161,0.0288580073696145,0.1172105752486419,615,6.423246963533519
esconv,esconv_156,1.8333333333333333,4.287037037037037,0.1222317088293651,0.1415282928051658,1.0,330,286,0.1822673199243596,0.0079734561011904,0.1066333591411312,616,6.424869023905388
esconv,esconv_157,1.5666666666666669,4.046296296296297,0.1040025396825397,0.1246705498239027,1.0,88,192,0.1694509150837019,0.1330490476190476,0.1010890879304505,280,5.638354669333745
esconv,esconv_158,2.0166666666666666,4.444444444444444,0.096832615995116,0.1176005988105862,1.0,141,179,0.1918090406162464,0.0235607905982906,0.1077871325360202,320,5.771441123130016
esconv,esconv_159,1.35,2.1759259259259256,-0.0551427271483305,0.1504180219820736,0.0,301,382,0.1248760096174305,0.0308969417077175,0.1180378062043645,683,6.52795791762255
esconv,esconv_16,1.5,4.398148148148148,0.2283107910906296,0.1142317839064636,1.0,168,299,0.1515010153256705,0.1639634920634921,0.0913516973860803,467,6.148468295917647
esconv,esconv_160,1.5,3.5370370370370368,0.0109026709401709,0.1101362994023731,1.0,143,203,0.1824337362952053,0.0499550213675213,0.1188247994566405,346,5.849324779946859
esconv,esconv_161,1.3333333333333333,3.157407407407407,-0.0777598522167487,0.1544953033971851,0.0,157,270,0.1900596925743477,0.0028721264367816,0.0831850983558581,427,6.059123195581797
esconv,esconv_162,1.9833333333333332,4.055555555555555,-0.1045236435786435,0.1421069175507467,0.0,284,316,0.1549452135360116,-0.0416455122655122,0.0959050785566117,600,6.398594934535208
esconv,esconv_163,1.3666666666666665,3.907407407407407,0.1935526713124274,0.1596834467268708,1.0,218,171,0.1915722271213011,0.0776334785133565,0.0777341689866384,389,5.966146739123692
esconv,esconv_164,1.9333333333333336,3.8611111111111107,0.2175106944444444,0.1828969555630963,1.0,113,265,0.220415925719246,0.2395601388888888,0.076436826492159,378,5.937536205082426
esconv,esconv_165,1.7333333333333334,4.583333333333333,0.1481793735224586,0.1230073496796474,1.0,244,362,0.2527529070551733,0.0460748480243161,0.0928738175910511,606,6.408528791059498
esconv,esconv_166,1.55,3.4444444444444446,0.0305773027898028,0.1271779018117957,1.0,343,267,0.1474631567614125,0.0389384439634439,0.0975386068768378,610,6.415096959171596
esconv,esconv_167,2.0666666666666664,4.407407407407407,0.2665188633786848,0.1450204835391233,1.0,151,293,0.174282911357031,0.0796091128117913,0.0940636267782922,444,6.09807428216624
esconv,esconv_168,1.9,3.7685185185185186,0.1457064153439153,0.1333707874139441,1.0,132,151,0.1288488514419852,-0.025258449074074,0.1037329875710458,283,5.648974238161206
esconv,esconv_169,1.55,4.268518518518518,0.2058433395580453,0.1567423057217637,1.0,268,190,0.2237485837060422,0.1693379396202925,0.1254752347442417,458,6.129050210060545
esconv,esconv_17,1.2666666666666668,3.2037037037037037,-0.0363859491415613,0.115227593109559,0.0,254,256,0.196454898464109,0.0341772918691286,0.0924119047427064,510,6.236369590203704
esconv,esconv_170,1.35,3.314814814814815,-0.0707446733821734,0.1404320976384259,0.0,272,278,0.1194372632324305,-0.0082096916971917,0.1252878417760708,550,6.311734809152915
esconv,esconv_171,2.333333333333333,4.240740740740741,0.0871604875283446,0.1322564671136589,1.0,220,332,0.1496811034940292,0.0531490551776266,0.0951909057554214,552,6.315358001522335
esconv,esconv_172,2.35,4.212962962962963,0.0007570346320346,0.1681292269116437,1.0,67,188,0.1538137913452159,-0.0385936147186146,0.1133564801995154,255,5.545177444479562
esconv,esconv_173,2.0500000000000003,4.5740740740740735,0.0387253773731714,0.1442004568724383,1.0,520,247,0.1879464402427638,-0.0094730586679115,0.1121717046218497,767,6.643789733147672
esconv,esconv_174,1.5,3.7037037037037037,-0.0377200096200096,0.1129569720689779,0.0,174,109,0.253056126984127,-0.000821657046657,0.1179555189649625,283,5.648974238161206
esconv,esconv_175,1.9166666666666667,4.222222222222221,0.1528938548752834,0.1126486326710373,1.0,185,177,0.1327100269274376,0.1585335600907029,0.1142385529653289,362,5.8944028342648505
esconv,esconv_176,1.9666666666666668,4.333333333333333,0.0360397576147576,0.1069220590998677,1.0,198,178,0.1976670000939232,-0.0516071643071643,0.0944566790959072,376,5.932245187448011
esconv,esconv_177,1.4666666666666668,4.166666666666667,0.0152232539682539,0.1444469292974347,1.0,138,150,0.1380278706518068,0.0533263174603174,0.0895148135091519,288,5.666426688112432
esconv,esconv_178,1.9,4.37962962962963,0.2344854276895942,0.1598590953625846,1.0,191,235,0.1641933979491501,0.073630324074074,0.1089872810679128,426,6.056784013228625
esconv,esconv_179,2.15,4.12037037037037,0.059567931547619,0.1450590939112248,1.0,252,249,0.1670017361111111,-0.0272735036375661,0.1245792902156054,501,6.218600119691729
esconv,esconv_18,1.6,3.8796296296296298,0.0850884821428571,0.1272486327754974,1.0,209,302,0.1864720217779944,0.0863217162698412,0.1097398225065125,511,6.238324625039508
esconv,esconv_180,1.1333333333333333,2.472222222222222,-0.022719066515495,0.0995079380460798,0.0,116,133,0.2048396281362007,0.0075702947845804,0.114916904935543,249,5.521460917862246
esconv,esconv_181,1.5333333333333332,4.416666666666667,0.2637555782312926,0.1892141178868127,1.0,186,577,0.1606016054661301,0.2011499659863946,0.1150483518482363,763,6.638567789166521
esconv,esconv_182,2.033333333333333,4.5555555555555545,0.102538139329806,0.1308489148439306,1.0,148,232,0.166263723396683,-0.0377930776014109,0.1192240272096823,380,5.942799375126701
esconv,esconv_183,1.6000000000000003,4.416666666666667,0.1347460182943233,0.1478726737105671,1.0,308,225,0.2100292181069959,0.0844042372881355,0.0876195854322738,533,6.280395838960195
esconv,esconv_184,1.6000000000000003,4.027777777777778,0.1758886104149262,0.1476632453093598,1.0,297,193,0.1414350802277432,0.0402078320802005,0.1173912071868311,490,6.19644412779452
esconv,esconv_185,2.183333333333333,4.12962962962963,0.3494482456140351,0.1684388134933138,1.0,104,173,0.1510786174022454,0.0233522556390977,0.0782192720622799,277,5.627621113690637
esconv,esconv_186,1.6000000000000003,3.7962962962962963,0.060150173611111,0.1348276328912677,1.0,249,204,0.1685072995522995,-0.0115659226190476,0.098373064617984,453,6.118097198041348
esconv,esconv_187,1.7833333333333332,4.37962962962963,0.005212425595238,0.0945915234527897,1.0,89,388,0.1627761601122419,-0.0079776785714285,0.0960899158112713,477,6.169610732491456
esconv,esconv_188,1.7333333333333334,4.472222222222222,0.0757681444991789,0.1159770525664752,1.0,154,265,0.1927715866815476,0.0597059934318555,0.1082450541584342,419,6.040254711277414
esconv,esconv_189,2.1333333333333333,3.7222222222222228,0.0847022435897435,0.1240595912132054,1.0,140,204,0.240317385022385,0.2271100732600733,0.1051716289850319,344,5.84354441703136
esconv,esconv_19,1.9666666666666668,4.12037037037037,0.0246154704393835,0.0906159774104567,1.0,355,140,0.1591413061916878,-0.0735827352196917,0.124684495658136,495,6.206575926724928
esconv,esconv_190,1.7833333333333332,4.2592592592592595,0.069289387755102,0.1408907647328636,1.0,187,192,0.1474712225691734,0.0444081292517006,0.1131475718677948,379,5.940171252720432
esconv,esconv_191,2.5000000000000004,4.101851851851852,-0.0632639971139971,0.1400532671442174,0.0,174,209,0.1376386448412698,0.0052957431457431,0.0918463206797629,383,5.950642552587727
esconv,esconv_192,1.7333333333333332,4.62037037037037,0.0714733374384236,0.1379876444059925,1.0,301,329,0.1741367708333333,-0.0167421592775041,0.0929923026494377,630,6.447305862541213
esconv,esconv_193,1.4666666666666668,4.037037037037037,-0.0006058095238095,0.1602389503972577,0.0,135,230,0.1770677655677655,0.0179248888888888,0.0802456486296644,365,5.902633333401366
esconv,esconv_194,1.45,3.611111111111111,0.1386089402427638,0.1495064430577314,1.0,95,176,0.2036241445680068,0.0992443977591036,0.1011835879587847,271,5.605802066295998
esconv,esconv_195,1.5333333333333334,3.935185185185185,0.2028214363523186,0.1671513750550891,1.0,264,271,0.1201564128195807,0.0996093526299408,0.109285280254465,535,6.284134161070802
esconv,esconv_196,1.5666666666666669,4.222222222222222,0.0572377886002885,0.1265662332636563,1.0,229,216,0.2207921555095468,0.0633769751082251,0.0956506896032516,445,6.100318952020064
esconv,esconv_197,1.75,3.6111111111111107,-0.0562758537758537,0.1634456888433638,0.0,177,305,0.1781371138996139,-0.0370389009139009,0.0922011318549025,482,6.180016653652572
esconv,esconv_198,1.6833333333333331,4.2592592592592595,-0.0175874060150375,0.1187199062185026,0.0,104,247,0.1592605225423502,-0.1075724310776942,0.1084288913606653,351,5.863631175598097
esconv,esconv_199,2.033333333333333,4.12037037037037,-0.015971,0.1231655222068774,0.0,136,212,0.1861759343967472,0.132543492063492,0.0974328629479484,348,5.855071922202427
esconv,esconv_2,1.6666666666666667,4.138888888888889,-0.0009240079365079,0.1255550531168134,0.0,202,386,0.1769775977853564,0.0554835944026733,0.0710148792122872,588,6.3784261836515865
esconv,esconv_20,1.9333333333333336,3.981481481481481,0.1151508432539682,0.1500395968746424,1.0,371,318,0.1157910181332511,0.0648465277777777,0.1147092253981924,689,6.536691597591305
esconv,esconv_21,1.5333333333333332,3.9444444444444446,-0.163170119047619,0.2393897613903017,0.0,111,181,0.1360281584533038,-0.0781023809523809,0.1291301145568791,292,5.680172609017068
esconv,esconv_22,1.4333333333333331,4.5,0.2946410119047619,0.1705541858189568,1.0,311,433,0.1518901196091644,0.0415741468253968,0.1004166627600968,744,6.61338421837956
esconv,esconv_23,1.6166666666666665,4.194444444444445,-0.0293223958333333,0.1317633839905972,0.0,89,227,0.1898902850589777,0.0026642609126984,0.1159050085569577,316,5.75890177387728
esconv,esconv_24,2.6166666666666667,4.101851851851852,0.1936291324575807,0.1602508582487119,1.0,302,292,0.1755370225475349,0.0648412082649151,0.1079106354605173,594,6.38856140554563
esconv,esconv_25,1.65,4.25,0.0305259307359307,0.1288249434029138,1.0,286,578,0.1857533489552821,0.0278144011544011,0.1017706524878239,864,6.762729506931879
esconv,esconv_26,1.7333333333333332,3.777777777777778,0.0198690043290043,0.134111464739013,1.0,285,162,0.2058444677871148,0.0244528354978355,0.1284509595005472,447,6.104793232414985
esconv,esconv_27,2.5333333333333337,3.2407407407407405,-0.0617414285714285,0.1488723085531675,0.0,137,76,0.2399180822080076,-0.0214967619047619,0.1044978131726361,213,5.365976015021851
esconv,esconv_28,1.4333333333333331,3.6203703703703702,-0.069954365079365,0.1456031602635466,0.0,129,180,0.1407760930103035,0.1891483134920634,0.1129431618791102,309,5.736572297479192
esconv,esconv_29,1.9,4.12037037037037,0.1716734053497942,0.1448589296307418,1.0,283,274,0.2020090805630428,0.0928211125808348,0.1059240279517473,557,6.324358962381311
esconv,esconv_3,1.5333333333333332,3.5462962962962963,0.0304758616780045,0.1186447444435758,1.0,186,192,0.1896245424581489,0.000278775510204,0.1245242992901234,378,5.937536205082426
esconv,esconv_30,1.7166666666666668,4.462962962962963,0.0411027960226235,0.1347771199991805,1.0,444,256,0.132587807660176,0.0749281107462142,0.1075956649790325,700,6.55250788703459
esconv,esconv_31,2.1666666666666665,4.157407407407407,0.1819925994108983,0.1433089814219965,1.0,494,326,0.2426482361924791,0.0302045082637866,0.1239080219225371,820,6.710523109452428
esconv,esconv_32,2.4,4.407407407407407,0.0932060973748473,0.1433891683305572,1.0,269,325,0.1946359315350612,-0.0090520146520146,0.113669104637059,594,6.38856140554563
esconv,esconv_33,1.6499999999999997,3.75,-0.1237159373659373,0.1554873567739944,0.0,196,146,0.2382691576874058,-0.0226609073359073,0.1013862211732809,342,5.8377304471659395
esconv,esconv_34,1.9,4.3240740740740735,-0.0027574585137085,0.1105314571107322,0.0,230,232,0.174390157662467,-0.0639510551948051,0.1050441665489182,462,6.137727054086234
esconv,esconv_35,1.5666666666666669,3.8703703703703702,0.0539753427128427,0.1657126062619282,1.0,231,361,0.1172656971500721,0.0233079906204906,0.1232036792137021,592,6.385194398997726
esconv,esconv_36,1.6833333333333331,4.2592592592592595,-0.0059046513140776,0.1107265882451611,0.0,314,280,0.1477523355590698,-0.0507495186052563,0.0827463944962518,594,6.38856140554563
esconv,esconv_37,2.4166666666666665,4.231481481481481,0.0544279383975812,0.1461937801265167,1.0,223,235,0.2227917070515522,-0.0409041005291005,0.1251668407345559,458,6.129050210060545
esconv,esconv_38,2.2,4.657407407407407,0.1224844887955181,0.1420342863519799,1.0,351,539,0.2368038559448936,-0.0519904061624649,0.1085756056496282,890,6.792344427470809
esconv,esconv_39,1.45,4.2592592592592595,-0.0083949985025456,0.1320775599449547,0.0,275,403,0.1582063270485859,0.0494802635519616,0.120658928567938,678,6.520621127558696
esconv,esconv_4,1.3666666666666665,4.37962962962963,-0.1101622767857142,0.1387735800666671,0.0,170,289,0.2199220039682539,-0.0167484374999999,0.1114569687980065,459,6.131226489483141
esconv,esconv_40,1.6333333333333335,4.0092592592592595,0.2207239229024943,0.1420848192650648,1.0,115,223,0.1251692163625574,0.0468802721088435,0.1001002804381674,338,5.82600010738045
esconv,esconv_41,2.0500000000000003,3.564814814814815,0.1360613756613756,0.1394745765198685,1.0,178,119,0.1059531204906204,-0.0163690716690716,0.1017499101804762,297,5.697093486505405
esconv,esconv_42,1.9333333333333331,4.4259259259259265,0.1345212301587301,0.14939583053526,1.0,229,177,0.1557861276455026,-0.0093283369408369,0.1120456234803245,406,6.008813185442595
esconv,esconv_43,1.3333333333333333,3.185185185185185,0.3585575933075933,0.184057022163159,1.0,197,67,0.2248002463054187,0.192485607035607,0.1120289541356958,264,5.579729825986222
esconv,esconv_44,1.5833333333333333,3.9166666666666665,0.0882835243974133,0.1529983898019336,1.0,147,160,0.2073695022600651,0.0967300264550264,0.0971232846222025,307,5.730099782973574
esconv,esconv_45,2.183333333333333,4.509259259259259,0.0341248591909882,0.1415399298651743,1.0,166,169,0.214839429563492,0.1479652457757296,0.1180852849385187,335,5.817111159963204
esconv,esconv_46,1.3500000000000003,4.027777777777778,0.1896626243386243,0.1624078047081166,1.0,384,189,0.2133880467372133,0.0960769206349206,0.1052662608478356,573,6.352629396319567
esconv,esconv_47,1.9,4.342592592592593,0.0897371031746031,0.12523361924235,1.0,113,148,0.2691343953408701,0.1591525992063492,0.0606417018776457,261,5.568344503761097
esconv,esconv_48,1.9333333333333336,4.231481481481481,0.0539676533676533,0.1047516029201849,1.0,198,435,0.149187095722483,-0.0365551909051909,0.0942267245444237,633,6.452048954437226
esconv,esconv_49,1.7666666666666666,3.694444444444444,0.2036760438233264,0.150414566038198,1.0,242,205,0.178339461856171,0.1282296152518978,0.0843585242578582,447,6.104793232414985
esconv,esconv_5,2.033333333333333,4.222222222222221,0.0224354024943311,0.1593413059138243,1.0,149,160,0.1712123120992326,-0.021187996031746,0.1076325556716548,309,5.736572297479192
esconv,esconv_50,1.5166666666666666,3.574074074074074,0.1687346044146825,0.142444327616663,1.0,329,198,0.1646223544973544,0.1198595672123015,0.1186978595097986,527,6.269096283706261
esconv,esconv_51,1.8,3.675925925925926,0.0981929979518689,0.1582507756667427,1.0,320,273,0.1980095914502164,0.002681950844854,0.1035665785755291,593,6.386879319362645
esconv,esconv_52,1.3500000000000003,3.9629629629629632,-0.0081246369469774,0.1315044149026037,0.0,245,308,0.2105418206189945,-0.0393200185748058,0.0863866922571789,553,6.317164686747284
esconv,esconv_53,2.0500000000000003,4.037037037037037,0.0259750273672687,0.1150516793447535,1.0,158,275,0.1832517051557465,-0.0002318691844553,0.0969877968608507,433,6.073044534100405
esconv,esconv_54,1.5833333333333333,3.7037037037037037,0.0968166666666666,0.1552917131398721,1.0,365,212,0.1832400461333958,-0.0327443494299128,0.1215181747405721,577,6.359573868672378
esconv,esconv_55,1.7666666666666668,3.888888888888889,0.1085859682539682,0.1654935258450824,1.0,137,682,0.1485581057336258,0.0268122539682539,0.1146549937312769,819,6.709304340258298
esconv,esconv_56,2.3833333333333333,4.407407407407407,0.1933218020541549,0.1321874030456847,1.0,181,201,0.1375723090277777,0.0456941760037348,0.1056285515219382,382,5.948034989180646
esconv,esconv_57,2.25,4.287037037037037,0.0793507487271638,0.1478191852089653,1.0,278,213,0.1603648828976035,0.1707238544474393,0.1151124607791836,491,6.198478716492308
esconv,esconv_58,2.1166666666666667,4.101851851851852,-0.0347790233686066,0.1178855478419986,0.0,189,215,0.200610985899214,0.0112988315696649,0.0882127791648231,404,6.003887067106539
esconv,esconv_59,1.9833333333333332,4.564814814814815,0.0783522837706511,0.1121436991823888,1.0,255,349,0.2008241188141923,0.0565791626174279,0.1173550312648913,604,6.405228458030842
esconv,esconv_6,1.6666666666666667,4.277777777777778,0.1589064769975786,0.1355460633521287,1.0,308,375,0.1981307539682539,0.0388186171643799,0.1127295338281471,683,6.52795791762255
esconv,esconv_60,2.316666666666667,4.722222222222222,0.1134874766573296,0.1533746553538774,1.0,179,358,0.1505942466002637,0.0696395541549953,0.1073769632207088,537,6.2878585601617845
esconv,esconv_61,2.083333333333333,4.435185185185186,-0.1139540476190476,0.138737327736401,0.0,135,349,0.2283902322595704,0.0758247619047619,0.1139604806295211,484,6.184148890937483
esconv,esconv_62,1.866666666666667,3.5648148148148144,0.2245403985507246,0.1489811958570517,1.0,239,175,0.1880189352648689,0.0036914596273292,0.1408939043876025,414,6.028278520230698
esconv,esconv_63,2.35,4.194444444444445,0.1242457341269841,0.1401601799774799,1.0,191,178,0.1406884075326383,0.1436595679012345,0.0833879634325393,369,5.91350300563827
esconv,esconv_64,1.5833333333333333,4.268518518518519,0.1973288239538239,0.0866933437592024,1.0,68,115,0.1610298592392932,0.2202339466089466,0.0659904393802049,183,5.214935757608986
esconv,esconv_65,1.3333333333333333,3.657407407407407,0.1918489495798319,0.1294991817518729,1.0,94,126,0.1151705060371727,0.0824612044817927,0.0920069733766965,220,5.3981627015177525
esconv,esconv_66,1.2666666666666666,3.092592592592593,0.0441891594516594,0.1418197668622289,1.0,120,137,0.2070210689484126,-0.0283929834054834,0.0852505990660515,257,5.552959584921617
esconv,esconv_67,1.9,3.7407407407407405,0.2496066184807255,0.1613061980087996,1.0,151,242,0.2041439982287621,0.0736277636054421,0.0955235353264673,393,5.976350909297934
esconv,esconv_68,1.6,4.657407407407407,0.1607244751664105,0.1134297335815444,1.0,321,510,0.1641593044070589,0.0746608166922683,0.0958841010821124,831,6.723832440821209
esconv,esconv_69,1.8666666666666665,4.5,0.2412111552028218,0.1479985415750021,1.0,147,206,0.1956294134235758,-0.0196144914756025,0.113188990544327,353,5.869296913133774
esconv,esconv_7,2.3000000000000003,4.287037037037037,0.1007864500661375,0.1159784959492508,1.0,251,322,0.1378210875297936,0.1048205274470899,0.0844976145067237,573,6.352629396319567
esconv,esconv_70,1.6000000000000003,3.8333333333333335,0.2925041005291006,0.162230677205396,1.0,253,229,0.1868238564213564,0.1445474702380952,0.1242812237275386,482,6.180016653652572
esconv,esconv_71,1.9333333333333331,4.083333333333333,0.0979125541125541,0.1325994142932176,1.0,284,422,0.2192074291863638,0.1071535497835497,0.0932683595117016,706,6.561030665896573
esconv,esconv_72,1.9666666666666668,3.675925925925926,-0.0994404761904761,0.1427811933868226,0.0,119,173,0.162101485675571,0.0242167748917748,0.0899670056754096,292,5.680172609017068
esconv,esconv_73,2.216666666666667,4.185185185185185,0.1602712877624167,0.1149340323315092,1.0,166,220,0.1613849657714586,-0.0172110343061955,0.0633659332128845,386,5.958424693029782
esconv,esconv_74,1.3333333333333333,4.4907407407407405,0.0291691697191697,0.1398251683368359,1.0,338,299,0.2141833579638752,0.0694405433455433,0.0979123338323555,637,6.45833828334479
esconv,esconv_75,1.5666666666666664,3.935185185185185,-0.0230993197278912,0.1303603779225709,0.0,256,550,0.1647692948097291,0.0073146663427275,0.0932139556967394,806,6.693323668269949
esconv,esconv_76,2.2,4.111111111111111,0.0457375205254515,0.1113373198466167,1.0,158,249,0.1456002645502645,-0.1301326765188834,0.0979652352746216,407,6.0112671744041615
esconv,esconv_77,1.6333333333333335,4.037037037037037,0.0028561038961038,0.1284227485683042,1.0,563,335,0.1553854379686434,0.0026084559884559,0.1256564048407209,898,6.80128303447162
esconv,esconv_78,1.7,3.824074074074074,-0.0096308956916099,0.1269533175273599,0.0,292,134,0.1194186888888888,-0.044844352324263,0.0997336356907707,426,6.056784013228625
esconv,esconv_79,2.25,4.3055555555555545,0.0597385301152424,0.1366479202462427,1.0,376,482,0.1400499916104567,0.0401654544466188,0.0891098641252121,858,6.755768921984255
esconv,esconv_8,1.8,4.185185185185185,0.2377781926406926,0.155268805592069,1.0,230,132,0.1529968737901664,0.110580303030303,0.1197080613705449,362,5.8944028342648505
esconv,esconv_80,1.4,3.925925925925926,0.1644303340716131,0.1553517563557737,1.0,227,135,0.3620780675233055,0.0218024916943521,0.1055773899344934,362,5.8944028342648505
esconv,esconv_81,1.95,4.101851851851852,0.0351049107142857,0.1231988655974704,1.0,289,415,0.1924795038705137,0.0007194160997732,0.1286496008580287,704,6.558197802812269
esconv,esconv_82,1.55,3.972222222222222,0.0883465367965367,0.1067136200108677,1.0,119,266,0.1418889089617689,0.0492979437229437,0.0999447571155215,385,5.955837369464831
esconv,esconv_83,1.3500000000000003,3.4629629629629632,-0.1217040266106442,0.1543593557198361,0.0,352,475,0.1213648136794059,-0.1245113445378151,0.0888299302360847,827,6.71901315438526
esconv,esconv_84,1.5333333333333332,3.1296296296296293,0.185960119047619,0.1262831459547665,1.0,132,339,0.187542012987013,0.0923837962962962,0.1063002596030405,471,6.156978985585555
esconv,esconv_85,2.083333333333333,4.361111111111112,0.1773453643578643,0.1491321116260983,1.0,341,186,0.1268518182225809,0.1025696729196729,0.1016664990833952,527,6.269096283706261
esconv,esconv_86,1.3500000000000003,3.7129629629629632,0.0777081904761904,0.1348969199529436,1.0,134,292,0.1807197978013349,0.0069674285714285,0.0632959216017549,426,6.056784013228625
esconv,esconv_87,2.1333333333333333,4.407407407407407,0.1123835600907029,0.1170928663192737,1.0,291,374,0.1793908860621874,0.0569564909297052,0.1287243930217433,665,6.501289670540389
esconv,esconv_88,2.8000000000000003,4.592592592592593,0.3169049851190476,0.1854318658777456,1.0,250,406,0.1930550457798568,0.095496552579365,0.1164932309913775,656,6.48768401848461
esconv,esconv_89,1.6833333333333331,4.166666666666667,0.0246190943043884,0.1376816645040227,1.0,182,218,0.2025227063871801,-0.0277660597572362,0.1123841662293654,400,5.993961427306569
esconv,esconv_9,2.1666666666666665,4.796296296296296,-0.0322411623677248,0.1657828846277155,0.0,252,386,0.1599669456022904,-0.0649671709656084,0.1153283326406887,638,6.459904454377535
esconv,esconv_90,1.0,1.6574074074074074,0.0417604458450046,0.1383854445927156,1.0,181,247,0.1683526744030945,0.0460428454715219,0.0969756561960098,428,6.061456918928017
esconv,esconv_91,2.033333333333333,4.4907407407407405,0.2176610028860029,0.1434981016576862,1.0,232,240,0.1910742922421493,0.0935853986291486,0.1109288235024733,472,6.159095388491933
esconv,esconv_92,2.6833333333333336,3.9444444444444446,0.1123995098039215,0.1500039252956712,1.0,97,162,0.1726998080713767,-0.0175513538748832,0.1590936630313821,259,5.560681631015528
esconv,esconv_93,1.6166666666666665,3.777777777777778,-0.0439941011235955,0.1437073092380824,0.0,456,419,0.1790929355400696,0.000371504369538,0.1255565830730133,875,6.775366090936392
esconv,esconv_94,2.983333333333333,4.6759259259259265,0.2040667678182384,0.152952832869908,1.0,268,313,0.1589153626253133,0.149175,0.1078397931765617,581,6.366470447731438
esconv,esconv_95,2.066666666666667,4.703703703703703,0.1270253829826504,0.1332825477840044,1.0,440,406,0.2295380192715205,0.0623307170542635,0.1003754274996832,846,6.741700694652055
esconv,esconv_96,2.216666666666667,4.018518518518518,0.0134352869352869,0.089231815595289,1.0,74,241,0.2142758193076081,-0.0842062271062271,0.1010564428235826,315,5.755742213586912
esconv,esconv_97,1.5333333333333332,2.888888888888889,-0.0488194083694083,0.1831602407980135,0.0,123,282,0.2054324481074481,-0.0006473665223665,0.0991460188074505,405,6.0063531596017325
esconv,esconv_98,2.15,4.6759259259259265,0.1790026839826839,0.1531106572145534,1.0,285,602,0.1654732922455097,0.0491261327561327,0.0998004359360065,887,6.78897174299217
esconv,esconv_99,2.0166666666666666,4.472222222222222,0.0733667195767195,0.1331022316154133,1.0,236,336,0.1637014246881219,-0.0476513756613756,0.0969783559926857,572,6.35088571671474
kmi,kmi_1000,3.0500000000000003,4.166666666666667,0.2231219979296065,0.1792458030170664,1.0,125,144,0.2251996972369194,0.2079211697722567,0.0822215565452582,269,5.598421958998375
kmi,kmi_108,2.1333333333333333,4.101851851851852,-0.0108667261904762,0.1443040698255642,0.0,112,95,0.1764268687707641,-0.0427007142857142,0.121741803608811,207,5.337538079701318
kmi,kmi_109,2.55,4.185185185185186,0.0627478070175439,0.1026197233048841,1.0,106,113,0.1915439636752136,0.0701503759398496,0.0936021738685442,219,5.393627546352362
kmi,kmi_115,2.7166666666666663,4.296296296296297,0.3215848677248676,0.1657975756854114,1.0,85,107,0.0999509556203433,0.2792686243386243,0.1134623798332611,192,5.262690188904886
kmi,kmi_130,2.6666666666666665,4.222222222222222,-0.1423877401837928,0.1500152134502564,0.0,104,117,0.1905216416813639,-0.0073037802840434,0.0656068105804962,221,5.402677381872279
kmi,kmi_140,2.75,4.0740740740740735,0.059453078078078,0.1217990803268755,1.0,194,250,0.1753219801751959,0.05893003003003,0.1093542905441153,444,6.09807428216624
kmi,kmi_144,2.533333333333333,3.9166666666666665,0.3847540849673202,0.1645201319131134,1.0,97,90,0.2125194738389183,0.1299243697478991,0.1071080267568148,187,5.236441962829949
kmi,kmi_151,2.4666666666666663,4.268518518518518,0.0699386309523809,0.1080491253348932,1.0,110,119,0.1898260786435786,0.0558907738095237,0.0681235440121647,229,5.438079308923196
kmi,kmi_152,2.716666666666667,3.972222222222222,0.1435457875457875,0.0936384739370462,1.0,77,97,0.2014335903679653,-0.0205604395604395,0.0805304330025561,174,5.1647859739235145
kmi,kmi_155,2.3833333333333333,3.8333333333333335,-0.2050547619047618,0.1471283940893251,0.0,85,73,0.1783689732142857,-0.0703414814814814,0.071615218659118,158,5.0689042022202315
kmi,kmi_164,2.9333333333333336,4.398148148148149,0.0455731445731445,0.08834161812901,1.0,197,213,0.1970962243230626,-0.0464332582582582,0.0933504881638891,410,6.018593214496234
kmi,kmi_167,2.7,4.055555555555556,0.1403297739297739,0.1125577253121063,1.0,175,143,0.1323784233593935,0.0273367243867243,0.1132734142348026,318,5.765191102784844
kmi,kmi_169,2.7166666666666663,4.138888888888889,-0.0042948107448107,0.0669639389717461,0.0,77,100,0.163646991104134,0.0709529914529914,0.0998023736396737,177,5.181783550292085
kmi,kmi_174,3.1166666666666667,3.907407407407407,0.0431359243697479,0.1121944948474199,1.0,96,87,0.209776338013838,0.0840300420168067,0.1035323090038051,183,5.214935757608986
kmi,kmi_182,2.5500000000000003,4.203703703703703,0.0648232886904762,0.0901323759007025,1.0,93,117,0.2123996546149324,0.1560974702380952,0.0976847246871253,210,5.351858133476067
kmi,kmi_186,3.016666666666666,4.166666666666666,0.0166538442460317,0.07758445504428,1.0,92,110,0.1039690240452617,-0.2134792906746031,0.1069846898819041,202,5.313205979041787
kmi,kmi_189,2.4833333333333334,4.018518518518518,0.1920057291666667,0.1361338463336174,1.0,92,100,0.0995612986220129,0.0319981894841269,0.1453694980846746,192,5.262690188904886
kmi,kmi_190,2.7,3.9166666666666665,0.0315244505494505,0.1126568393076553,1.0,76,102,0.2142926224611709,0.0526876373626373,0.0871771217244003,178,5.187385805840755
kmi,kmi_192,2.466666666666667,4.3240740740740735,0.2007576530612245,0.1686607829293581,1.0,114,125,0.2429357074438971,0.2248994708994708,0.0787977962513093,239,5.480638923341991
kmi,kmi_198,2.283333333333333,4.101851851851852,-0.0221619408369408,0.0945559708327622,0.0,122,99,0.2117064462081128,-0.0196021103896103,0.0992362490558466,221,5.402677381872279
kmi,kmi_2,2.6,4.194444444444444,0.0862488095238094,0.1344790290480584,1.0,95,94,0.1973709663865546,0.048528664799253,0.0679233976162948,189,5.247024072160486
kmi,kmi_212,2.8166666666666664,4.055555555555555,0.0082593197278911,0.1009379009627077,1.0,186,161,0.1215115392648287,0.0239668140589569,0.0918649745912371,347,5.8522024797744745
kmi,kmi_218,2.716666666666667,3.8796296296296298,0.0020041666666666,0.1146264647214824,1.0,82,123,0.0914455096073517,0.0175877551020408,0.078940628069486,205,5.327876168789581
kmi,kmi_221,2.8000000000000003,4.2592592592592595,0.0309821180555556,0.1599899307229119,1.0,170,167,0.1880073337351818,0.0592789930555555,0.1155131941998089,337,5.823045895483019
kmi,kmi_224,2.866666666666667,4.2592592592592595,0.1997813725490196,0.1385390227263338,1.0,98,103,0.2387860773387369,-0.0474719421101774,0.0930919945085473,201,5.308267697401205
kmi,kmi_225,2.866666666666667,4.296296296296297,0.2051586257309941,0.1336063826092589,1.0,105,114,0.3255307256235827,-0.0052787176274018,0.1374568994340353,219,5.393627546352362
kmi,kmi_226,2.9333333333333336,3.842592592592593,-0.1291955467372134,0.1268100403565072,0.0,102,123,0.1202606237816764,-0.0076614858906525,0.1321929097580293,225,5.420534999272286
kmi,kmi_227,2.583333333333333,4.138888888888889,0.0242581569664903,0.1039193071359474,1.0,144,145,0.1600132790616246,0.0606217666078777,0.0925495609471896,289,5.66988092298052
kmi,kmi_23,2.4166666666666665,4.2407407407407405,0.1396184429327286,0.1119782766317996,1.0,114,145,0.1693715102707749,0.0329059334845049,0.0706956536131219,259,5.560681631015528
kmi,kmi_232,2.733333333333333,3.564814814814815,-0.1556604978354978,0.0869210281834491,0.0,66,95,0.1314818983019564,-0.1472928571428571,0.0846636114297622,161,5.087596335232384
kmi,kmi_24,2.6333333333333333,3.7407407407407405,-0.0190559240362811,0.0978626479077833,0.0,82,109,0.1702356746031746,-0.0210360260770974,0.1276697152126041,191,5.2574953720277815
kmi,kmi_242,2.333333333333333,3.675925925925926,-0.0431994047619048,0.1288846956748769,0.0,109,167,0.1175164933694997,-0.2541827976190476,0.1384727269253772,276,5.6240175061873385
kmi,kmi_250,2.6833333333333336,4.3240740740740735,0.1598236542443064,0.1489828294366749,1.0,127,156,0.1835375364431486,0.0817252242926156,0.1010405186005504,283,5.648974238161206
kmi,kmi_254,3.016666666666667,4.0740740740740735,0.0520144642857142,0.1555355184636834,1.0,112,108,0.1605642255892255,0.086116746031746,0.1098071832803987,220,5.3981627015177525
kmi,kmi_259,3.2,4.185185185185186,0.1613481566820276,0.13837419648788,1.0,165,139,0.2371656532356532,0.1337041474654378,0.1005683321428433,304,5.720311776607412
kmi,kmi_260,2.9,4.4259259259259265,0.2379861746031746,0.1628811891714596,1.0,135,137,0.2639197017609127,0.1731624603174603,0.0971054012947255,272,5.60947179518496
kmi,kmi_268,2.583333333333333,3.9537037037037037,-0.1400731746031746,0.1214728105391526,0.0,85,111,0.1177515094926859,0.0150999206349206,0.0666382396930985,196,5.2832037287379885
kmi,kmi_269,2.583333333333333,4.12962962962963,0.0324069264069263,0.0965570446969307,1.0,68,104,0.2081241896407685,0.0087207792207792,0.0703307010483832,172,5.153291594497779
kmi,kmi_27,2.8833333333333333,3.9166666666666665,0.2830629206349206,0.1778008566404093,1.0,138,145,0.1116943423202614,0.2251979999999999,0.1164517940652599,283,5.648974238161206
kmi,kmi_272,2.583333333333333,4.25,0.3605325036075036,0.2270045166328504,1.0,119,130,0.1947327233372688,0.1956580086580086,0.108391633115991,249,5.521460917862246
kmi,kmi_275,2.5500000000000003,4.2592592592592595,0.2514870331465919,0.1537283314586888,1.0,179,187,0.1725218410023185,0.1562079715219421,0.0894071416911326,366,5.905361848054571
kmi,kmi_276,3.3000000000000003,4.222222222222222,0.0576687552213867,0.1611414617319511,1.0,105,137,0.1463278242807539,0.0460436507936507,0.1160545478528662,242,5.493061443340548
kmi,kmi_289,2.95,4.351851851851852,0.0846544695071011,0.1149957438272283,1.0,203,185,0.199012987012987,0.100747462406015,0.0943826613149447,388,5.963579343618446
kmi,kmi_29,2.433333333333333,3.972222222222222,0.1244962109575012,0.1431385697706604,1.0,166,155,0.1377695205479452,0.0388015873015872,0.1122857612016839,321,5.7745515455444085
kmi,kmi_291,2.8166666666666664,4.074074074074074,0.0620024659863945,0.0825267025541854,1.0,79,90,0.2808632226141486,-0.036254506802721,0.0551366533480818,169,5.135798437050262
kmi,kmi_292,2.45,3.981481481481481,-0.1705684173669467,0.1310358950302176,0.0,96,93,0.1409262802343159,-0.0511475256769374,0.0955150759511132,189,5.247024072160486
kmi,kmi_293,2.833333333333333,3.7870370370370368,0.0194158385093167,0.1329629591179148,1.0,125,144,0.1180238183421516,-0.0519614044168392,0.1172556570343123,269,5.598421958998375
kmi,kmi_294,2.6666666666666665,3.888888888888889,0.1317005952380952,0.120327982582348,1.0,93,101,0.2465773291925465,0.0147459325396825,0.0830521556955432,194,5.272999558563747
kmi,kmi_295,2.8000000000000003,4.212962962962963,0.1136007054673722,0.1327015380109839,1.0,146,132,0.2289689895470383,0.1174629923574367,0.1019089086475986,278,5.631211781821365
kmi,kmi_297,2.6666666666666665,3.907407407407407,-0.0092593333333333,0.1074409933212868,0.0,136,150,0.0953579083642913,0.1012295238095238,0.093168997177703,286,5.659482215759621
kmi,kmi_298,2.6166666666666667,4.055555555555555,0.1149014828738513,0.1433237862423653,1.0,104,122,0.2337656763590392,0.1217857769423559,0.0938957992730332,226,5.424950017481403
kmi,kmi_317,2.6333333333333333,3.9907407407407405,0.1298583916900093,0.1034266003213826,1.0,180,159,0.2400141534391534,0.0635326330532213,0.0851054807920177,339,5.8289456176102075
kmi,kmi_318,2.266666666666666,3.7037037037037037,-0.1802257142857143,0.1611623586941065,0.0,84,85,0.102066369047619,0.0943303174603174,0.0776287438641738,169,5.135798437050262
kmi,kmi_338,2.483333333333333,3.6481481481481484,0.0193466553287982,0.0919628490862091,1.0,82,119,0.1638858008658009,0.056297052154195,0.0802942772424912,201,5.308267697401205
kmi,kmi_342,2.5666666666666664,3.824074074074074,0.1295394736842105,0.1492209174783121,1.0,105,121,0.1567561862244897,0.2132913533834586,0.0907841631173748,226,5.424950017481403
kmi,kmi_348,2.3666666666666667,4.398148148148149,0.168813492063492,0.1231450370369105,1.0,85,108,0.2224360670194003,0.0444611111111111,0.0752070085011879,193,5.267858159063328
kmi,kmi_355,3.183333333333333,3.907407407407407,0.031514770723104,0.1281946823041767,1.0,100,118,0.1201147735546818,-0.0139642636684303,0.121672767601846,218,5.389071729816501
kmi,kmi_359,2.85,4.12962962962963,-0.0816387419165196,0.1226194078560796,0.0,148,113,0.1945571657509157,-0.0724294826572604,0.0914934427610138,261,5.568344503761097
kmi,kmi_36,2.766666666666667,4.092592592592593,0.1606678571428572,0.1512862464567596,1.0,164,182,0.1553769864207725,-0.0383947004608294,0.1133682706172105,346,5.849324779946859
kmi,kmi_361,2.766666666666667,4.092592592592593,0.1264893315018315,0.0866341613525331,1.0,140,138,0.1768659468438538,0.0758620421245421,0.1373205712758825,278,5.631211781821365
kmi,kmi_363,2.483333333333333,3.814814814814815,-0.0200878042328042,0.1056407688340424,0.0,86,86,0.2038867604617604,0.0792269047619047,0.1202084461467306,172,5.153291594497779
kmi,kmi_370,2.4,3.8888888888888893,0.0235492647058823,0.1302027693144297,1.0,180,179,0.1732653081232493,-0.0671805555555555,0.0970234601137256,359,5.886104031450156
kmi,kmi_386,2.466666666666667,3.972222222222222,0.1679711951447245,0.1161803805931381,1.0,97,92,0.1370740533562822,0.2356314192343604,0.0882208610409692,189,5.247024072160486
kmi,kmi_387,2.9333333333333336,3.9351851851851856,-0.011426488095238,0.1207743051917363,0.0,112,94,0.1942666946778711,0.0001190476190476,0.1147421906889721,206,5.332718793265369
kmi,kmi_392,2.5166666666666666,4.3055555555555545,0.1896738591269841,0.1192657145557166,1.0,130,118,0.1758051114023591,0.1667156415343915,0.0991429486906753,248,5.517452896464707
kmi,kmi_398,2.766666666666666,4.231481481481482,0.0766207950431634,0.1356579051975812,1.0,297,260,0.168686424144691,0.0674691450849345,0.0821378442869039,557,6.324358962381311
kmi,kmi_40,2.8166666666666664,4.277777777777778,0.0045761904761904,0.1571704302882886,1.0,119,154,0.2278498549534756,0.0996016233766233,0.0911446592984775,273,5.6131281063880705
kmi,kmi_409,2.6166666666666667,4.277777777777778,-0.0925842923280423,0.1312450011948601,0.0,191,207,0.1335533990700657,-0.0960021935626102,0.0766945805947312,398,5.988961416889864
kmi,kmi_41,2.95,4.537037037037037,0.2033856150793651,0.1096399032107315,1.0,113,111,0.2059101346093993,0.1437074603174603,0.0940735981977519,224,5.41610040220442
kmi,kmi_415,2.9166666666666665,4.342592592592593,-0.115142757936508,0.1488714211174045,0.0,111,130,0.2429957431457431,-0.1521660714285714,0.1118524209741832,241,5.488937726156687
kmi,kmi_417,2.2666666666666666,4.12962962962963,0.2379616269841269,0.1483956027717511,1.0,113,125,0.1806563560481663,0.0702215873015872,0.100278216298134,238,5.476463551931511
kmi,kmi_419,2.3833333333333333,4.222222222222222,-0.1047901360544218,0.0850435807950918,0.0,80,94,0.2304957376283848,0.0371177437641723,0.0634118114916221,174,5.1647859739235145
kmi,kmi_436,2.466666666666667,4.361111111111112,0.0438767857142857,0.1512871516936508,1.0,211,215,0.1475973801818462,0.133627123015873,0.1089272991822934,426,6.056784013228625
kmi,kmi_437,2.3666666666666667,3.9629629629629632,0.237020115995116,0.1175832856220162,1.0,139,123,0.0889812273739905,0.076227503052503,0.12312627963793,262,5.572154032177765
kmi,kmi_442,2.4833333333333334,4.083333333333333,-0.1193177109440267,0.120219238808569,0.0,104,109,0.184372746031746,-0.0857097117794486,0.0918743674770432,213,5.365976015021851
kmi,kmi_444,2.983333333333333,4.314814814814814,0.2416902698412698,0.1384612487914326,1.0,134,165,0.2252383623321123,0.1010592222222222,0.0864714191034914,299,5.703782474656201
kmi,kmi_455,2.6833333333333336,3.8703703703703702,0.077672619047619,0.1334024658147441,1.0,74,117,0.1744119047619048,-0.0445347069597069,0.1156877612291903,191,5.2574953720277815
kmi,kmi_457,2.75,3.7222222222222228,0.1058576777087646,0.1699741672474217,1.0,124,132,0.1669726609885146,0.0536776915113871,0.1311839877808699,256,5.54907608489522
kmi,kmi_459,2.966666666666667,4.148148148148148,0.0716377674258109,0.132255132421678,1.0,127,142,0.2042722729442654,0.0624424603174603,0.1388604187973499,269,5.598421958998375
kmi,kmi_463,2.716666666666667,3.8796296296296298,0.0860213128306878,0.1840486481033209,1.0,130,127,0.1203568839117567,0.049450496031746,0.1041488774195874,257,5.552959584921617
kmi,kmi_464,2.766666666666667,4.083333333333333,0.1184825036075035,0.0837805785268618,1.0,64,99,0.2328667107583774,0.1571020923520923,0.0689635511099161,163,5.099866427824199
kmi,kmi_468,3.2,4.342592592592593,0.218201455026455,0.1715606942138585,1.0,129,139,0.1671223778998779,0.2350545634920635,0.1426266840622551,268,5.594711379601839
kmi,kmi_469,2.45,4.092592592592593,0.0100980634920635,0.1468763532669768,1.0,134,126,0.1144336182336182,-0.1209117777777777,0.1109434325271695,260,5.564520407322694
kmi,kmi_470,2.2166666666666663,4.0092592592592595,0.2673003637566137,0.1846080418061622,1.0,132,109,0.2139806111111111,0.1132953538359788,0.0905297307624455,241,5.488937726156687
kmi,kmi_481,2.283333333333333,3.8703703703703702,0.1185590048840048,0.0962081659920195,1.0,78,74,0.2183580769230769,0.0319436813186813,0.0651138958452871,152,5.030437921392435
kmi,kmi_484,2.766666666666667,4.398148148148148,0.1190106171039843,0.1024006739291173,1.0,256,219,0.2309660525321239,-0.0265720278587625,0.1000619130389888,475,6.16541785423142
kmi,kmi_498,2.766666666666667,4.111111111111112,0.1129332142857143,0.1410219784998439,1.0,110,112,0.1696410386808444,0.0721152976190476,0.0989912671608032,222,5.407171771460119
kmi,kmi_502,2.733333333333333,4.351851851851852,0.1306889087301587,0.1197613251994685,1.0,112,138,0.1913708256429186,0.0180357539682539,0.0945202498656763,250,5.5254529391317835
kmi,kmi_503,2.0500000000000003,3.7314814814814814,0.2811363095238095,0.1467894087245246,1.0,121,97,0.2045300189393939,0.0566809523809523,0.1231024560031894,218,5.389071729816501
kmi,kmi_51,2.9,4.046296296296297,0.02909477124183,0.1014658294526751,1.0,94,84,0.2919705396825396,0.0323186274509804,0.0997422298679005,178,5.187385805840755
kmi,kmi_518,2.583333333333333,4.129629629629629,0.3547064745196324,0.1689524310009961,1.0,106,94,0.0980398039215686,0.0840340434419382,0.1221496839352317,200,5.303304908059076
kmi,kmi_519,2.35,4.25,0.0615376543209876,0.0974949687380111,1.0,100,77,0.2366852882819794,0.1709933862433862,0.0941931203708126,177,5.181783550292085
kmi,kmi_528,3.0333333333333337,4.324074074074074,0.2700355406746031,0.1636188670003606,1.0,172,125,0.1666607998084291,0.1805595114087301,0.1060130644520579,297,5.697093486505405
kmi,kmi_537,2.7,4.37962962962963,0.040434588409007,0.1417254812780812,1.0,224,234,0.1732345026455027,-0.0196434477667035,0.1456811956048772,458,6.129050210060545
kmi,kmi_543,2.25,3.814814814814815,0.1379250425170068,0.1532765633942073,1.0,152,114,0.1431547959183673,0.0809072704081632,0.1099989067976133,266,5.58724865840025
kmi,kmi_546,2.35,4.064814814814815,0.079817730880231,0.0906340995493543,1.0,120,85,0.2059337092731829,-0.0146955266955266,0.0718908441958286,205,5.327876168789581
kmi,kmi_556,2.6166666666666667,4.074074074074074,-0.009133251633987,0.2101955712391776,0.0,179,180,0.1944431681054488,0.0697263655462184,0.0934803014899944,359,5.886104031450156
kmi,kmi_56,2.033333333333333,3.6296296296296298,-0.1263493764172335,0.1571364374543051,0.0,115,149,0.0731276927437641,-0.0460304988662131,0.0905528714660801,264,5.579729825986222
kmi,kmi_563,2.6833333333333336,4.333333333333333,0.1654861678004535,0.1213434329904817,1.0,116,108,0.2439942640692641,0.21068522297808,0.0725597902499721,224,5.41610040220442
kmi,kmi_564,2.4666666666666663,4.157407407407407,0.4487497198879552,0.2078515788985172,1.0,96,125,0.1289175355774493,0.2805583333333333,0.0849836681754314,221,5.402677381872279
kmi,kmi_565,2.4833333333333334,4.222222222222222,-0.0243651420217209,0.0742417903728047,0.0,107,101,0.1577835317460317,-0.0637621762740184,0.1157038771395587,208,5.342334251964811
kmi,kmi_566,3.2999999999999994,4.0092592592592595,0.0532179824561403,0.091375511734781,1.0,108,126,0.1743748202414869,-0.0048032581453634,0.0906350125419825,234,5.459585514144159
kmi,kmi_568,1.8,4.12037037037037,0.0878038748832866,0.1049324858652657,1.0,97,102,0.2215956263867554,-0.010127497665733,0.1024727563736374,199,5.298317366548036
kmi,kmi_57,2.0666666666666664,4.064814814814815,0.0609056689342403,0.105347771465997,1.0,79,116,0.1671372162883845,0.0780996598639455,0.0678955831018336,195,5.278114659230517
kmi,kmi_573,2.8000000000000003,4.305555555555556,-0.0156892416225749,0.1368727445589994,0.0,99,110,0.2126437568756875,-0.0778891534391534,0.122847061464111,209,5.3471075307174685
kmi,kmi_575,2.766666666666667,4.379629629629629,0.1505652661064425,0.2074452969686318,1.0,97,108,0.1794467813051146,0.0373860410830998,0.0709623389492686,205,5.327876168789581
kmi,kmi_576,2.6833333333333336,3.796296296296296,0.0510620039682539,0.1122371172203684,1.0,111,100,0.0670856009070294,0.1302790476190476,0.0899518814372326,211,5.356586274672012
kmi,kmi_577,2.6666666666666665,4.333333333333333,0.1608728291316526,0.1291039901632059,1.0,180,194,0.166202486057486,0.1116301704014939,0.0966450132650378,374,5.926926025970411
kmi,kmi_58,2.8666666666666667,4.0092592592592595,-0.0259357142857142,0.1349595019822043,0.0,111,143,0.1368712834636342,0.0094933333333333,0.0744582365355374,254,5.541263545158426
kmi,kmi_580,2.233333333333333,4.212962962962963,0.2678822751322751,0.1503535922057662,1.0,129,106,0.167543765341188,0.1417548776455026,0.1233611714920391,235,5.4638318050256105
kmi,kmi_585,2.45,3.9629629629629632,-0.0770277777777777,0.1560378546866174,0.0,71,93,0.1588669359410431,-0.0941111111111111,0.0930330335071274,164,5.10594547390058
kmi,kmi_587,2.866666666666667,3.824074074074074,0.0039219841269841,0.1422149318862931,1.0,135,154,0.2225812917350848,-0.0304913492063492,0.1086108946199837,289,5.66988092298052
kmi,kmi_60,2.95,3.990740740740741,0.4788421679197996,0.2034560671303747,1.0,106,110,0.2424455484834197,0.180944611528822,0.1066900256013526,216,5.37989735354046
kmi,kmi_603,2.8000000000000003,4.185185185185184,0.0414513457556935,0.1153286241531211,1.0,126,127,0.2683363868711326,-0.0259863699102829,0.1095186404220425,253,5.537334267018537
kmi,kmi_613,2.6833333333333336,4.361111111111111,0.1210357804232804,0.1218726341505389,1.0,132,127,0.1854582458972289,0.1333835152116402,0.0925714758193199,259,5.560681631015528
kmi,kmi_617,2.566666666666667,4.425925925925926,-0.0234673195084485,0.1572658908597885,0.0,165,151,0.1970770595797004,-0.0143052099334357,0.0883382146923576,316,5.75890177387728
kmi,kmi_624,2.266666666666667,4.055555555555555,-0.0364330200501253,0.1233113735364625,0.0,105,104,0.133225626566416,-0.0208281328320802,0.1094116075214989,209,5.3471075307174685
kmi,kmi_629,2.866666666666667,4.2407407407407405,-0.1551770451770451,0.1417146375832964,0.0,140,148,0.1972437136005481,-0.0641224664224664,0.0698302697465228,288,5.666426688112432
kmi,kmi_63,3.0333333333333337,4.0740740740740735,0.020724585921325,0.1196889628918254,1.0,125,165,0.2036555606430606,-0.0095551932367149,0.0786576689864818,290,5.673323267171493
kmi,kmi_630,2.833333333333333,4.018518518518519,0.1005862811791383,0.1056980886116865,1.0,117,178,0.1112638489715412,-0.0105759070294784,0.1092134992913464,295,5.69035945432406
kmi,kmi_636,2.5,3.9814814814814814,0.1192807936507936,0.1369180003041476,1.0,135,120,0.204524621049621,0.0419055555555555,0.0879741965441072,255,5.545177444479562
kmi,kmi_640,2.45,4.138888888888889,-0.0726857638888888,0.1238996319764972,0.0,89,116,0.1968372533748702,-0.2626855158730158,0.1008031614549367,205,5.327876168789581
kmi,kmi_641,2.866666666666667,3.805555555555556,0.0907058261183261,0.097692082956302,1.0,123,133,0.2219417242703533,-0.0248905122655122,0.0973105956964337,256,5.54907608489522
kmi,kmi_657,2.6666666666666665,4.212962962962963,-0.0743373897707231,0.1032064482951641,0.0,100,117,0.2182055849500294,0.0660541446208113,0.0599331213701666,217,5.384495062789089
kmi,kmi_665,2.766666666666667,3.8703703703703702,0.111611111111111,0.0974713930067424,1.0,177,104,0.2008960651629072,-0.0571368686868686,0.0905065219863003,281,5.641907070938114
kmi,kmi_668,2.6666666666666665,3.842592592592593,-0.0437099206349206,0.1278408311796786,0.0,185,166,0.0818461227378424,-0.1178922448979591,0.1118817915851855,351,5.863631175598097
kmi,kmi_669,2.9333333333333336,4.231481481481482,0.2231359126984127,0.1148594797955426,1.0,70,93,0.2296045871126228,0.0978244047619047,0.1051355900600926,163,5.099866427824199
kmi,kmi_676,2.9166666666666665,4.166666666666666,0.025217931547619,0.154177883468461,1.0,169,148,0.1501171919607171,0.0356903273809523,0.0887532318298358,317,5.762051382780177
kmi,kmi_688,2.8000000000000003,4.537037037037037,0.1777945468509984,0.1081376509354101,1.0,165,203,0.2641412125675012,0.1639905401945724,0.1109629765074214,368,5.910796644040527
kmi,kmi_693,2.6166666666666667,4.175925925925926,0.1872394024276377,0.1268472317815227,1.0,94,100,0.1733812314669457,0.171116573295985,0.1008305762718504,194,5.272999558563747
kmi,kmi_698,2.4333333333333336,4.0740740740740735,0.0627853174603175,0.1055243898233748,1.0,88,122,0.19260770824554,0.0297097883597883,0.1052423166578947,210,5.351858133476067
kmi,kmi_699,2.783333333333333,4.1759259259259265,-0.185937912087912,0.119725162084064,0.0,76,100,0.1677158468515611,0.0384468864468864,0.0826564532260334,176,5.176149732573829
kmi,kmi_7,2.8166666666666664,4.388888888888888,-0.1040354938271605,0.1208678294808141,0.0,147,120,0.1502081009581009,-0.1263083480305702,0.091067657328445,267,5.5909869805108565
kmi,kmi_703,2.233333333333333,3.7685185185185186,0.0195816468253968,0.0857828280414005,1.0,110,106,0.0835957535591556,0.0547246031746031,0.0770907153543701,216,5.37989735354046
kmi,kmi_709,2.483333333333333,3.7777777777777772,-0.0072069764464925,0.1409708806771385,0.0,167,168,0.2034093366277328,-0.0593055427547362,0.1105411835266284,335,5.817111159963204
kmi,kmi_71,3.15,3.9351851851851856,0.2774507747543462,0.1550959633707718,1.0,115,130,0.2146530303030302,0.2016275510204081,0.0829413616272223,245,5.5053315359323625
kmi,kmi_710,2.833333333333333,4.064814814814815,0.1704620927318295,0.1438293453346031,1.0,108,149,0.2485232596371882,0.0543287593984962,0.0650320984665912,257,5.552959584921617
kmi,kmi_712,3.266666666666667,4.148148148148148,-0.267842546583851,0.1404962862299445,0.0,124,113,0.1554572535103785,-0.2557606970324361,0.1037060652838395,237,5.472270673671475
kmi,kmi_72,2.35,4.222222222222222,-0.0207511316872427,0.1727591033812275,0.0,145,135,0.2459022203325774,-0.01195930335097,0.1234766770382928,280,5.638354669333745
kmi,kmi_720,2.833333333333333,4.203703703703703,-0.0377982664995823,0.1217930084654904,0.0,104,113,0.2185990384615384,-0.0035186925647451,0.0851813834735717,217,5.384495062789089
kmi,kmi_727,3.083333333333333,4.166666666666667,0.2953047619047619,0.1518450029769799,1.0,68,112,0.1965052627523501,0.1129090909090909,0.0972005439869959,180,5.198497031265826
kmi,kmi_731,2.533333333333333,4.018518518518519,-0.0066230612244898,0.1222520194480708,0.0,184,127,0.1986415725047081,-0.042926156462585,0.0704209054068924,311,5.7430031878094825
kmi,kmi_736,2.6166666666666667,4.361111111111112,0.0733624794745484,0.1590686883536073,1.0,154,153,0.1835300457451499,0.0159690886699507,0.1017386351356456,307,5.730099782973574
kmi,kmi_738,2.8666666666666667,4.333333333333333,0.0219836309523809,0.0831103452863041,1.0,73,94,0.1326273949579832,0.224360615079365,0.0907725302121359,167,5.123963979403259
kmi,kmi_742,2.5500000000000003,3.7592592592592595,0.0541853571428571,0.1072379042005567,1.0,111,113,0.1582599244505494,-0.0389467857142857,0.1093803372388147,224,5.41610040220442
kmi,kmi_744,3.0,4.305555555555555,-0.0193377149470899,0.1212344838190171,0.0,132,113,0.1766795177045177,-0.0087859623015873,0.0986142120861932,245,5.5053315359323625
kmi,kmi_750,2.95,4.1759259259259265,0.0654339743589744,0.1277855004574921,1.0,78,109,0.1214325079365079,0.0028572344322344,0.1249008406863347,187,5.236441962829949
kmi,kmi_753,2.516666666666666,3.8703703703703702,0.1737092592592592,0.1555278978030515,1.0,86,79,0.2388474489795918,0.0719933862433862,0.1121488127202949,165,5.111987788356544
kmi,kmi_761,2.6666666666666665,3.9444444444444446,0.0119236607142857,0.0778035982547605,1.0,93,99,0.311908139329806,0.0177721726190476,0.0619790524246134,192,5.262690188904886
kmi,kmi_765,2.716666666666667,4.175925925925926,0.2146761904761904,0.1029256841000398,1.0,85,104,0.2290938304093567,0.1788416666666666,0.070360090185335,189,5.247024072160486
kmi,kmi_775,2.3833333333333333,3.8703703703703702,0.0066491161616162,0.1254297753239368,1.0,120,113,0.1333836843711843,-0.0688622113997113,0.1056142712908962,233,5.455321115357702
kmi,kmi_778,2.8166666666666664,4.361111111111111,-0.0341024711399712,0.1054910649045719,0.0,232,189,0.224439336419753,-0.0612670274170273,0.0797267405737435,421,6.045005314036012
kmi,kmi_784,2.733333333333334,3.7129629629629632,-0.1099533950617284,0.1045936648271854,0.0,102,117,0.1878834692827748,-0.2090355379188712,0.1170958005002204,219,5.393627546352362
kmi,kmi_791,2.35,4.0740740740740735,0.0767089506172839,0.1259888891874844,1.0,100,134,0.2159759015873016,0.0206529982363315,0.0814941889213186,234,5.459585514144159
kmi,kmi_792,2.766666666666667,4.0,0.2096964663643234,0.1254208465622822,1.0,118,117,0.20862495223398,0.1705335034013606,0.1090238796107224,235,5.4638318050256105
kmi,kmi_795,2.3,4.12037037037037,0.1334284632034632,0.0866354294728649,1.0,121,101,0.2611448283298827,0.2468474386724386,0.1075617497945354,222,5.407171771460119
kmi,kmi_798,2.6166666666666667,3.694444444444444,-0.1564924189814814,0.1590564913049568,0.0,251,219,0.1189518518518518,-0.032662996031746,0.0971364063452854,470,6.154858094016418
kmi,kmi_8,2.15,4.203703703703703,0.1289990793650793,0.1557172643998744,1.0,134,140,0.1868225009087604,0.0934848253968254,0.1122369981756797,274,5.616771097666572
kmi,kmi_801,2.333333333333333,4.083333333333333,0.2049714285714285,0.1401281154272776,1.0,122,113,0.234893211996337,0.0794632575757575,0.1102634530127037,235,5.4638318050256105
kmi,kmi_814,2.95,4.351851851851852,0.1931643541324576,0.1398267011032461,1.0,154,152,0.2497701298701299,0.1255639846743295,0.0851533117774533,306,5.726847747587197
kmi,kmi_820,2.4166666666666665,4.166666666666667,-0.1357142857142857,0.1005153009287214,0.0,103,121,0.1704372767857143,-0.1156173941798942,0.0788832633227193,224,5.41610040220442
kmi,kmi_821,2.583333333333333,3.9351851851851856,-0.0950766817838246,0.1290612847382441,0.0,118,117,0.1564081496178718,0.0543508881330309,0.0969881288251599,235,5.4638318050256105
kmi,kmi_823,2.4,4.148148148148148,0.2294730902777778,0.1277325512581691,1.0,92,108,0.1749611071027737,0.0151695188492063,0.1245199094243186,200,5.303304908059076
kmi,kmi_826,2.3166666666666664,4.37037037037037,-0.0793844537815126,0.0699106193821952,0.0,96,125,0.2573761836343732,-0.1732311157796451,0.1242103069156155,221,5.402677381872279
kmi,kmi_834,2.466666666666667,3.75,0.0994681839402427,0.1190533660581879,1.0,95,98,0.1568851212769752,0.0707995564892623,0.0975823234723209,193,5.267858159063328
kmi,kmi_839,2.8000000000000003,3.9259259259259256,0.0415677308802309,0.1772525662564327,1.0,120,153,0.1166593501984126,-0.0139483585858585,0.1028719136510008,273,5.6131281063880705
kmi,kmi_848,3.116666666666667,4.2407407407407405,-0.0331890977443608,0.1273549536600966,0.0,106,117,0.2020846046443269,-0.0565778195488722,0.1053793840835356,223,5.4116460518550396
kmi,kmi_859,2.4000000000000004,3.981481481481481,0.1389569196428571,0.1003335736035795,1.0,92,81,0.1315711309523809,-0.0291735863095237,0.0886739513752454,173,5.159055299214529
kmi,kmi_865,2.5166666666666666,4.0555555555555545,0.1367903508771929,0.1534136100597414,1.0,106,139,0.1239526617826617,-0.0686633249791144,0.0984131727241918,245,5.5053315359323625
kmi,kmi_868,2.333333333333333,4.277777777777778,0.1366595403439153,0.099843234408424,1.0,133,112,0.1705480274310371,0.036330042989418,0.1253607824060445,245,5.5053315359323625
kmi,kmi_87,2.65,4.046296296296297,0.1724827380952381,0.1064042256157942,1.0,110,132,0.2304749483804362,0.1992045634920635,0.123597418689958,242,5.493061443340548
kmi,kmi_870,2.5666666666666664,4.212962962962963,0.0884325163398692,0.1190930610063143,1.0,97,112,0.2073190399137001,-0.0458017273576097,0.1010002996190874,209,5.3471075307174685
kmi,kmi_877,2.766666666666667,4.0740740740740735,0.0625455853174603,0.1193243338876806,1.0,92,87,0.1289867012617013,-0.0304436259920635,0.0943274118364165,179,5.19295685089021
kmi,kmi_878,2.766666666666667,4.037037037037037,0.127728144078144,0.1164476362964155,1.0,140,170,0.1853204549935916,0.0757521367521367,0.0924435440873188,310,5.739792912179234
kmi,kmi_88,2.466666666666667,3.888888888888889,0.0323035024154589,0.1528383747908505,1.0,128,132,0.1375814524454768,-0.0563832988267771,0.1072384020905529,260,5.564520407322694
kmi,kmi_881,3.0500000000000003,3.907407407407407,0.1767424136321195,0.1344666131869615,1.0,98,132,0.2073624758033294,0.1979900793650793,0.1001137938802276,230,5.442417710521793
kmi,kmi_882,2.7000000000000006,3.5648148148148144,-0.1226421497584541,0.1003699551327968,0.0,125,138,0.1597329303556047,-0.163321497584541,0.1113884433991695,263,5.575949103146316
kmi,kmi_893,2.483333333333333,4.185185185185185,0.1574424603174603,0.1332614749296868,1.0,135,111,0.1404442577030812,0.0051242222222222,0.0924143875044028,246,5.5093883366279774
kmi,kmi_898,2.6666666666666665,4.046296296296297,0.1336207897793263,0.122021968003879,1.0,218,219,0.2101770672713529,0.2227658343012001,0.112444591480807,437,6.082218910376446
kmi,kmi_9,2.7166666666666663,3.9351851851851856,0.0174635854341736,0.1006541260812032,1.0,94,106,0.1288397848142693,-0.0013879551820728,0.1070509521608506,200,5.303304908059076
kmi,kmi_900,1.9333333333333331,3.9907407407407405,0.1056002551020408,0.1157614581638045,1.0,81,113,0.1611358898046398,0.003387641723356,0.0984527178932137,194,5.272999558563747
kmi,kmi_902,2.266666666666667,4.018518518518518,0.0876767762660619,0.1390212729913144,1.0,114,112,0.1413518030513176,0.0503425925925926,0.1067247032785926,226,5.424950017481403
kmi,kmi_904,2.833333333333333,4.416666666666667,0.1289007763975155,0.1437524585443975,1.0,125,120,0.2089568139568139,0.0277645100069013,0.0817358431376839,245,5.5053315359323625
kmi,kmi_908,2.6833333333333336,4.194444444444444,-0.0279827097505669,0.1501500989855521,0.0,114,130,0.2361740292535747,0.0186624527588813,0.1014809837875019,244,5.501258210544727
kmi,kmi_916,2.4,3.8703703703703702,0.1584352130325814,0.1627329058714984,1.0,107,126,0.1089602123185456,0.1718110902255639,0.1223255034872283,233,5.455321115357702
kmi,kmi_920,2.6333333333333333,4.101851851851852,0.003826343101343,0.1106529725454879,1.0,142,169,0.1825057366071428,0.027476862026862,0.0781581799733429,311,5.7430031878094825
kmi,kmi_921,3.033333333333333,4.314814814814815,0.1767600907029478,0.1347961335173993,1.0,116,106,0.2668460522009491,0.1567764361300075,0.094461315908673,222,5.407171771460119
kmi,kmi_924,2.583333333333333,4.12037037037037,0.0757387721755368,0.1147832871634979,1.0,96,120,0.2020278135278135,0.0049955182072829,0.0981041105547561,216,5.37989735354046
kmi,kmi_932,2.3000000000000003,4.0092592592592595,0.0908041666666666,0.0755182233528223,1.0,100,103,0.1894844309354947,0.1572181216931216,0.1128444625509079,203,5.318119993844216
kmi,kmi_937,2.766666666666667,4.0,-0.0989935657596371,0.11440349373635,0.0,82,129,0.1982482903439154,-0.0300613945578231,0.1469895469131922,211,5.356586274672012
kmi,kmi_944,2.7833333333333337,3.8796296296296298,-0.1038404535147392,0.0856552806355897,0.0,187,216,0.1802864753469825,-0.0463540702947845,0.1053320358133236,403,6.0014148779611505
kmi,kmi_955,2.233333333333333,4.027777777777778,0.0544116984126984,0.112470314473591,1.0,136,130,0.1121702676111767,0.0020539682539682,0.0974690497937094,266,5.58724865840025
kmi,kmi_956,2.716666666666667,4.111111111111112,0.2907912698412698,0.1528737146154643,1.0,110,97,0.182730036976912,0.0337727182539682,0.1197529872515431,207,5.337538079701318
kmi,kmi_959,2.9166666666666665,4.194444444444445,0.0683305900621117,0.1172792839371691,1.0,124,175,0.2199292479441575,0.0021566770186335,0.1099256342730457,299,5.703782474656201
kmi,kmi_981,2.8000000000000003,4.314814814814815,0.2339884920634921,0.1292204742925263,1.0,93,118,0.1560848077763215,-0.0258123015873015,0.1080636561857566,211,5.356586274672012
kmi,kmi_982,2.816666666666667,3.9907407407407405,0.1441146164021164,0.1347079531748999,1.0,159,127,0.179267561205273,0.0011994576719576,0.104507461812949,286,5.659482215759621
kmi,kmi_985,2.9,4.148148148148148,0.2357343386243386,0.1280694002483831,1.0,85,124,0.1814593202208419,0.1788387830687831,0.1020778288734827,209,5.3471075307174685
kmi,kmi_986,2.783333333333333,4.388888888888888,0.2727372260015117,0.1280671582388996,1.0,223,251,0.2664531352485897,0.1772933201058201,0.1321567149950519,474,6.163314804034641
kmi,kmi_994,2.433333333333333,3.8703703703703702,0.0253534656084656,0.1752331527716267,1.0,86,80,0.0474533981667784,-0.0163680952380952,0.1184655294784959,166,5.117993812416755
kmi,kmi_997,2.533333333333333,4.25,0.09924266881894,0.1317941411194686,1.0,305,238,0.2680603209260414,0.0193265738498789,0.1001273705252663,543,6.298949246855942
kokorochat,kokorochat_1021,2.8166666666666664,4.138888888888888,0.0132476699226699,0.1253291188513464,1.0,400,585,0.1986247705853174,0.0717917124542124,0.1270548243750527,985,6.893656354602635
kokorochat,kokorochat_1044,2.8666666666666667,3.685185185185185,0.0264532173382173,0.1484590336574845,1.0,334,369,0.1707529034391534,0.005809010989011,0.1055661014306733,703,6.556778356158042
kokorochat,kokorochat_1048,2.9500000000000006,3.8518518518518516,0.0276643529728276,0.1150416348126183,1.0,307,420,0.1424288910130151,-0.0405195789615281,0.113824469045394,727,6.590301048196686
kokorochat,kokorochat_1049,2.8166666666666664,3.7222222222222228,-0.1712116681929182,0.1528708885452725,0.0,270,389,0.1687420488721804,-0.0328619734432234,0.1197920354318516,659,6.492239835020471
kokorochat,kokorochat_1053,2.3833333333333333,4.388888888888889,-0.0307414862914862,0.1137840660892933,0.0,229,479,0.1986221023302938,-0.1009712932900432,0.106410977159326,708,6.5638555265321274
kokorochat,kokorochat_1059,2.1666666666666665,3.75,-0.0559731373501781,0.1122391558815071,0.0,256,442,0.1529281443601305,-0.0511430353093618,0.108668125105236,698,6.54965074223381
kokorochat,kokorochat_1088,2.95,4.101851851851852,0.1722204184704184,0.144692325755017,1.0,396,466,0.134607621305269,0.093674974232117,0.1068562571714551,862,6.760414691083428
kokorochat,kokorochat_1097,2.15,3.9444444444444446,-0.0263050943800944,0.1513441124063151,0.0,382,571,0.1431653759249845,-0.01251324002574,0.1244755539574059,953,6.860663671448287
kokorochat,kokorochat_115,2.583333333333333,3.842592592592593,0.0422865853658536,0.1543960718313121,1.0,419,561,0.1644736980963883,0.0004262485481997,0.1103450021234181,980,6.8885724595653635
kokorochat,kokorochat_1462,3.2833333333333337,3.981481481481481,0.0404151680175616,0.1063084563878014,1.0,480,483,0.1855469894849641,0.0228033645727794,0.1050653043914023,963,6.871091294610546
kokorochat,kokorochat_1479,2.8000000000000003,3.7222222222222228,0.0845160235358511,0.1396495003250364,1.0,158,433,0.1635414036762503,0.0372129720853859,0.1252530800791261,591,6.3835066348840055
kokorochat,kokorochat_1514,3.233333333333333,4.101851851851851,0.1401556843497632,0.169779434764231,1.0,581,727,0.1822261622894282,0.0132046957671957,0.115329737822819,1308,7.1770187659099
kokorochat,kokorochat_1521,3.083333333333333,4.388888888888888,0.2106981804103755,0.1788804897518979,1.0,421,714,0.1792074924012158,0.1301835994967092,0.0983971623333122,1135,7.035268599281097
kokorochat,kokorochat_1526,3.1166666666666667,4.481481481481481,0.1908394091710758,0.1483486453440495,1.0,237,471,0.1579986437504295,0.0326547971781305,0.0650904617896358,708,6.5638555265321274
kokorochat,kokorochat_1536,2.583333333333333,4.037037037037037,0.079613137254902,0.1504043062531067,1.0,434,593,0.212733265383779,-0.037113664799253,0.1025247691044237,1027,6.93537044601511
kokorochat,kokorochat_1572,3.2,4.768518518518518,0.1328984798085901,0.1323592562861946,1.0,693,935,0.1977518289965374,0.03882216678338,0.1164810113872809,1628,7.395721608602045
kokorochat,kokorochat_1685,3.583333333333333,4.638888888888889,0.1239444331065759,0.1334635293192375,1.0,538,700,0.1633118748995015,0.0320239417989418,0.1020546984317669,1238,7.122059881629142
kokorochat,kokorochat_1697,3.25,4.2407407407407405,0.1677049557032115,0.167035402711772,1.0,657,1035,0.1562009495188588,-0.023434634551495,0.1099996130865273,1692,7.4342573821331355
kokorochat,kokorochat_1722,3.516666666666667,4.185185185185184,-0.0049473247726056,0.1171052530666889,0.0,455,712,0.1966202725281672,-0.0322062421972534,0.0888086063282209,1167,7.0630481633881725
kokorochat,kokorochat_1773,3.883333333333333,4.972222222222222,0.1541444491685563,0.168929828142159,1.0,433,745,0.2140149456521738,0.074390943877551,0.0908372377623071,1178,7.072421900537371
kokorochat,kokorochat_2020,3.3666666666666667,4.25,-0.0583113202488201,0.1648664592149778,0.0,379,697,0.1876514027316353,0.0401217932217932,0.1055601546723769,1076,6.981934677156389
kokorochat,kokorochat_2037,3.65,4.962962962962963,-0.0084107554200541,0.1243700468382353,0.0,829,893,0.1728133012820512,0.0312657036391792,0.1109683903734559,1722,7.45182223652793
kokorochat,kokorochat_2109,2.6,2.7037037037037037,-0.0401308625336927,0.123520690355472,0.0,274,526,0.1383619976359338,0.0308195193171608,0.1140894890886196,800,6.68586094706836
kokorochat,kokorochat_2126,4.1,4.75,0.0232544838570349,0.1440244469762319,1.0,746,768,0.1395170300311604,0.0167918772270813,0.1109526552821341,1514,7.323170717943469
kokorochat,kokorochat_2132,2.6,4.046296296296297,0.112150866537091,0.177929476133146,1.0,501,887,0.1757666296055248,0.0889250161969549,0.1120311970359551,1388,7.236339342754344
kokorochat,kokorochat_2207,2.0500000000000003,2.4074074074074074,0.004115226502586,0.1522196849594897,1.0,457,568,0.1533364277195672,0.0055288612448724,0.1169117330473835,1025,6.933423025730715
kokorochat,kokorochat_2347,3.1666666666666665,4.3240740740740735,0.0566704975579975,0.155120973590697,1.0,269,714,0.1876657159743329,0.0471733669108669,0.0930522552758818,983,6.891625897052253
kokorochat,kokorochat_2370,1.9833333333333327,3.435185185185185,0.0171735786435786,0.1193976906397136,1.0,285,715,0.2021227494491658,-0.0302233838383838,0.0848026767094075,1000,6.90875477931522
kokorochat,kokorochat_2382,2.6833333333333336,4.555555555555555,0.1128245192307692,0.1249793446043052,1.0,273,744,0.1863544789979484,0.003678579059829,0.1199316561837739,1017,6.925595197110468
kokorochat,kokorochat_2435,3.2000000000000006,4.37037037037037,0.1176832433862433,0.1439056405831429,1.0,384,704,0.1660807942217654,-0.048966164021164,0.1115555036501755,1088,6.9930151229329605
kokorochat,kokorochat_2452,2.566666666666667,3.6481481481481484,0.0432159772326439,0.1174371597142164,1.0,505,533,0.1768182161032351,-0.020113315696649,0.1073271070048509,1038,6.946013991099227
kokorochat,kokorochat_2466,3.0500000000000003,4.268518518518519,0.1072050235478806,0.1437477153615597,1.0,464,767,0.1749321323868158,0.0943931275074132,0.1222113738719484,1231,7.116394144093465
kokorochat,kokorochat_2491,3.5666666666666664,4.564814814814815,0.0317494669509594,0.1368844160390271,1.0,345,684,0.1953460670194003,-0.0416209310589907,0.084861118129296,1029,6.937314081223682
kokorochat,kokorochat_2636,2.3000000000000003,3.9537037037037037,0.1325401118917512,0.1432236451045032,1.0,316,481,0.1833899633440947,-0.0167757155867811,0.1181597346911146,797,6.682108597449809
kokorochat,kokorochat_2794,2.3000000000000003,2.638888888888889,0.2243956613756613,0.167249586653567,1.0,238,639,0.2230441880826404,0.1245501410934744,0.1279407604985665,877,6.777646593635117
kokorochat,kokorochat_2873,1.7666666666666666,3.2592592592592595,-0.0245404965404965,0.1260833569915496,0.0,204,919,0.1709389704343275,0.0574236874236874,0.097246290178479,1123,7.024649030453636
kokorochat,kokorochat_2931,3.333333333333333,4.416666666666667,0.1007078683662016,0.1351182770509709,1.0,508,570,0.1414836169821463,-0.0010797538880872,0.0954004584223779,1078,6.983789965258135
kokorochat,kokorochat_2944,2.6166666666666667,3.472222222222222,0.0451490196078431,0.1187002202915673,1.0,97,492,0.1123584861480824,0.0431431372549019,0.11041713023662,589,6.380122536899765
kokorochat,kokorochat_2956,2.15,3.342592592592593,0.0975603174603174,0.1752448973246486,1.0,536,458,0.1760540672393678,0.1074468707482993,0.0995353880628162,994,6.902742737158593
kokorochat,kokorochat_2991,3.266666666666667,4.138888888888889,0.0502685912698412,0.1208725160929643,1.0,312,732,0.1525636100682781,0.059446832010582,0.1267999157494635,1044,6.951772164398911
kokorochat,kokorochat_2995,3.1166666666666667,4.157407407407407,-0.0016085775335775,0.1414897965623336,0.0,403,590,0.2017354813813075,0.0023752238502238,0.1034463805939936,993,6.901737206656574
kokorochat,kokorochat_3005,2.9,4.351851851851852,0.0801084189231247,0.1417647620682559,1.0,265,706,0.2059621290792739,-0.0208291394335511,0.106757290573985,971,6.879355804460439
kokorochat,kokorochat_3012,2.733333333333333,4.2592592592592595,0.0461113474228643,0.1619037741185369,1.0,457,779,0.1814919227994228,0.0080810281790618,0.1112642711725779,1236,7.1204443723924875
kokorochat,kokorochat_3046,2.833333333333333,4.111111111111111,0.1221362023809524,0.1542746157979906,1.0,512,544,0.1469865917519656,0.1247726746031746,0.1394009915537263,1056,6.963189985870238
kokorochat,kokorochat_3099,2.9,3.972222222222222,0.0081112088796871,0.16256331552211,1.0,354,705,0.1419203276090129,0.0690510697032436,0.0925953312184357,1059,6.966024187106113
kokorochat,kokorochat_3123,2.7833333333333337,4.666666666666667,-0.003993885475337,0.110508784175173,0.0,476,976,0.1940629827973933,-0.082668646526711,0.0905181073843569,1452,7.2813856635702825
kokorochat,kokorochat_317,3.1666666666666665,4.1759259259259265,-0.0454220899470899,0.1212704364642366,0.0,552,800,0.1723590427026267,-0.0209803424456202,0.1067368684544833,1352,7.210079628170788
kokorochat,kokorochat_3208,2.2,4.046296296296297,0.1066907029478458,0.140715846566534,1.0,397,789,0.1897538553113553,-0.0312671665635951,0.1050283855909954,1186,7.079184394609668
kokorochat,kokorochat_3214,2.2,4.722222222222222,-0.0559189909297052,0.1223525017228295,0.0,325,615,0.2311282027607522,-0.0352358969513731,0.0871562956391565,940,6.846943139585379
kokorochat,kokorochat_3221,3.083333333333333,4.287037037037037,0.0188244964652526,0.1398734643027664,1.0,608,465,0.1787455139585073,-0.0597563025210084,0.119288801857233,1073,6.97914527506881
kokorochat,kokorochat_3295,3.1,4.092592592592593,-0.0328092155956232,0.113666291401477,0.0,525,687,0.1706487995739102,-0.1061240753582986,0.087215327589297,1212,7.10085190894405
kokorochat,kokorochat_3304,2.7833333333333337,3.6666666666666665,-0.0838799903799903,0.1481928952161347,0.0,176,506,0.196555915652646,0.0225434102934102,0.1143567345467904,682,6.52649485957079
kokorochat,kokorochat_3329,2.7166666666666663,4.351851851851852,0.0637128004535146,0.1052474783323085,1.0,185,525,0.211770620308847,-0.0041219387755101,0.1283819513929914,710,6.566672429803241
kokorochat,kokorochat_3360,2.966666666666667,4.287037037037037,0.1145345408163265,0.1641531409561667,1.0,359,485,0.1749740704615179,0.0643519047619047,0.1248200910508329,844,6.739336627357174
kokorochat,kokorochat_3369,2.6166666666666667,3.8888888888888893,0.1448891313932981,0.1380978020802132,1.0,730,477,0.196990031033781,0.1099921682098765,0.1193730782434277,1207,7.0967213784947605
kokorochat,kokorochat_3414,2.566666666666667,4.083333333333333,0.0664406084656084,0.082606003057972,1.0,103,367,0.1522682639443114,-0.1534719576719576,0.0978004941851651,470,6.154858094016418
kokorochat,kokorochat_3424,2.283333333333333,3.305555555555556,0.1523323611111111,0.1496405944056243,1.0,313,728,0.1654797221670309,0.0964321825396825,0.129974776544735,1041,6.948897222313312
kokorochat,kokorochat_3437,2.1333333333333333,2.6203703703703707,-0.017587976502937,0.1468268916287369,0.0,644,645,0.1737823793301387,0.0215030027496562,0.0975884139217954,1289,7.162397497355718
kokorochat,kokorochat_3456,3.5499999999999994,4.75,0.1309780147310723,0.1456110731319134,1.0,706,1084,0.1794051336286452,0.0775972307867991,0.0977995798876313,1790,7.490529402060711
kokorochat,kokorochat_3522,3.216666666666667,3.8518518518518516,-0.0774906336608717,0.1171239231814982,0.0,328,254,0.1822050696469064,-0.0086568342151675,0.128513263094094,582,6.368187186350492
kokorochat,kokorochat_3589,2.8000000000000003,3.990740740740741,-0.0908531165311653,0.1306648248704677,0.0,420,426,0.1041242729625823,-0.0141504403794037,0.0966898137964632,846,6.741700694652055
kokorochat,kokorochat_3608,2.466666666666667,4.083333333333333,0.0899358304297328,0.1466264628516377,1.0,832,659,0.1644600653235653,-0.0030426321138211,0.1197561657453583,1491,7.307872780763706
kokorochat,kokorochat_3615,2.533333333333333,3.944444444444444,0.119852587055494,0.1473605326331692,1.0,655,376,0.1550569082219627,0.005188445921004,0.1230037662871344,1031,6.939253946041508
kokorochat,kokorochat_3649,2.75,3.907407407407407,0.0429766223155929,0.1326538685007967,1.0,523,775,0.151733623440673,-0.0480779489573607,0.1250794476561062,1298,7.1693500166706
kokorochat,kokorochat_3686,2.4166666666666665,2.3703703703703707,0.0424778897028896,0.1714857280988614,1.0,207,608,0.0762462463894851,-0.0288770858770858,0.1034623882121253,815,6.704414354964107
kokorochat,kokorochat_3733,2.283333333333333,3.5,-0.0584999735449735,0.148633509683178,0.0,387,271,0.1134994608021325,-0.0931975608465608,0.1013485631800611,658,6.490723534502507
kokorochat,kokorochat_3744,3.4666666666666663,4.138888888888888,0.0196357969576719,0.1527295582215235,1.0,252,772,0.2065535703884,0.0274718336640211,0.0980079404026087,1024,6.932447891572509
kokorochat,kokorochat_3789,3.483333333333333,4.5740740740740735,0.0371829618372172,0.1594596193916356,1.0,480,690,0.1666771123231475,0.0237562478892266,0.1072479840923902,1170,7.065613363597717
kokorochat,kokorochat_3795,3.466666666666667,4.472222222222222,0.0937358255170755,0.1224071838743059,1.0,673,1029,0.1553047685185185,0.0728914592352092,0.1178115939484707,1702,7.440146680662688
kokorochat,kokorochat_3796,2.983333333333333,4.027777777777778,0.0277965572715572,0.1319094692119349,1.0,565,736,0.1885321559572935,0.0407698627198627,0.1130667503231349,1301,7.171656822768514
kokorochat,kokorochat_3803,3.266666666666667,3.888888888888889,0.0212932319223985,0.1340831765711572,1.0,372,545,0.1658214581852641,0.0446576278659612,0.119624923269513,917,6.822197390620491
kokorochat,kokorochat_3811,2.333333333333333,3.1944444444444446,0.0647591102168566,0.1506065949156932,1.0,366,367,0.1983604770772368,-0.0415829420970265,0.1170987744146137,733,6.598509028614515
kokorochat,kokorochat_3887,3.0500000000000003,4.472222222222222,-0.08168620330287,0.132162663751588,0.0,505,835,0.2168699565701987,-0.0255574875741542,0.1194023065160357,1340,7.201170883281678
kokorochat,kokorochat_3896,2.7,4.712962962962963,0.179437702726018,0.1507190250137592,1.0,471,708,0.1717203005427254,0.0378369694616977,0.1149312951584776,1179,7.07326971745971
kokorochat,kokorochat_3919,3.0499999999999994,4.513888888888889,-0.026300505050505,0.1226442754145576,0.0,673,582,0.2122476827612953,0.0520817881192881,0.10142164195255,1255,7.135687347028144
kokorochat,kokorochat_3985,2.566666666666667,2.9629629629629632,0.0573113844797178,0.1307577852258394,1.0,459,563,0.16830746447195,0.0208800705467372,0.0828321368125745,1022,6.930494765951626
kokorochat,kokorochat_3993,2.733333333333333,4.1759259259259265,-0.0122539411976911,0.1459536460602759,0.0,450,708,0.1778974532779254,0.009845946067821,0.1179219788622616,1158,7.055312843339752
kokorochat,kokorochat_4026,2.3833333333333333,4.361111111111111,0.1739780673530673,0.1624956849427453,1.0,383,803,0.1839519706329215,-0.000550874088374,0.1089310325849284,1186,7.079184394609668
kokorochat,kokorochat_4089,3.6166666666666663,4.462962962962963,-0.0500116402116401,0.1438273863844666,0.0,568,892,0.1800155849467004,-0.04036223008723,0.1063560085178988,1460,7.2868764117507
kokorochat,kokorochat_4092,3.7,4.861111111111111,0.0743586061507936,0.1481667746365527,1.0,489,884,0.2078729437641723,0.0278041832010581,0.1203306157724769,1373,7.2254814727822945
kokorochat,kokorochat_4099,2.733333333333333,4.166666666666667,-0.0019707579672695,0.1370841733671623,0.0,658,480,0.2002881028207461,-0.0489028116156023,0.10052291874375,1138,7.037905963447182
kokorochat,kokorochat_4148,3.0500000000000003,4.462962962962963,0.1084525554187192,0.1241760777311791,1.0,591,517,0.2026450279652543,0.0339841064586754,0.1272615509075437,1108,7.011213987350367
kokorochat,kokorochat_4160,3.65,4.462962962962963,0.1669482195071011,0.1776423833892866,1.0,390,769,0.1375362040517961,-0.0024459482038429,0.1481717206359658,1159,7.05617528410041
kokorochat,kokorochat_4176,3.65,4.12962962962963,0.0327668287502794,0.160767177351037,1.0,365,866,0.1739730936637588,-0.0551799183992845,0.0932792964478734,1231,7.116394144093465
kokorochat,kokorochat_4199,3.083333333333333,4.4259259259259265,0.0214195049361208,0.1138081542430134,1.0,833,592,0.1893787953660595,0.0407743660472318,0.1129929697598952,1425,7.262628600974241
kokorochat,kokorochat_4282,3.1,4.314814814814816,-0.0427193849206349,0.1173182535918154,0.0,611,566,0.2203476311589866,-0.0439944543650793,0.1099091059658134,1177,7.071573364211532
kokorochat,kokorochat_4367,3.9,4.805555555555556,-0.0183551369047618,0.1404827451633385,0.0,1010,597,0.1503294048968793,-0.0097792083333333,0.1044862761754311,1607,7.382746449738912
kokorochat,kokorochat_4395,2.9333333333333336,4.194444444444445,0.0946263196751568,0.1306189725739528,1.0,227,760,0.1708742591888064,-0.0790181247692875,0.1041953663766862,987,6.895682697747868
kokorochat,kokorochat_4397,2.65,4.268518518518518,0.0530139194139194,0.1327452819675521,1.0,139,563,0.1754055577044295,-0.0563857600732601,0.1148745838161809,702,6.555356891810665
kokorochat,kokorochat_4406,3.7,4.2407407407407405,-0.0791196696696697,0.1484179855591616,0.0,568,602,0.1404088747022136,-0.1179067567567567,0.1284304002821456,1170,7.065613363597717
kokorochat,kokorochat_4442,3.15,4.268518518518518,0.0767989044168391,0.149665308300554,1.0,472,463,0.2338517822180267,0.0533918909592822,0.1113383686600255,935,6.841615476477592
kokorochat,kokorochat_4473,3.4500000000000006,4.398148148148148,0.1107804543245869,0.1247883121200126,1.0,501,678,0.1734243243884499,0.0476756438289601,0.0962376019295631,1179,7.07326971745971
kokorochat,kokorochat_4482,2.466666666666667,3.7129629629629632,0.0553525628306877,0.1008495449117854,1.0,371,382,0.198569709349334,-0.0214900518077601,0.1066796666025307,753,6.625392368007956
kokorochat,kokorochat_4484,3.4,3.5,-0.0201302210884354,0.1237486779844251,0.0,362,294,0.1320023405736563,0.0092880612244898,0.1007041005863061,656,6.48768401848461
kokorochat,kokorochat_4486,2.5,3.185185185185185,-0.1022740855762594,0.143607293750951,0.0,243,426,0.1534039596893913,0.0056929692891649,0.1066029556232364,669,6.507277712385012
kokorochat,kokorochat_4496,2.9,3.435185185185185,-0.0938842958459979,0.1103584805696774,0.0,245,447,0.1616675880626223,-0.0421953985140155,0.1164393503369094,692,6.541029999189903
kokorochat,kokorochat_4512,3.1166666666666667,4.222222222222222,-0.0535752129307007,0.1126936956012825,0.0,421,757,0.1641586983278159,0.0478479674796748,0.1078034719763912,1178,7.072421900537371
kokorochat,kokorochat_452,3.216666666666667,4.203703703703703,0.0067024970963995,0.1233970737302053,1.0,419,902,0.1801267832702323,0.0315016308555942,0.1007459634496198,1321,7.186901020411631
kokorochat,kokorochat_4527,3.2000000000000006,4.231481481481481,0.138184481292517,0.1498184734905482,1.0,573,827,0.1676351093452866,0.1065348143424036,0.0973155308764419,1400,7.244941546337007
kokorochat,kokorochat_4532,2.7166666666666663,3.8333333333333335,0.1182929339477726,0.143760970094145,1.0,321,375,0.1953021716974586,0.0054306579621095,0.0959479923659542,696,6.546785410760524
kokorochat,kokorochat_4567,3.216666666666667,4.027777777777778,0.0405395116843033,0.139940500292113,1.0,373,749,0.1435370168382668,-0.0938771770282186,0.1204286564566062,1122,7.023758954738443
kokorochat,kokorochat_4570,1.9333333333333336,4.175925925925926,0.0055989658489658,0.1471680968216973,1.0,673,620,0.1697244011898267,-0.0208522907647907,0.1104296392737606,1293,7.165493475060845
kokorochat,kokorochat_4587,3.116666666666667,4.0,-0.0418475863197512,0.145993536988393,0.0,496,614,0.1859095998950544,-0.0295265668466699,0.105829990461865,1110,7.01301578963963
kokorochat,kokorochat_4595,2.8166666666666664,3.925925925925926,0.0625589285714286,0.1618551439120725,1.0,492,827,0.1476956140606201,-0.0126161830357142,0.1096261968927878,1319,7.1853870155804165
kokorochat,kokorochat_4614,3.9500000000000006,4.2407407407407405,-0.0052304912054912,0.1386504595392968,0.0,382,815,0.1533533533223049,0.0650492706992707,0.1068002268075081,1197,7.088408778675395
kokorochat,kokorochat_4626,3.1166666666666667,4.444444444444444,0.0189518184196755,0.1359923702463917,1.0,465,754,0.2056879221263449,0.0552419021454735,0.1038515671831008,1219,7.106606137727303
kokorochat,kokorochat_4635,2.6500000000000004,4.111111111111112,0.0878572114442484,0.1444919443957239,1.0,416,448,0.1306962730954188,-0.0349389280815206,0.0955767825921232,864,6.762729506931879
kokorochat,kokorochat_4644,2.7833333333333337,3.7870370370370368,0.028101071043304,0.1111897134302693,1.0,525,797,0.2145422790266699,0.0377807713052858,0.1135638231701084,1322,7.187657164114956
kokorochat,kokorochat_4652,3.1166666666666667,4.268518518518518,0.0786587983004649,0.1172879372765485,1.0,507,923,0.1583200366433955,0.0123566137566137,0.1181717730445154,1430,7.266128779556451
kokorochat,kokorochat_4728,2.266666666666667,4.444444444444444,0.1081325602968459,0.1492801385311567,1.0,395,532,0.1819254689064918,0.0583278396206967,0.1068966792913295,927,6.833031732786201
kokorochat,kokorochat_4766,3.283333333333333,4.296296296296297,0.0036567705776468,0.1097934302595693,1.0,496,673,0.2183413230302161,0.0416784405171003,0.1021185714870442,1169,7.064759027791802
kokorochat,kokorochat_4778,2.7,4.342592592592593,0.1926886379551821,0.1263048204420209,1.0,351,364,0.153809067739772,-0.0467924311391223,0.1233113070649655,715,6.573680166960646
kokorochat,kokorochat_4782,2.2666666666666666,3.888888888888889,0.0481289907157831,0.1233088364892785,1.0,276,338,0.1998709907367202,0.1140834980533093,0.0902643910975758,614,6.421622267806518
kokorochat,kokorochat_4803,2.9500000000000006,4.12962962962963,0.0660423992673992,0.1269161791733934,1.0,597,382,0.1761126899016979,0.0610106701940035,0.1266602398832015,979,6.887552571664617
kokorochat,kokorochat_4808,1.7,1.3703703703703705,0.0354039321789322,0.1355740959601831,1.0,231,547,0.1526949194547707,-0.0742504419191919,0.1093941264172841,778,6.658011045870748
kokorochat,kokorochat_4838,3.6833333333333336,4.268518518518518,0.0731267684610075,0.1456320595711137,1.0,473,561,0.1154258597883597,0.0418537051414768,0.1211478968524476,1034,6.942156705699469
kokorochat,kokorochat_4841,3.1833333333333336,4.416666666666667,-0.001751860525631,0.1354365314345221,0.0,621,596,0.1637705024201617,-0.0214038966952901,0.1162693888779259,1217,7.1049654482698426
kokorochat,kokorochat_4848,2.583333333333333,4.5740740740740735,-0.0001246642246642,0.1407496335453996,0.0,1374,1017,0.1576050126763668,0.0173198674341531,0.1126358927964924,2391,7.779885115070522
kokorochat,kokorochat_4915,3.733333333333333,5.0,-0.0541022918691286,0.1291076714762914,0.0,747,1014,0.2081798006001737,-0.086539396393478,0.1135270222827602,1761,7.474204806496124
kokorochat,kokorochat_4946,1.7,3.5185185185185186,0.0813160082972583,0.164601493777384,1.0,230,385,0.1799832858409321,0.0458142496392496,0.1066372501351046,615,6.423246963533519
kokorochat,kokorochat_4977,3.0083333333333333,4.657407407407407,0.0241962891906073,0.1370903998389182,1.0,1222,927,0.1837311551163675,0.0196469434605798,0.0994767664409629,2149,7.673223121121708
kokorochat,kokorochat_4984,2.8833333333333333,4.398148148148149,0.0318635300207039,0.1476729831948728,1.0,588,557,0.1682305816243772,-0.0116210317460317,0.1292083500299446,1145,7.044032897274685
kokorochat,kokorochat_5052,2.0666666666666664,3.75,-0.0321327017661524,0.1611718050849589,0.0,366,491,0.1396660327339788,-0.1251232059020791,0.1198698766285415,857,6.754604099487962
kokorochat,kokorochat_5067,3.366666666666667,4.0092592592592595,0.2165489108409321,0.1423222339405024,1.0,247,595,0.1789780479711794,0.0519133485309017,0.085434849004995,842,6.736966958001855
kokorochat,kokorochat_5084,3.0499999999999994,4.305555555555556,0.0849203823953823,0.1225019642732809,1.0,451,832,0.1574509281760497,0.0114976551226551,0.1188415799620035,1283,7.157735484249907
kokorochat,kokorochat_5119,1.75,3.4814814814814814,0.1189104129923574,0.1707580039866494,1.0,280,464,0.1364445691609977,0.1063058054085832,0.1166871208759064,744,6.61338421837956
kokorochat,kokorochat_5184,3.25,4.342592592592593,0.0902893384176587,0.1422742394874464,1.0,652,1039,0.1463838850362151,0.0261877511160714,0.1200893956517836,1691,7.433666540166168
kokorochat,kokorochat_5336,2.3666666666666667,2.4537037037037037,0.1459967944753659,0.123973827906439,1.0,397,548,0.16181965794976,0.0267623015873015,0.1069475111802499,945,6.852242569051878
kokorochat,kokorochat_5386,1.9833333333333332,3.194444444444444,-4.14502164502728e-05,0.1228256466268508,0.0,122,422,0.2335127166685883,-0.1884213203463204,0.0734403636964722,544,6.300785794663244
kokorochat,kokorochat_5399,2.6,3.972222222222222,0.0424856620718462,0.1253843046077906,1.0,390,718,0.1430836512414086,0.0676192512531328,0.1365461139894367,1108,7.011213987350367
kokorochat,kokorochat_5456,2.6833333333333336,4.0092592592592595,0.2838135304659497,0.1561179487992303,1.0,320,677,0.1786551432848588,0.0565070084485407,0.134769125329921,997,6.905753276311464
kokorochat,kokorochat_5476,2.0,3.3981481481481484,0.0103273046398046,0.117049203107271,1.0,400,281,0.193983935866013,-0.0034004171754171,0.1119287155697668,681,6.525029657843462
kokorochat,kokorochat_5492,3.0333333333333337,3.777777777777778,0.0426066686024002,0.1238541858181312,1.0,420,356,0.1565106067883445,0.0008638598528842,0.1195759206791006,776,6.655440350367647
kokorochat,kokorochat_5494,2.9333333333333336,4.055555555555556,0.0720321273561507,0.1391308469675361,1.0,649,784,0.1820444162826421,0.0842418588789682,0.1092541286588931,1433,7.2682230211595655
kokorochat,kokorochat_5521,2.9,3.3703703703703702,-0.0502582900432901,0.1241794327915449,0.0,288,752,0.1738418343694588,-0.0264534199134199,0.1085248702732244,1040,6.947937068614969
kokorochat,kokorochat_5561,3.1666666666666665,3.944444444444444,-0.0160138888888889,0.1182593972567653,0.0,268,764,0.173387382003574,0.1269901805166511,0.1114135025726178,1032,6.940222469119639
kokorochat,kokorochat_5619,2.7833333333333337,3.6203703703703702,0.0268146763068229,0.1078447991478386,1.0,964,618,0.1651463842625172,-0.0132350141278151,0.1134933288225719,1582,7.367077059881012
kokorochat,kokorochat_5643,3.5,4.222222222222222,0.0725415961199294,0.1116049818284788,1.0,459,843,0.1985484355372844,0.1055125925925925,0.1134371828175035,1302,7.172424577124845
kokorochat,kokorochat_565,2.766666666666667,4.583333333333333,0.0190708304853041,0.1188081859420645,1.0,1058,1127,0.1739699938949939,-0.0024440153413837,0.114316490991519,2185,7.689828668736484
kokorochat,kokorochat_5655,2.766666666666667,3.824074074074074,0.0038652808302808,0.1282700402833461,1.0,334,422,0.1852526672816019,0.0123926556776556,0.1070604985005132,756,6.6293632534374485
kokorochat,kokorochat_5670,2.483333333333333,3.9537037037037037,0.0776412001696352,0.1299830808227772,1.0,668,588,0.1313455204649505,0.0303317066521265,0.1044620077267822,1256,7.136483208590247
kokorochat,kokorochat_5681,3.016666666666667,4.12037037037037,0.1249909963534963,0.1462009538567927,1.0,379,565,0.146422882408359,0.0193920581295581,0.1143529694616777,944,6.851184927493743
kokorochat,kokorochat_5687,3.216666666666667,3.972222222222222,0.0403571841931217,0.1187252725777615,1.0,250,486,0.1656752853482413,0.0595560267857142,0.0995526402593608,736,6.602587892189336
kokorochat,kokorochat_5702,2.9333333333333336,4.037037037037037,0.1313723744292237,0.1554494146510575,1.0,378,671,0.1429189613005323,0.0417906555772994,0.1180533957216413,1049,6.956545443151569
kokorochat,kokorochat_5782,3.083333333333333,4.212962962962963,0.088423617123617,0.1466444916544533,1.0,343,662,0.1700350768127567,0.0021815897065897,0.1063952685191786,1005,6.913737350659685
kokorochat,kokorochat_5815,3.966666666666667,4.12037037037037,0.0215468365750055,0.1270975464310919,1.0,364,557,0.2150138852682192,0.064147037782249,0.1025111624717454,921,6.826545223556594
kokorochat,kokorochat_584,2.1,3.574074074074074,-0.0767721896064361,0.1322146407450642,0.0,375,352,0.1363835068721366,-0.1049155686018699,0.1077387875441498,727,6.590301048196686
kokorochat,kokorochat_5841,2.6333333333333333,3.9629629629629632,0.0638237327188939,0.1436525324459652,1.0,321,411,0.1633273246860933,0.0394588453661034,0.1025864980924552,732,6.597145701886651
kokorochat,kokorochat_5851,2.433333333333333,3.2314814814814814,-0.0541018389469608,0.1120123779541095,0.0,217,230,0.1869873303167421,-0.0068517808749515,0.104564082256787,447,6.104793232414985
kokorochat,kokorochat_5906,2.8166666666666664,4.0,0.2680415532879819,0.1913289260480377,1.0,397,450,0.1524608888528956,0.0901754535147392,0.0799490513599703,847,6.742880635791903
kokorochat,kokorochat_592,3.1833333333333336,4.481481481481482,0.0158502158730158,0.1266363036697355,1.0,634,992,0.1872883063669686,0.0080477047619048,0.1261393804203163,1626,7.394493107219038
kokorochat,kokorochat_5940,2.8166666666666664,4.453703703703703,0.1411530478395062,0.1556799944926359,1.0,372,884,0.1571644394557823,0.0206545524691358,0.1107946720623214,1256,7.136483208590247
kokorochat,kokorochat_5960,2.9333333333333336,4.083333333333333,0.0267378968253969,0.1347581553115026,1.0,443,686,0.2237725381585426,0.072554272794389,0.1243927982574495,1129,7.029972911706386
kokorochat,kokorochat_5982,2.4833333333333334,3.8981481481481484,-0.0423603982300884,0.1438299487223978,0.0,575,411,0.1881576867645897,-0.0345544879898862,0.1200796039866774,986,6.894670039433482
kokorochat,kokorochat_5992,2.466666666666667,4.37962962962963,0.1663304195011338,0.1419488967410155,1.0,361,644,0.1784693619547556,0.0611373639455782,0.1032269871890253,1005,6.913737350659685
kokorochat,kokorochat_6015,3.483333333333333,4.314814814814815,0.0407360651023694,0.1504473753955167,1.0,358,717,0.1829922680701282,-0.0009122440763744,0.1217681547656685,1075,6.98100574072173
kokorochat,kokorochat_6025,3.0333333333333337,4.296296296296296,0.0167324851190475,0.148027009766187,1.0,812,572,0.1888706060221602,-0.042036056547619,0.0960402724217176,1384,7.233455418621439
kokorochat,kokorochat_6118,3.816666666666667,4.7592592592592595,0.1018131305114638,0.1406394176971389,1.0,910,786,0.1781181400788543,0.0130165057319224,0.1159170713161919,1696,7.436617265234227
kokorochat,kokorochat_6138,2.6,3.7962962962962963,0.0699111922799423,0.1455275566643686,1.0,230,281,0.1586119529061624,-0.0866637355699855,0.1339389001244808,511,6.238324625039508
kokorochat,kokorochat_6192,2.283333333333333,4.314814814814814,0.0191586668967103,0.1240319631290961,1.0,357,479,0.2140466666666666,0.0321519093627789,0.1053603604801821,836,6.729824070489475
kokorochat,kokorochat_6207,3.0500000000000003,4.12037037037037,0.1802018164542811,0.1550202402956405,1.0,367,624,0.1613822118983094,0.1101899675832774,0.132304615475118,991,6.899723107284872
kokorochat,kokorochat_6232,2.45,1.8981481481481481,-0.0690978004535147,0.127127944422038,0.0,187,836,0.1408489251645841,-0.0232416439909297,0.1044508967268822,1023,6.931471805599453
kokorochat,kokorochat_6243,3.083333333333333,4.0,-0.029205821199003,0.153494638542871,0.0,615,548,0.1940198655652737,-0.0462729929161747,0.1100517673712452,1163,7.059617628291383
kokorochat,kokorochat_6249,3.75,4.5,0.002807072135785,0.1274561919367981,1.0,515,874,0.1731633911368015,-0.0085124273141599,0.1091629557142082,1389,7.237059026124737
kokorochat,kokorochat_6250,3.516666666666667,4.472222222222222,0.069654188712522,0.1179620787345632,1.0,415,1011,0.1797815991033805,0.0312643885949441,0.1053074625039203,1426,7.2633296174768365
kokorochat,kokorochat_6258,3.083333333333333,4.694444444444445,-0.0134172453703703,0.1362534041590468,0.0,1451,640,0.1803965335949488,0.0293313850308641,0.1058271549273442,2091,7.645875825184813
kokorochat,kokorochat_6272,3.5666666666666664,4.388888888888889,0.075279984882842,0.1298193094046552,1.0,537,924,0.2184656583398386,0.1156628684807256,0.1233311805759698,1461,7.2875606403097235
kokorochat,kokorochat_6276,3.133333333333333,4.12037037037037,0.0048547797619047,0.1234147631529527,1.0,1013,763,0.1435879094564439,0.0100262043650793,0.1086724808214906,1776,7.482681828154651
kokorochat,kokorochat_6291,3.333333333333333,4.092592592592593,-0.0548651537698412,0.135709610027148,0.0,332,828,0.1396254990600228,-0.0082733134920634,0.1408211933316399,1160,7.057036981697891
kokorochat,kokorochat_6315,2.833333333333333,3.981481481481481,0.0374756132756132,0.1231245924206228,1.0,398,701,0.206153743462703,0.0198811585240156,0.1191406586681466,1099,7.003065458786462
kokorochat,kokorochat_6346,2.416666666666667,3.5462962962962963,0.0015712792707842,0.1366950845940481,1.0,516,605,0.1959587994034302,-0.0104915409398082,0.0956369809249826,1121,7.022868086082641
kokorochat,kokorochat_6368,3.8666666666666663,4.435185185185185,0.0596012481962481,0.1075106008775224,1.0,560,788,0.1756948417792448,0.053408961038961,0.0931462989855516,1348,7.207118856207756
kokorochat,kokorochat_6380,2.466666666666667,4.0092592592592595,0.1583646864301275,0.1573474436076202,1.0,522,578,0.1612752552514854,0.1234399042950513,0.1070399172029894,1100,7.00397413672268
kokorochat,kokorochat_6387,3.3666666666666667,3.935185185185185,0.1149155299973096,0.1287320609248924,1.0,308,560,0.1383546963673551,0.0743531275221953,0.1235386932243532,868,6.767343125265392
kokorochat,kokorochat_6442,2.6666666666666665,3.981481481481481,0.0561048918992884,0.1239677771091221,1.0,299,483,0.1675831566874288,-0.0578907156540777,0.0932226378442399,782,6.663132695990803
kokorochat,kokorochat_6512,3.266666666666667,3.4814814814814814,0.0063530509173365,0.1411514475362439,1.0,394,673,0.1549524365318416,-0.0128503092145949,0.1053953182724638,1067,6.97354301952014
kokorochat,kokorochat_6537,3.016666666666667,4.222222222222221,0.014032738095238,0.1717591064396198,1.0,419,608,0.1817773180168005,-0.0680472270615563,0.1123190840355104,1027,6.93537044601511
kokorochat,kokorochat_6551,3.6,4.833333333333333,0.057415813720124,0.1194519247564009,1.0,882,662,0.1663614040205158,0.0204033023170954,0.0995016790654583,1544,7.3427791893318455
kokorochat,kokorochat_6560,3.633333333333333,4.194444444444444,-0.021676984126984,0.1093327605391492,0.0,419,719,0.2228854409792086,-0.022376664730933,0.1072395486659895,1138,7.037905963447182
kokorochat,kokorochat_6577,2.5166666666666666,3.7129629629629632,0.0659197683835439,0.119478864596983,1.0,256,654,0.1871156343054017,0.0232119695497246,0.1097017154771496,910,6.814542897259958
kokorochat,kokorochat_6586,3.6166666666666663,4.361111111111112,0.0734145434462445,0.1307180678476887,1.0,495,848,0.1688845588096184,0.0087065619374897,0.1044895454608819,1343,7.203405521083095
kokorochat,kokorochat_6623,2.65,4.0,0.1060377407921096,0.1453778602778082,1.0,524,775,0.1533775892080069,0.0435121551856988,0.1039955107120367,1299,7.170119543449628
kokorochat,kokorochat_6638,2.7999999999999994,4.138888888888888,0.0045972653554176,0.1337027594678809,1.0,243,938,0.1315798844977531,-0.0259342995169081,0.0994754584289567,1181,7.074963197966044
kokorochat,kokorochat_664,1.9,3.2314814814814814,-0.0822847158218126,0.127243764427753,0.0,319,444,0.1447424502827951,-0.0809474718381976,0.1050465742706243,763,6.638567789166521
kokorochat,kokorochat_6645,2.9166666666666665,4.5,0.2012364935934213,0.1473648349988249,1.0,842,667,0.1687741140782554,0.0180706755593803,0.1065490012866527,1509,7.31986492980897
kokorochat,kokorochat_6663,3.1666666666666665,4.12037037037037,0.015603762755102,0.1055202846554698,1.0,290,516,0.1584547947778717,0.0005705144557823,0.1062022537113651,806,6.693323668269949
kokorochat,kokorochat_6719,4.016666666666667,4.175925925925926,-0.0311110410830999,0.1261945810154683,0.0,268,570,0.199368589961237,-0.0015829365079365,0.1067493929402864,838,6.732210706467206
kokorochat,kokorochat_6759,3.1666666666666665,4.092592592592592,0.0445589657738095,0.1501820758282892,1.0,330,683,0.1590067801799256,0.0458644655257936,0.0981622336169335,1013,6.921658184151129
kokorochat,kokorochat_6800,3.083333333333333,4.185185185185185,0.0529370580808081,0.0886262654649928,1.0,230,920,0.1828854951823393,0.0360172619047619,0.0702514643911879,1150,7.048386408721883
kokorochat,kokorochat_6839,2.7,4.0740740740740735,0.0596077846364883,0.1432824502415311,1.0,821,687,0.1739696352483963,0.0553745958259847,0.1180789032826437,1508,7.319202458767849
kokorochat,kokorochat_6868,2.6333333333333333,4.203703703703703,0.0084557135833684,0.1316904786445453,1.0,575,762,0.1545291490124159,0.0135015592077539,0.1136979839937977,1337,7.198931240688173
kokorochat,kokorochat_6900,3.083333333333333,4.898148148148148,0.0789407131437706,0.1245652415572603,1.0,707,1140,0.2064044054285433,0.0167142800045677,0.123185833908837,1847,7.521859252201629
kokorochat,kokorochat_6923,3.283333333333333,4.361111111111111,0.0249206953892668,0.1265468313742035,1.0,537,668,0.1986233801816123,0.0583431519274376,0.0985592927960263,1205,7.095064377287131
kokorochat,kokorochat_6931,2.783333333333333,4.833333333333333,0.1295593499622071,0.1347961200989139,1.0,536,729,0.1925248004850088,0.0408072373393801,0.0966361086486974,1265,7.143617602704121
kokorochat,kokorochat_7026,2.45,3.5370370370370368,0.0033056919642857,0.1121472452817043,1.0,332,596,0.1764365559341283,0.0772191778273809,0.1338454299260079,928,6.834108738813838
kokorochat,kokorochat_7030,3.45,4.194444444444444,0.1532379898313492,0.1061478842918637,1.0,331,624,0.1517600109691573,0.0656599206349206,0.1189140347959039,955,6.862757913051401
kokorochat,kokorochat_7095,2.766666666666667,4.268518518518518,0.0203124999999999,0.1495220546962242,1.0,513,1138,0.1890885370534396,-0.0105318928571428,0.1144468535740098,1651,7.409741954080923
kokorochat,kokorochat_7100,3.3166666666666664,3.7870370370370368,0.065063146113146,0.1447701784362339,1.0,594,605,0.1557996930595504,-0.0125965642382309,0.1095112783626531,1199,7.090076835776092
kokorochat,kokorochat_720,3.016666666666667,4.120370370370371,-0.0241489216701173,0.1473968771517249,0.0,240,792,0.1349675723205416,-0.0127146997929606,0.1191613263704991,1032,6.940222469119639
kokorochat,kokorochat_7231,2.5,3.675925925925926,0.1618233376233375,0.1437076051513481,1.0,194,469,0.1760055262249827,0.0589474259974259,0.0864646139596652,663,6.498282149476434
psy_insight,psyinsight_000434,3.683333333333333,3.2407407407407405,,,,27,26,,,,53,3.9889840465642745
psy_insight,psyinsight_000438,3.45,3.7037037037037037,-0.1386946428571428,0.124114479783161,0.0,61,92,0.0838391327213616,-0.0024613095238095,0.1400215638370641,153,5.0369526024136295
psy_insight,psyinsight_000439,3.4,2.0092592592592595,-0.1369625850340136,0.0814666601705037,0.0,44,23,,-0.0194459183673469,0.0859571582803152,67,4.219507705176107
psy_insight,psyinsight_000441,1.9,3.7870370370370368,-0.061908201058201,0.1029640021418153,0.0,268,37,0.1389639314058957,-0.0809234438219732,0.1296297818774539,305,5.723585101952381
psy_insight,psyinsight_000444,4.6,3.8981481481481475,-0.0159920868347338,0.1088634104163508,0.0,98,176,0.0888713454044292,-0.0397558356676003,0.1015508707144772,274,5.616771097666572
psy_insight,psyinsight_000445,3.75,4.055555555555556,0.0380969474969474,0.1281271493132783,1.0,75,108,0.0750481080647747,0.1121636752136752,0.0755817932673248,183,5.214935757608986
psy_insight,psyinsight_000449,4.1,3.7777777777777772,0.2866398809523809,0.1191756548333435,1.0,52,53,0.1238412427849927,-0.1041488095238095,0.1825536865590413,105,4.663439094112067
psy_insight,psyinsight_000450,3.5,3.861111111111111,0.1648099999999999,0.1311342280603516,1.0,36,45,0.1707366071428571,0.1408185714285714,0.0954677926994477,81,4.406719247264253
psy_insight,psyinsight_000451,3.75,3.5185185185185186,,,,4,27,,,,31,3.4657359027997265
psy_insight,psyinsight_000453,3.866666666666667,3.8518518518518516,0.0400438095238095,0.0728227054114961,1.0,60,41,-0.0163192956349206,0.2853730158730159,0.1409393261263916,101,4.624972813284271
psy_insight,psyinsight_000456,3.266666666666667,3.5185185185185186,-0.1737204081632653,0.1235143472917128,0.0,47,50,0.116894066976384,-0.1004030612244897,0.1222352862083602,97,4.584967478670572
psy_insight,psyinsight_000459,4.316666666666666,4.046296296296296,-0.0619415784832451,0.1134008104570424,0.0,58,139,0.1208461538461538,-0.0585255731922398,0.0482819790549472,197,5.288267030694535
psy_insight,psyinsight_000462,1.8333333333333333,3.4722222222222228,,,,16,15,,,,31,3.4657359027997265
psy_insight,psyinsight_000463,3.4333333333333336,3.388888888888889,0.6000886904761904,0.2237169089547056,1.0,30,11,,0.1969992063492063,0.0735021084740339,41,3.7376696182833684
psy_insight,psyinsight_000467,3.3833333333333333,3.907407407407408,0.0714339682539682,0.1281045105548801,1.0,162,89,0.1483901537698412,-0.009013373015873,0.1012289370065653,251,5.529429087511423
psy_insight,psyinsight_000470,3.0500000000000003,3.814814814814815,-0.0328867243867243,0.147306651360283,0.0,64,102,0.1106730329407749,0.0137329004329004,0.1570020363446656,166,5.117993812416755
psy_insight,psyinsight_000471,2.966666666666667,3.888888888888889,,,,21,68,0.1082096516007533,,,89,4.499809670330265
psy_insight,psyinsight_000475,2.6166666666666667,4.398148148148148,-0.0350917768959435,0.0754761892635351,0.0,99,253,0.1660866510538642,-0.0148904541446208,0.1369031404596316,352,5.8664680569332965
psy_insight,psyinsight_000481,4.25,3.9722222222222228,0.1118611111111111,0.0826698207055027,1.0,34,100,0.2224958834815978,0.0182460317460317,0.0837761877347501,134,4.90527477843843
psy_insight,psyinsight_000483,2.5333333333333337,3.25,,,,11,11,,,,22,3.1354942159291497
psy_insight,psyinsight_000484,4.25,3.972222222222222,0.3536071428571429,0.1645547667999233,1.0,30,98,0.1328502987337257,0.2037886904761904,0.1496743254039966,128,4.859812404361672
psy_insight,psyinsight_000489,3.1666666666666665,3.2592592592592595,0.2193673174603174,0.1702768001115009,1.0,136,195,0.2221751685441202,0.0229760952380952,0.1297984877140173,331,5.805134968916488
psy_insight,psyinsight_000490,3.1,3.1666666666666665,-0.1999797619047618,0.1428121617632018,0.0,101,42,0.1097963924963924,-0.0423133597883597,0.0743440874188244,143,4.969813299576001
psy_insight,psyinsight_000496,3.9166666666666665,4.111111111111111,,,,18,43,0.201431279178338,,,61,4.127134385045092
psy_insight,psyinsight_000500,2.833333333333333,4.046296296296297,-0.0686820408163265,0.1642013227650598,0.0,188,84,0.1377479523809524,-0.0852699999999999,0.1044431955479564,272,5.60947179518496
psy_insight,psyinsight_000502,3.6666666666666665,3.2314814814814814,,,,1,31,0.2035373376623376,,,32,3.4965075614664802
psy_insight,psyinsight_000508,4.916666666666666,4.018518518518518,0.0133714902998235,0.1336290670536705,1.0,234,154,0.0910945593869731,0.0064894620811287,0.1014820925901962,388,5.963579343618446
psy_insight,psyinsight_000509,4.766666666666667,4.416666666666667,0.0194008121077888,0.1028674645223944,1.0,227,257,0.1778782562083973,0.1127112218530823,0.1172770513309799,484,6.184148890937483
psy_insight,psyinsight_000512,4.366666666666666,4.101851851851852,,,,18,192,0.1455464220660942,,,210,5.351858133476067
psy_insight,psyinsight_000518,4.333333333333333,4.388888888888889,0.0749766690009337,0.1005122767382857,1.0,183,250,0.1651780544029506,0.0067868113912231,0.1209521591317524,433,6.073044534100405
psy_insight,psyinsight_000526,2.95,4.157407407407407,0.0225037758537758,0.1019904491764669,1.0,175,326,0.2300491287366681,-0.1195821188071188,0.07189581005739,501,6.218600119691729
psy_insight,psyinsight_000528,3.85,4.185185185185185,-0.0606319444444444,0.1446163341491547,0.0,129,115,0.1952023060796645,-0.2093249999999999,0.0902444807758157,244,5.501258210544727
psy_insight,psyinsight_000534,3.216666666666667,4.148148148148148,,,,23,195,0.1539815156169995,,,218,5.389071729816501
psy_insight,psyinsight_000535,4.4,3.7037037037037037,-0.0148557407407407,0.1178459773362515,0.0,159,123,0.1962499930381509,0.0910935978835978,0.095175184435467,282,5.645446897643238
psy_insight,psyinsight_000539,4.033333333333333,4.481481481481482,0.0691688075641779,0.1549436343222633,1.0,416,250,0.2390346670618454,0.1418557025279247,0.0978056708111402,666,6.502790045915623
psy_insight,psyinsight_000540,1.75,3.055555555555556,,,,1,3,,,,4,1.6094379124341003
psy_insight,psyinsight_000541,4.033333333333334,4.388888888888888,-0.0516519607843136,0.1276882513641007,0.0,96,155,0.1571543895412046,0.1368919234360411,0.067045684397494,251,5.529429087511423
psy_insight,psyinsight_000542,3.366666666666667,4.703703703703703,-0.0672000992063492,0.0535230661970045,0.0,51,384,0.1805725777777778,0.0974974206349206,0.1048403589151227,435,6.077642243349034
psy_insight,psyinsight_000546,2.0166666666666666,3.805555555555556,,,,17,80,0.1633150346523585,,,97,4.584967478670572
psy_insight,psyinsight_000550,5.05,3.601851851851851,0.0170643772893772,0.0909070151825897,1.0,75,149,0.1518460232426303,-0.0515871794871794,0.1157104878028603,224,5.41610040220442
psy_insight,psyinsight_000551,3.533333333333333,3.3611111111111107,0.1059535714285714,0.1036486065637199,1.0,33,91,0.1894309910956252,-0.0921535714285714,0.1354441931569643,124,4.8283137373023015
psy_insight,psyinsight_000553,1.7666666666666666,3.861111111111111,-0.0274266865079365,0.1532061264031969,0.0,50,118,0.170809738604922,0.0606860119047619,0.0724764770249204,168,5.1298987149230735
psy_insight,psyinsight_000556,4.5,3.981481481481481,-0.1292537094547964,0.1259161702790004,0.0,124,202,0.1649713052060202,-0.1308567115251898,0.0936071045032821,326,5.7899601708972535
psy_insight,psyinsight_000557,2.3000000000000003,4.194444444444444,0.0799704144620811,0.1411817539496189,1.0,189,281,0.1229438550420168,0.0451810405643739,0.1044383821006742,470,6.154858094016418
psy_insight,psyinsight_000558,4.333333333333333,3.888888888888889,-0.2338923015873015,0.1600918852166773,0.0,87,58,0.1714294460641399,-0.0195244444444444,0.1076040050379573,145,4.983606621708336
psy_insight,psyinsight_000559,4.1000000000000005,4.0740740740740735,,,,28,77,0.1456770950046685,,,105,4.663439094112067
psy_insight,psyinsight_000566,2.1166666666666667,3.805555555555556,0.1240555555555556,0.0964141994002103,1.0,51,81,0.2063966545414462,-0.0582576884920635,0.11165262863692,132,4.890349128221754
psy_insight,psyinsight_000568,4.033333333333333,4.009259259259259,0.1716530158730158,0.1326148015195293,1.0,36,74,0.1953952014652014,0.0160795238095238,0.136791504069711,110,4.709530201312334
psy_insight,psyinsight_000571,4.233333333333333,4.111111111111112,0.0128632034632034,0.0945724326128587,1.0,67,98,0.1342371410736579,-0.0353783549783549,0.1618456829768182,165,5.111987788356544
psy_insight,psyinsight_000573,3.75,3.7314814814814814,,,,20,27,,,,47,3.871201010907891
psy_insight,psyinsight_000576,4.083333333333333,3.7407407407407405,-0.1979619047619047,0.0914474932563071,0.0,55,14,,-0.1900444444444444,0.1394248635448013,69,4.248495242049359
psy_insight,psyinsight_000577,3.8333333333333335,3.564814814814815,,,,17,28,,,,45,3.828641396489095
psy_insight,psyinsight_000579,4.683333333333333,3.8055555555555554,-0.2622707671957672,0.1340343979782358,0.0,99,48,0.1695678673178673,-0.073988315696649,0.1456026826655172,147,4.997212273764115
psy_insight,psyinsight_000582,3.9,4.259259259259259,-0.2353373015873015,0.0970126031697959,0.0,43,49,0.1956185912698412,-0.1580218253968254,0.10547822012758,92,4.532599493153256
psy_insight,psyinsight_000583,3.45,3.194444444444444,0.0173478835978835,0.0931384079158246,1.0,56,15,,-0.0168677248677248,0.0519044763173504,71,4.276666119016055
psy_insight,psyinsight_000584,3.633333333333333,3.6388888888888893,-0.1514603174603174,0.0956034380242091,0.0,55,35,0.1545250305250305,-0.1644656084656084,0.1416123792045549,90,4.51085950651685
psy_insight,psyinsight_000585,4.183333333333333,4.305555555555556,0.0425567765567765,0.1120709296035819,1.0,76,103,0.182943439716312,0.0771163003663003,0.1055965986242483,179,5.19295685089021
psy_insight,psyinsight_000588,3.216666666666667,3.675925925925926,,,,26,53,0.1308742243867243,,,79,4.382026634673881
psy_insight,psyinsight_000589,4.35,3.842592592592593,-0.1072115546218487,0.0786771767535658,0.0,95,140,0.099490951775112,-0.0445609010270775,0.130144491469116,235,5.4638318050256105
psy_insight,psyinsight_000591,4.016666666666667,4.027777777777778,,,,29,60,0.1432449112978525,,,89,4.499809670330265
psy_insight,psyinsight_000594,4.083333333333333,4.212962962962963,0.3069452380952381,0.1349675405086574,1.0,113,109,0.1855026190476191,0.1555057142857143,0.0931013492744661,222,5.407171771460119
psy_insight,psyinsight_000596,3.6666666666666665,3.1481481481481484,,,,18,15,,,,33,3.5263605246161616
psy_insight,psyinsight_000598,3.8,3.7962962962962963,0.149631746031746,0.0827332955726514,1.0,56,64,0.2215341774891775,0.1023677248677248,0.1146074701333691,120,4.795790545596741
psy_insight,psyinsight_000599,4.133333333333333,3.861111111111111,-0.0249241071428572,0.1265265747702449,0.0,52,46,0.0860688545688545,0.0100133928571428,0.0988684723621476,98,4.59511985013459
psy_insight,psyinsight_000601,3.966666666666667,3.5092592592592595,0.03195,0.0449483320300116,1.0,30,85,0.1358648182957393,0.1889249999999999,0.0678666463223547,115,4.7535901911063645
psy_insight,psyinsight_000602,4.783333333333333,4.092592592592593,0.0588173809523809,0.1174089161885018,1.0,36,185,0.1480097988816738,-0.0987652380952381,0.0809014869092388,221,5.402677381872279
psy_insight,psyinsight_000606,3.016666666666667,4.027777777777778,,,,20,149,0.1520966808390022,,,169,5.135798437050262
psy_insight,psyinsight_000611,4.333333333333333,3.7129629629629632,-0.0681595616024186,0.1436177544379454,0.0,114,317,0.1448085330344259,-0.1963629629629629,0.1054382269042046,431,6.068425588244111
psy_insight,psyinsight_000614,1.3333333333333333,3.0,,,,6,93,0.0779071523053666,,,99,4.605170185988092
psy_insight,psyinsight_000615,1.8,3.4814814814814814,0.2597336309523809,0.0950204620863841,1.0,33,58,0.1491924198250729,0.2505479166666666,0.0456028265296322,91,4.5217885770490405
psy_insight,psyinsight_000619,4.633333333333333,4.342592592592593,-0.1804678142428141,0.1491713357246497,0.0,195,428,0.1655237053453044,-0.1493012977262977,0.1065046031710753,623,6.436150368369428
psy_insight,psyinsight_000620,2.583333333333333,3.2222222222222228,,,,28,24,,,,52,3.970291913552122
psy_insight,psyinsight_000622,4.233333333333333,3.8796296296296298,,,,27,60,0.0604693277310924,,,87,4.477336814478207
psy_insight,psyinsight_000623,3.4500000000000006,3.4351851851851856,,,,8,11,,,,19,2.995732273553991
psy_insight,psyinsight_000625,3.1666666666666665,3.814814814814815,,,,8,39,0.0811492857142856,,,47,3.871201010907891
psy_insight,psyinsight_000627,3.583333333333333,3.7129629629629632,,,,15,9,,,,24,3.2188758248682006
psy_insight,psyinsight_000628,4.066666666666666,4.027777777777778,,,,17,59,0.0953029126984127,,,76,4.343805421853684
psy_insight,psyinsight_000629,3.3000000000000003,3.6018518518518525,-0.1182068027210884,0.1022050692499609,0.0,81,60,0.1249127139744786,-0.0281857142857142,0.1106341855772153,141,4.955827057601261
psy_insight,psyinsight_000631,4.066666666666666,3.814814814814815,,,,26,65,0.2275965136054421,,,91,4.5217885770490405
psy_insight,psyinsight_000632,4.8500000000000005,4.129629629629629,-0.152341899288451,0.1225718675520379,0.0,155,83,0.1743805609180609,0.0694634099616858,0.1297897920417928,238,5.476463551931511
psy_insight,psyinsight_000633,4.0,3.8611111111111107,-0.0897785714285714,0.0863592945361284,0.0,49,45,0.0706710317460317,-0.2343892857142857,0.0463376505650507,94,4.553876891600541
psy_insight,psyinsight_000634,4.833333333333333,4.231481481481481,0.0075289795918367,0.1253833580345718,1.0,186,276,0.1729791228226621,0.0249052494331065,0.122324667020032,462,6.137727054086234
psy_insight,psyinsight_000637,4.55,4.083333333333333,0.0631924001924002,0.0878204696047588,1.0,175,166,0.0670749064806389,0.0470234968734968,0.0910145490715514,341,5.834810737062605
psy_insight,psyinsight_000639,3.45,3.8333333333333335,,,,23,38,0.1816756431308155,,,61,4.127134385045092
psy_insight,psyinsight_000642,2.566666666666667,3.2592592592592595,0.1717276785714286,0.1082630881307761,1.0,32,35,-0.0130248015873015,0.1313437499999999,0.1198955563788081,67,4.219507705176107
psy_insight,psyinsight_000650,4.516666666666667,3.4444444444444446,0.0032878787878787,0.1332023934849661,1.0,68,67,0.0956267515051997,-0.178290909090909,0.1748724650228788,135,4.912654885736052
psy_insight,psyinsight_000654,3.4166666666666665,3.157407407407407,-0.0597829365079365,0.0924416858165524,0.0,103,5,,0.0676473544973545,0.1241036508230606,108,4.6913478822291435
psy_insight,psyinsight_000655,1.9666666666666668,3.8333333333333335,-0.062294187044187,0.1429558937076692,0.0,198,120,0.1185389425139425,-0.0059021771771771,0.0950955932921999,318,5.765191102784844
psy_insight,psyinsight_000657,3.716666666666667,3.2037037037037037,0.1857261904761904,0.0841751064566915,1.0,32,153,0.1903137290564374,0.1134642857142857,0.1322778575061709,185,5.225746673713202
psy_insight,psyinsight_000658,3.466666666666667,3.907407407407407,-0.3372678571428572,0.1733128501265098,0.0,61,30,0.1887226757369614,-0.3545435714285714,0.1470494634398833,91,4.5217885770490405
psy_insight,psyinsight_000659,3.0666666666666664,3.2685185185185186,0.0707777777777777,0.0958460512772207,1.0,41,34,0.1408415873015873,-0.0295777777777777,0.0533472450103995,75,4.330733340286331
psy_insight,psyinsight_000661,4.8,3.907407407407408,0.0372820586820586,0.1351765156356914,1.0,175,250,0.1216207682934861,0.0934276575276575,0.1395768742204113,425,6.054439346269371
psy_insight,psyinsight_000665,3.733333333333333,4.5740740740740735,0.096655291005291,0.1109136225743501,1.0,86,130,0.1545345664436573,0.1172302645502645,0.1344121581124019,216,5.37989735354046
psy_insight,psyinsight_000667,1.9666666666666668,2.722222222222222,,,,18,120,0.0953944194194194,,,138,4.9344739331306915
psy_insight,psyinsight_000669,3.483333333333333,2.842592592592593,,,,29,40,0.0033596134152585,,,69,4.248495242049359
psy_insight,psyinsight_000671,3.2000000000000006,3.092592592592592,-0.2429730158730159,0.1114402214323215,0.0,39,2,,-0.0215373015873015,0.1264835277985192,41,3.7376696182833684
psy_insight,psyinsight_000676,2.533333333333333,3.9537037037037037,-0.07553125,0.0910611604569558,0.0,53,52,0.2680719453672942,-0.163891369047619,0.088581569608845,105,4.663439094112067
psy_insight,psyinsight_000678,1.0666666666666669,1.0,-0.1216769841269841,0.143520883573901,0.0,57,75,0.1344965127465127,-0.1787986772486772,0.0997557716664698,132,4.890349128221754
psy_insight,psyinsight_000680,1.65,1.9907407407407407,,,,19,18,,,,37,3.6375861597263857
psy_insight,psyinsight_000681,1.1666666666666667,1.1018518518518519,,,,27,9,,,,36,3.6109179126442243
psy_insight,psyinsight_000682,2.2,2.4814814814814814,-0.1364684098639456,0.1402389560076664,0.0,150,136,0.1685043932008498,-0.0181417517006802,0.0928996260195154,286,5.659482215759621
psy_insight,psyinsight_000684,4.316666666666666,2.3796296296296293,0.2319338675213675,0.1543123822285898,1.0,143,135,0.1407222505668934,0.1332855463980464,0.082568991823032,278,5.631211781821365
psy_insight,psyinsight_000691,2.5500000000000003,2.5185185185185186,-0.0127316666666665,0.0237933279680756,0.0,37,103,0.0863063914218169,0.1348564285714285,0.0399452115717817,140,4.948759890378168
psy_insight,psyinsight_000694,1.9666666666666668,2.9537037037037037,-0.0588948412698412,0.0892839592449347,0.0,37,34,0.1349675396825397,-0.0359591269841269,0.0695613711808683,71,4.276666119016055
psy_insight,psyinsight_000696,3.516666666666667,3.657407407407407,,,,27,16,,,,43,3.784189633918261
psy_insight,psyinsight_000698,2.9,2.75,0.2234318783068782,0.128751145203244,1.0,58,100,0.2069272893772893,0.0734170634920635,0.0522493697141402,158,5.0689042022202315
psy_insight,psyinsight_000699,3.8666666666666663,2.8333333333333335,-0.0613205882352941,0.0983265000198488,0.0,97,91,0.114833996322106,-0.0156696078431372,0.1070416444519481,188,5.241747015059643
psy_insight,psyinsight_000705,3.65,2.7129629629629632,,,,19,34,-0.0046810476190476,,,53,3.9889840465642745
psy_insight,psyinsight_000706,3.4333333333333336,2.7685185185185186,,,,20,45,0.0448295304232804,,,65,4.189654742026425
psy_insight,psyinsight_000707,1.6666666666666667,3.0462962962962963,,,,10,7,,,,17,2.8903717578961645
psy_insight,psyinsight_000708,2.25,3.6388888888888893,0.0247499999999999,0.1095380634110955,1.0,65,171,0.1622253282382912,-0.0011737012987013,0.0795226533373928,236,5.4680601411351315
psy_insight,psyinsight_000709,3.333333333333333,4.527777777777778,-0.0077266548463357,0.1083846842459871,0.0,247,115,0.1371181978137167,-0.1263305639986491,0.102015823775678,362,5.8944028342648505
psy_insight,psyinsight_000712,2.783333333333333,4.509259259259259,-0.1566900510204081,0.1671636189064631,0.0,81,96,0.1322285395000912,-0.0015117346938775,0.0968056227801409,177,5.181783550292085
psy_insight,psyinsight_000716,4.1000000000000005,4.111111111111111,-0.0075522875816993,0.1554292346234809,0.0,97,237,0.1216421661793372,-0.030579598506069,0.1001214436155685,334,5.814130531825066
psy_insight,psyinsight_000717,2.266666666666667,4.027777777777778,-0.1818313672438672,0.1515706466578624,0.0,122,74,0.1268451587301587,-0.1862953102453102,0.0916974325648573,196,5.2832037287379885
psy_insight,psyinsight_000718,4.25,3.9166666666666665,0.0994125633232016,0.1300590881756916,1.0,248,2,,0.0287858156028368,0.1319713799003008,250,5.5254529391317835
psy_insight,psyinsight_000721,3.983333333333333,3.2222222222222228,0.163589947089947,0.1943658292604412,1.0,54,33,0.1690986111111111,-0.1479095238095238,0.1276473684439672,87,4.477336814478207
psy_insight,psyinsight_000723,1.6666666666666667,2.7870370370370368,,,,10,49,-0.0449248015873015,,,59,4.0943445622221
psy_insight,psyinsight_000724,3.6666666666666665,3.694444444444444,-0.0257438672438672,0.0792797892794775,0.0,68,557,0.1060067453076121,-0.0449321789321789,0.0658346929102172,625,6.439350371100098
psy_insight,psyinsight_000727,2.4833333333333334,3.2777777777777772,-0.1300899470899471,0.1166133679118834,0.0,71,42,0.0360237373737373,-0.0823039682539682,0.0830906755405024,113,4.736198448394496
psy_insight,psyinsight_000731,2.966666666666667,3.0,,,,12,13,,,,25,3.258096538021482
psy_insight,psyinsight_000732,3.3000000000000003,3.092592592592592,,,,9,4,,,,13,2.6390573296152584
psy_insight,psyinsight_000736,1.7333333333333332,3.1296296296296298,,,,25,6,,,,31,3.4657359027997265
psy_insight,psyinsight_000739,2.5500000000000003,3.3981481481481484,-0.0965248473748473,0.1030242842182217,0.0,207,177,0.2104716340702947,-0.0076300976800976,0.0912153481261934,384,5.953243334287785
psy_insight,psyinsight_000740,2.4666666666666663,3.4444444444444446,,,,26,112,0.2427245723532131,,,138,4.9344739331306915
psy_insight,psyinsight_000742,2.6333333333333333,3.4537037037037037,0.0794324873539159,0.1062731735487049,1.0,466,90,0.0488962766999804,0.0887615384615384,0.0879452503897128,556,6.322565239927284
psy_insight,psyinsight_000744,2.8666666666666667,4.138888888888889,-0.1285231398809523,0.1620097024733069,0.0,89,77,0.091584885620915,-0.0623590029761904,0.1203232232566651,166,5.117993812416755
psy_insight,psyinsight_000753,2.0,3.7685185185185186,-0.0157794784580499,0.0645111643030039,0.0,44,12,,-0.0064583333333333,0.1567273402058195,56,4.04305126783455
psy_insight,psyinsight_000756,4.3,4.074074074074074,0.073284552154195,0.1326425239935052,1.0,150,146,0.1249854304252114,0.0663774234693877,0.1160982291651636,296,5.6937321388027
psy_insight,psyinsight_000760,2.9000000000000004,3.5833333333333335,0.0195835537918871,0.1077097755538078,1.0,147,18,,0.0581851998824221,0.1216353403548481,165,5.111987788356544
psy_insight,psyinsight_000761,4.15,4.268518518518519,0.0815605508870215,0.1463294406357334,1.0,95,73,0.2035390873015873,0.0757029411764705,0.0826402846933332,168,5.1298987149230735
psy_insight,psyinsight_000762,3.25,4.222222222222222,0.100317418546366,0.1704016402565507,1.0,106,88,0.1640433494072734,0.1380119047619047,0.1119625068074955,194,5.272999558563747
psy_insight,psyinsight_000764,3.016666666666667,3.638888888888889,,,,5,63,0.1680727586713697,,,68,4.23410650459726
psy_insight,psyinsight_000769,3.766666666666666,4.268518518518519,,,,27,110,0.1022991238409555,,,137,4.927253685157205
psy_insight,psyinsight_000770,1.7,4.018518518518518,,,,4,123,0.1127960630743525,,,127,4.852030263919617
psy_insight,psyinsight_000771,4.483333333333333,3.9537037037037037,-0.0250242857142856,0.0916330437313937,0.0,35,101,0.2384046583850931,-0.1814342857142857,0.0996560434828297,136,4.919980925828125
psy_insight,psyinsight_000772,2.2333333333333334,2.157407407407407,-0.079163029100529,0.0905338297455597,0.0,41,63,0.1168039021164021,-0.1829890873015873,0.1341302439003569,104,4.653960350157523
psy_insight,psyinsight_000777,3.0,3.6666666666666665,0.1564161111111111,0.1041104751845099,1.0,35,54,0.1133080423280422,0.0068305555555555,0.112535938294155,89,4.499809670330265
psy_insight,psyinsight_000780,3.583333333333333,3.9166666666666665,,,,18,37,0.1334917091836734,,,55,4.02535169073515
psy_insight,psyinsight_000781,3.5333333333333337,4.537037037037037,0.0484714635854341,0.1296064294480712,1.0,181,212,0.1714611873485026,-0.0124126400560224,0.130723917108025,393,5.976350909297934
psy_insight,psyinsight_000782,2.6,3.7407407407407405,0.0501230952380952,0.1053481249744876,1.0,84,67,0.1313612616310892,0.136718544973545,0.0912425422562217,151,5.0238805208462765
psy_insight,psyinsight_000787,4.1000000000000005,3.564814814814815,0.0669002976190475,0.0848571886104241,1.0,31,74,0.1189368864468864,0.1051488095238095,0.0638074834244104,105,4.663439094112067
psy_insight,psyinsight_000788,4.566666666666666,3.0555555555555554,,,,23,81,0.1716248511904761,,,104,4.653960350157523
psy_insight,psyinsight_000791,3.75,3.675925925925926,,,,15,72,0.1053442302847064,,,87,4.477336814478207
psy_insight,psyinsight_000792,2.733333333333333,3.1296296296296293,-0.0175978174603174,0.130487964797984,0.0,89,8,,-0.0674813492063492,0.1052531058255761,97,4.584967478670572
psy_insight,psyinsight_000793,1.8333333333333333,3.1018518518518516,0.1129411075036075,0.1293664762435552,1.0,119,10,,0.0799934163059163,0.1007456026472528,129,4.867534450455582
psy_insight,psyinsight_000801,3.45,3.185185185185185,,,,23,34,0.215392619047619,,,57,4.060443010546419
psy_insight,psyinsight_000806,3.6166666666666663,4.222222222222222,-0.0731010737628384,0.1120445829997047,0.0,96,77,0.2525300711951447,-0.0473585434173669,0.1022713040773178,173,5.159055299214529
psy_insight,psyinsight_000807,3.4166666666666665,3.5,-0.0758117559523809,0.0813298014831132,0.0,53,58,0.1431991901522513,-0.0492247023809523,0.0766302555570186,111,4.718498871295094
psy_insight,psyinsight_000808,3.7,3.314814814814815,0.0405907029478458,0.0544482556072817,1.0,47,33,0.1359953373015873,-0.1760039682539682,0.06484830326955,80,4.394449154672439
psy_insight,psyinsight_000809,4.483333333333333,4.111111111111112,-0.1923339781746031,0.1128298343101903,0.0,92,67,0.1355177134646962,-0.0750849454365079,0.0614768989937542,159,5.075173815233827
psy_insight,psyinsight_000813,4.033333333333333,3.814814814814815,0.0196679232804232,0.1155495467558761,1.0,189,203,0.1029385636557028,0.0576111662257495,0.0919883408429571,392,5.973809611869261
psy_insight,psyinsight_000816,3.983333333333333,4.3240740740740735,0.1043051785714285,0.1377410806671636,1.0,210,291,0.1484434861533266,0.064730119047619,0.0968709912678998,501,6.218600119691729
psy_insight,psyinsight_000817,4.283333333333333,3.8796296296296298,0.0627738095238095,0.0362799030387826,1.0,30,74,0.1518967948717948,-0.0466547619047618,0.0744480144578143,104,4.653960350157523
psy_insight,psyinsight_000820,3.333333333333333,3.6111111111111107,,,,15,13,,,,28,3.367295829986474
psy_insight,psyinsight_000824,3.6,3.2685185185185186,0.1947000992063492,0.1282571130494923,1.0,53,8,,0.1077112599206349,0.1953357883131111,61,4.127134385045092
psy_insight,psyinsight_000832,3.983333333333333,3.898148148148149,0.0214395363408521,0.0965825523491917,1.0,107,83,0.0636866902616902,0.0894420426065162,0.0636663956017629,190,5.25227342804663
psy_insight,psyinsight_000834,3.983333333333333,3.7314814814814814,0.1609623917748918,0.1094210118312174,1.0,121,48,0.1062832214082214,0.0862341269841269,0.1143054403492879,169,5.135798437050262
psy_insight,psyinsight_000835,3.7,3.675925925925926,-0.0446218671679198,0.1018585891040356,0.0,106,61,0.1576222145909646,-0.0114169799498746,0.1032585858715503,167,5.123963979403259
psy_insight,psyinsight_000837,2.4333333333333336,2.055555555555556,-0.0581214285714285,0.0750908607815239,0.0,35,50,-0.0508753774680603,-0.1921142857142857,0.0582948032084569,85,4.454347296253507
psy_insight,psyinsight_000839,3.483333333333333,3.7685185185185186,-0.1086337301587301,0.1201671355367195,0.0,115,102,0.2097905359276327,-0.0104655328798186,0.0952771753751737,217,5.384495062789089
psy_insight,psyinsight_000840,2.1333333333333333,3.3703703703703702,-0.18275,0.0953677036319825,0.0,49,42,0.2219058201058201,-0.0646220238095238,0.0816582859789257,91,4.5217885770490405
psy_insight,psyinsight_000844,1.7166666666666668,2.9629629629629632,0.0495952380952381,0.0473695345445425,1.0,30,75,0.1330671476671476,0.1366428571428571,0.0392491318747153,105,4.663439094112067
psy_insight,psyinsight_000846,3.7000000000000006,3.7685185185185186,-0.122634693877551,0.1344193863546152,0.0,44,50,0.0787454703832752,-0.2594306122448979,0.0757885747844661,94,4.553876891600541
psy_insight,psyinsight_000847,2.9,3.694444444444444,0.0534545177045177,0.1285952329114615,1.0,75,31,0.1416920995670995,-0.0048038766788767,0.0571902738543458,106,4.672828834461906
psy_insight,psyinsight_000853,2.1166666666666667,3.092592592592592,-0.0172484126984126,0.0839472773177068,0.0,129,169,0.1349020560515873,0.0672565476190476,0.0749378454015581,298,5.700443573390687
psy_insight,psyinsight_000854,3.6,3.5185185185185186,-0.1633615646258503,0.0689034513510453,0.0,44,136,0.2410021059867516,-0.0140738095238095,0.0913131864298568,180,5.198497031265826
psy_insight,psyinsight_000855,2.733333333333333,3.361111111111111,-0.2244450113378684,0.1565365921721268,0.0,117,53,0.1762635461760461,-0.1014318972033258,0.0721315601668154,170,5.14166355650266
psy_insight,psyinsight_000856,4.0,3.574074074074074,0.1542221861471861,0.124833853699592,1.0,64,65,0.0902694869614512,-0.0321153318903318,0.0653778215778634,129,4.867534450455582
psy_insight,psyinsight_000857,2.5333333333333337,3.4907407407407405,-0.0979272698412698,0.1098887361932781,0.0,137,41,0.1181409350198412,-0.0061781587301587,0.0829526457228649,178,5.187385805840755
psy_insight,psyinsight_000859,3.65,4.064814814814815,-0.0029897500844309,0.1295831694891121,0.0,247,123,0.0815945836814257,-0.0132892181695373,0.0944906811059915,370,5.916202062607435
psy_insight,psyinsight_000860,3.7166666666666655,3.7870370370370368,,,,23,48,0.2308531135531135,,,71,4.276666119016055
psy_insight,psyinsight_000866,3.1166666666666667,3.2222222222222228,-0.1441980654761905,0.0869677459578846,0.0,51,21,,-0.1606449404761905,0.1040319154276286,72,4.290459441148391
psy_insight,psyinsight_000873,4.333333333333333,3.944444444444444,0.0745859195402298,0.1050028535283932,1.0,158,53,0.1981377615440115,-0.068571921182266,0.0816352072742837,211,5.356586274672012
psy_insight,psyinsight_000875,4.7,3.9629629629629632,-0.0847643298059965,0.1335702105589948,0.0,100,64,0.1318752741702741,-0.1436210317460317,0.1608367329419827,164,5.10594547390058
psy_insight,psyinsight_000880,3.133333333333333,3.8333333333333335,0.1001700680272109,0.1255302737710022,1.0,44,212,0.1977094612557667,-0.0902945578231292,0.1563950228792471,256,5.54907608489522
psy_insight,psyinsight_000881,4.666666666666667,4.212962962962963,0.0124058499743983,0.1653541567131365,1.0,164,454,0.1980944444444444,-0.0628085637480798,0.0950560827068865,618,6.428105272684596
psy_insight,psyinsight_000882,3.216666666666667,3.0,,,,4,13,,,,17,2.8903717578961645
psy_insight,psyinsight_000884,2.3,3.277777777777778,,,,23,95,0.2000137273901809,,,118,4.77912349311153
psy_insight,psyinsight_000888,3.0,3.0277777777777772,,,,19,1,,,,20,3.044522437723423
psy_insight,psyinsight_000893,3.4,3.0370370370370368,,,,24,2,,,,26,3.295836866004329
psy_insight,psyinsight_000894,4.166666666666667,3.972222222222222,-0.0375270181405895,0.1558803846928874,0.0,186,145,0.1539616859243697,-0.0222308276643991,0.1102506458550545,331,5.805134968916488
psy_insight,psyinsight_000895,2.3166666666666664,3.2685185185185186,-0.2170932539682539,0.1365208734372149,0.0,41,37,0.0735697137188208,-0.0717228835978835,0.0563310094121987,78,4.3694478524670215
psy_insight,psyinsight_000900,3.85,3.1666666666666665,-0.0424777316352897,0.0897755945613615,0.0,225,189,0.0759877425044091,0.0270839608711701,0.1115689772906433,414,6.028278520230698
psy_insight,psyinsight_000903,4.233333333333333,3.6018518518518516,-0.409934632034632,0.2355575075002653,0.0,67,104,0.0661972514619883,-0.3167077922077921,0.1225083458273364,171,5.147494476813453
psy_insight,psyinsight_000906,1.8666666666666665,3.25,,,,16,20,,,,36,3.6109179126442243
psy_insight,psyinsight_000907,3.5,3.305555555555556,,,,2,39,0.1677455026455026,,,41,3.7376696182833684
psy_insight,psyinsight_000909,3.9666666666666655,3.8518518518518516,0.2630162058371736,0.1462712902242231,1.0,166,247,0.1189085450847005,0.0578589861751152,0.0967557371082221,413,6.025865973825314
psy_insight,psyinsight_000910,3.35,3.027777777777778,,,,13,16,,,,29,3.4011973816621555
psy_insight,psyinsight_000915,2.516666666666667,4.342592592592593,-0.0214309371184371,0.1177162143213944,0.0,141,402,0.213442930853427,-0.0152111568986568,0.0753872660070761,543,6.298949246855942
psy_insight,psyinsight_000916,1.4333333333333331,2.8055555555555554,,,,11,108,0.2544967532467532,,,119,4.787491742782046
psy_insight,psyinsight_000923,2.033333333333333,3.342592592592593,0.2104230030721965,0.1337019757240192,1.0,164,77,0.1695642156862745,0.1976001280081925,0.0951260240805787,241,5.488937726156687
psy_insight,psyinsight_000925,3.6666666666666665,3.657407407407408,-0.1734321428571428,0.0999699755514713,0.0,142,22,,-0.0571704822954823,0.1171451673553292,164,5.10594547390058
psy_insight,psyinsight_000930,2.2,3.2870370370370368,,,,17,27,,,,44,3.8066624897703196
psy_insight,psyinsight_000932,3.033333333333333,3.5185185185185186,0.0721693121693121,0.098421129600506,1.0,42,19,,-0.0369007936507936,0.0737440016548836,61,4.127134385045092
psy_insight,psyinsight_000933,3.583333333333333,3.092592592592592,0.0915277777777777,0.1495037211142235,1.0,31,2,,-0.0482499999999999,0.0805846658039608,33,3.5263605246161616
psy_insight,psyinsight_000934,2.6333333333333333,3.935185185185185,0.0847097718253968,0.1023491233634726,1.0,129,69,0.2469651124338624,0.101028621031746,0.0875154122221188,198,5.293304824724492
psy_insight,psyinsight_000945,3.466666666666667,3.2037037037037037,,,,7,39,0.0893515608465608,,,46,3.8501476017100584
psy_insight,psyinsight_000947,4.416666666666667,4.166666666666667,0.1067261574074074,0.1438068726629148,1.0,71,65,0.2644746031746031,0.1423551256613756,0.0872444024797803,136,4.919980925828125
psy_insight,psyinsight_000950,3.9,4.425925925925926,0.1052702741702741,0.1642922516397,1.0,65,236,0.0510491416684148,0.0875778138528138,0.1411207436790585,301,5.71042701737487
psydial,psydial_10,2.5166666666666666,4.212962962962963,-0.057386515353805,0.1372745413386224,0.0,1081,1149,0.0933569628933444,0.0131707647233348,0.124242174606901,2230,7.7102051944325325
psydial,psydial_1055,2.5666666666666664,4.277777777777778,0.0822841621863799,0.1224287481533434,1.0,632,779,0.1788944207379921,0.0744086501536098,0.0931137795923021,1411,7.252762418053187
psydial,psydial_106,2.983333333333333,4.148148148148149,0.1608174123788217,0.157060776967329,1.0,758,744,0.1461734699276536,0.0435637370832001,0.1146370089779574,1502,7.315218389752975
psydial,psydial_1070,2.95,4.064814814814815,0.025687533068783,0.1394418432389448,1.0,793,418,0.1154020306981798,0.060293142043142,0.1168259863251954,1211,7.10002716662926
psydial,psydial_1074,2.783333333333333,4.287037037037037,0.0106572401433691,0.1382086317681403,1.0,788,544,0.2066767645749888,-0.0077185816692268,0.1123000909276549,1332,7.195187320178709
psydial,psydial_1076,2.3000000000000003,4.407407407407407,-0.0108147499251272,0.1369381078983123,0.0,539,667,0.1535491436290828,0.0229755765199161,0.1113271672227666,1206,7.095893221097532
psydial,psydial_108,3.3666666666666667,4.25,-0.0792199703955656,0.1541764480217625,0.0,641,440,0.1432235047692704,-0.016208875031494,0.1164938252624008,1081,6.9865664594064265
psydial,psydial_1089,2.6500000000000004,4.37037037037037,0.0409630466472303,0.1234991819587151,1.0,501,727,0.1506080890480612,-0.0318305960479429,0.1263523874471472,1228,7.113956109566034
psydial,psydial_1099,1.8166666666666669,4.12037037037037,0.1357619257579574,0.1411047358380627,1.0,958,884,0.1968738965986394,0.0757249139161837,0.0978637171984523,1842,7.519149957669823
psydial,psydial_1106,2.6666666666666665,4.0092592592592595,-0.0173955486542442,0.1528353745842927,0.0,585,493,0.178747221402335,-0.0308653795721187,0.1135466221592894,1078,6.983789965258135
psydial,psydial_1134,1.8666666666666665,3.9722222222222228,0.0931358234651885,0.1417160427447209,1.0,955,1186,0.1755132810076735,-0.0290478080120937,0.1046737504418476,2141,7.669495251007694
psydial,psydial_114,1.95,4.240740740740741,0.0539100288600289,0.1498777306329435,1.0,1274,923,0.1747598685353061,0.0680820785494698,0.1184875353796435,2197,7.6953031349635665
psydial,psydial_1171,2.5,3.9537037037037037,0.0064812816616007,0.1281831873141608,1.0,714,567,0.2034927447801103,-0.0338056850163233,0.0971116596521954,1281,7.156176637480615
psydial,psydial_1175,3.0,4.333333333333333,0.0108420417906745,0.1287351685718004,1.0,653,362,0.1835467186024551,0.0776666480654762,0.1169449783990571,1015,6.923628628138427
psydial,psydial_1180,2.45,3.9814814814814814,0.0849997308488613,0.131534326583424,1.0,585,354,0.1632583195307108,0.0112831918564527,0.1126512771065448,939,6.84587987526405
psydial,psydial_119,1.9333333333333336,3.9629629629629632,0.100026691017316,0.1463895779902962,1.0,449,431,0.1281736233355901,-0.0238140918109668,0.1147459949503824,880,6.78105762593618
psydial,psydial_1195,2.2,4.037037037037037,0.1078091118050134,0.1410310042263638,1.0,925,936,0.1775724088628619,0.0619970422413045,0.115306815177556,1861,7.529406457837013
psydial,psydial_1204,2.3666666666666667,4.222222222222222,0.13135106005106,0.1315412552021436,1.0,727,743,0.1863547191946714,0.0680571733821733,0.1222274569183285,1470,7.293697720601438
psydial,psydial_1218,2.6333333333333333,4.1759259259259265,0.0450448047801495,0.1388019226126545,1.0,880,639,0.1957847159234063,-0.0550759373289545,0.1044970853284956,1519,7.326465613840322
psydial,psydial_1226,2.083333333333333,4.037037037037037,0.0510192817460317,0.1559721758291465,1.0,512,409,0.2183230029761905,0.0155167103174603,0.0920475840233025,921,6.826545223556594
psydial,psydial_1235,2.8666666666666667,4.462962962962963,0.1011836503623188,0.1496914770907279,1.0,929,566,0.1970447928243709,0.095747895100069,0.1096808143142979,1495,7.310550158534422
psydial,psydial_1240,2.4,4.361111111111111,0.0277737673083417,0.1271216963889477,1.0,953,934,0.1994678146718146,0.0043031598277608,0.1084938773705414,1887,7.543273346705446
psydial,psydial_125,2.6166666666666667,4.0740740740740735,0.0030639804639804,0.1231778145850707,1.0,661,575,0.1170557946323405,0.0375816727716727,0.1152112858870022,1236,7.1204443723924875
psydial,psydial_126,2.4166666666666665,3.7870370370370368,0.0205055467372133,0.1239956598497667,1.0,460,435,0.1785114352783366,0.030661225749559,0.0883450723798232,895,6.79794041297493
psydial,psydial_1267,3.2833333333333337,4.2592592592592595,0.0307993072960177,0.1392028116531318,1.0,579,450,0.1653519058417017,0.0142138366750208,0.1120827052665835,1029,6.937314081223682
psydial,psydial_1277,2.566666666666667,4.296296296296297,0.1076890992541594,0.1379721257527622,1.0,427,724,0.2069335742035742,0.1417107286288009,0.1033305074812977,1151,7.049254841255837
psydial,psydial_1293,3.1,4.407407407407407,-0.0061064651618223,0.1391832341447484,0.0,779,865,0.17829467623498,-0.0030502190270047,0.102940843881311,1644,7.405495663199472
psydial,psydial_1299,2.7166666666666663,4.111111111111111,0.0027254910714285,0.1357456426912728,1.0,1213,712,0.1753480559506875,-0.0153830423280423,0.109928654190182,1925,7.563200592358071
psydial,psydial_130,2.783333333333333,3.935185185185185,0.1002219406041986,0.1199046069164182,1.0,474,329,0.1416211954365079,0.0600915642601126,0.1050142836989654,803,6.6895992691789665
psydial,psydial_1303,2.733333333333333,4.472222222222222,-0.0120716409266409,0.1564123044308725,0.0,934,962,0.1784184704941787,0.0341879515229515,0.120984620253458,1896,7.5480289699350145
psydial,psydial_1340,2.866666666666667,4.2592592592592595,0.0612900833937635,0.1323371170537953,1.0,996,897,0.1831735266516516,0.0421959370719523,0.1070969962375506,1893,7.546446273746024
psydial,psydial_1341,2.7,4.287037037037037,-0.0007113819601914,0.132281718865354,0.0,1270,775,0.1411922406647602,0.0030568011463844,0.1126926330309246,2045,7.6236419465115715
psydial,psydial_1342,3.466666666666667,4.259259259259259,0.1590565999083147,0.1614866722845362,1.0,1397,1055,0.1585099843697836,0.090570398544496,0.1061105231303129,2452,7.8050670442584895
psydial,psydial_1347,2.6333333333333333,4.481481481481482,0.1398878555176337,0.1625636400418001,1.0,1478,1052,0.1942278858299471,0.0757677393141556,0.1060362117942382,2530,7.836369760545124
psydial,psydial_1355,1.7166666666666668,3.7685185185185186,0.0483342845026051,0.1167677600984286,1.0,668,808,0.2015782148320321,0.0464643735611293,0.1010000230122515,1476,7.29776828253138
psydial,psydial_1378,1.8833333333333333,4.185185185185186,0.1089046913039244,0.14790047964744,1.0,827,590,0.1580644482692675,-0.0476315464017917,0.118604295081245,1417,7.257002707092073
psydial,psydial_1383,2.4666666666666663,4.027777777777778,-0.0272634296695617,0.1213566829107922,0.0,808,724,0.1812113392163392,0.024314278227014,0.0984564549427011,1532,7.334981878871814
psydial,psydial_1384,2.4,3.9166666666666665,-0.0434994584758397,0.1581909341848657,0.0,915,628,0.1666144979100956,-0.0500684052442339,0.112172064845963,1543,7.342131730584722
psydial,psydial_1402,2.6666666666666665,4.268518518518518,0.1662251121914734,0.1451967795213467,1.0,964,809,0.1853253988095238,0.0888901811684534,0.1110809597538362,1773,7.480992162869525
psydial,psydial_1411,2.0666666666666664,3.8981481481481484,0.0545301621808143,0.1443278314086381,1.0,584,237,0.1152061351294903,0.0432651759834368,0.1186931747243132,821,6.71174039505618
psydial,psydial_1417,2.45,3.9259259259259256,0.0872773322194374,0.1211806323470165,1.0,583,439,0.1666711046511628,-0.0256476921470342,0.0963461660350211,1022,6.930494765951626
psydial,psydial_144,2.716666666666667,4.055555555555555,-0.0593140687003968,0.1296436027260595,0.0,650,579,0.1514611542745753,-0.0178529947916666,0.0980141130611017,1229,7.114769448366463
psydial,psydial_1456,2.1,4.12037037037037,-0.1601176643990929,0.1509124303016273,0.0,360,250,0.2624268474609761,-0.0568153458049886,0.1257031490508742,610,6.415096959171596
psydial,psydial_1458,2.033333333333333,4.1759259259259265,0.0262321365832235,0.1398921996914693,1.0,1277,1203,0.1637648905905187,0.0291613448146056,0.1104501233595721,2480,7.816416983691801
psydial,psydial_1459,2.216666666666667,4.601851851851851,0.0792266791044776,0.1607525484184599,1.0,1353,1166,0.1801861615288581,0.0718403192371475,0.1166783199226958,2519,7.832014180505469
psydial,psydial_1473,3.1,4.662037037037037,0.0760095668387837,0.1258534758187588,1.0,843,962,0.2015089566781591,0.0444996485943775,0.1064028554706786,1805,7.498869733976931
psydial,psydial_1496,3.0,4.388888888888888,0.0089480346206724,0.1390508209219944,1.0,647,776,0.1553947052006374,0.0012362423447069,0.1003808351868563,1423,7.261225091971921
psydial,psydial_150,2.3666666666666667,3.9629629629629632,0.0477695142563197,0.1260448235041737,1.0,550,416,0.165904874029874,0.0380650683421516,0.1017356319713627,966,6.874198495453294
psydial,psydial_1500,2.6,4.444444444444444,0.1189492670401493,0.1310345219756702,1.0,1286,1186,0.1974229693463338,0.0773352832244008,0.0990263092507874,2472,7.813187267521416
psydial,psydial_1521,2.3666666666666667,4.407407407407407,0.0178685190673779,0.1247073342537164,1.0,1217,1013,0.1849565824005565,0.0275610765329645,0.1076704054099101,2230,7.7102051944325325
psydial,psydial_1534,2.75,4.37962962962963,0.0926750706675363,0.1330276464428632,1.0,1107,977,0.1869174295716909,0.0439475356961658,0.0984632071389115,2084,7.642524134232902
psydial,psydial_1536,2.333333333333333,4.666666666666667,-0.019050268528464,0.1573994000536438,0.0,676,911,0.1883636073276317,-0.0037329902136292,0.1141699488196996,1587,7.370230641807081
psydial,psydial_1558,2.8000000000000003,4.314814814814815,0.0446646117878675,0.1410947049720527,1.0,655,374,0.1939303848662752,0.0306919835117509,0.1065677809942347,1029,6.937314081223682
psydial,psydial_1565,2.8000000000000003,4.8240740740740735,0.108734074829932,0.1248857939147103,1.0,887,765,0.1964008587385571,0.091429185941043,0.103457582724418,1652,7.410347097821024
psydial,psydial_1575,2.1,4.2592592592592595,0.0334793103448276,0.1698616225480003,1.0,589,731,0.1380778904498087,-0.025110119047619,0.1431705602448994,1320,7.186144304522325
psydial,psydial_1580,3.1,4.472222222222222,0.1396002368151562,0.1414468374732461,1.0,941,724,0.1799913891663891,0.0696922320361836,0.1004541508107834,1665,7.418180822726788
psydial,psydial_1597,2.2333333333333334,4.444444444444444,0.1446090271538385,0.1382159272712731,1.0,804,609,0.1789162916666666,0.0588822202256164,0.1127879022668833,1413,7.254177846456518
psydial,psydial_1617,2.6833333333333336,4.5,0.0363454572940287,0.1275553582759317,1.0,537,1389,0.1497630170232344,0.062188828420257,0.0902314216840402,1926,7.563719668414366
psydial,psydial_1627,2.4,4.0740740740740735,0.0956661686374773,0.156340562438265,1.0,754,769,0.1661331605054302,0.0568629381058911,0.1315171837783734,1523,7.329093736246592
psydial,psydial_1657,2.45,4.398148148148149,0.1581590327106902,0.1583633055482569,1.0,918,1315,0.1681144500960159,0.0921544703148294,0.1115662433895622,2233,7.711548979629146
psydial,psydial_1667,2.0166666666666666,4.037037037037037,0.0957058865757358,0.1269964695873191,1.0,1007,774,0.1630467968668949,0.0043907812873893,0.1043448223716527,1781,7.485491608030754
psydial,psydial_1670,2.9333333333333336,4.361111111111111,0.0819047969981643,0.1248312311689814,1.0,745,947,0.1758655692625308,0.0110425521002051,0.1066867972186311,1692,7.4342573821331355
psydial,psydial_1673,2.583333333333333,4.361111111111112,0.0279333333333333,0.1466057417841968,1.0,1364,1563,0.1608727610263324,0.0076326685409711,0.108531226267484,2927,7.982074875081202
psydial,psydial_1709,2.333333333333333,4.287037037037037,0.0615360821759259,0.1342946533415394,1.0,492,491,0.1542972041098597,0.0139003968253968,0.1015343043022321,983,6.891625897052253
psydial,psydial_1710,2.083333333333333,3.7685185185185186,0.0328203095731045,0.134129494999959,1.0,817,772,0.1849910462044145,-0.0146074657399191,0.1144066942008233,1589,7.371489295214277
psydial,psydial_1725,2.5666666666666664,4.398148148148149,0.1044039007936507,0.1713052095832405,1.0,1010,617,0.2168158697525062,0.0889739761904761,0.1154982293419547,1627,7.395107546562485
psydial,psydial_1728,2.483333333333334,4.407407407407407,0.0605072743764171,0.151939510736753,1.0,888,755,0.16300031863058,0.0292235578231292,0.1064703126454916,1643,7.404887575616125
psydial,psydial_1740,2.466666666666667,4.314814814814815,0.0739140499764262,0.144818520572226,1.0,1023,931,0.1736112785352753,0.0221687470532767,0.1157690358371643,1954,7.578145472419466
psydial,psydial_1745,2.3166666666666664,3.0092592592592595,0.0044037357057518,0.1487910189317836,1.0,941,779,0.141421216759431,-0.0367889144905273,0.114570432352561,1720,7.450660796211539
psydial,psydial_1746,2.2333333333333334,4.398148148148148,0.0871143220251062,0.1392692395296621,1.0,777,610,0.2155038428016797,0.0664197738354601,0.1049166563784265,1387,7.23561914106675
psydial,psydial_1764,1.9833333333333332,3.8703703703703702,0.0576063735399819,0.1507940619658537,1.0,1073,612,0.1458293065097791,0.0364608041329739,0.0975603627258303,1685,7.430114138561801
psydial,psydial_1783,2.8000000000000003,4.12037037037037,0.0293298783068783,0.1299780370088853,1.0,1510,874,0.1491039609138453,0.0334994708994709,0.1013202244412162,2384,7.776954403322442
psydial,psydial_1791,3.0,4.083333333333333,0.1983417714884696,0.1463675974351145,1.0,541,304,0.2347859792843691,0.11715372491764,0.1061423195930292,845,6.740519359606223
psydial,psydial_1817,2.6666666666666665,3.925925925925926,0.1278175441538117,0.1426683025340966,1.0,720,638,0.1692415808665808,0.0886594343840822,0.105096516030403,1358,7.214504414151143
psydial,psydial_1829,2.8833333333333333,4.37037037037037,0.1840662237583205,0.1608903938598276,1.0,784,550,0.1906834074171874,0.1386705376344086,0.124709068327866,1334,7.19668657083435
psydial,psydial_1841,2.5333333333333337,4.3240740740740735,0.0802717579624442,0.1281496290843029,1.0,778,712,0.1782819543227438,0.1020612044817927,0.1049938593078984,1490,7.307202314764738
psydial,psydial_1843,2.95,3.9814814814814814,-0.0258744897959183,0.1631678924713019,0.0,363,332,0.124975251855128,-0.0066196768707482,0.1186778588171841,695,6.54534966033442
psydial,psydial_1848,2.4,4.166666666666667,0.1015023368606701,0.1530911932284654,1.0,958,557,0.191323070907195,0.0353134395733602,0.1053365993258528,1515,7.323830566202317
psydial,psydial_1874,2.4166666666666665,4.064814814814815,-0.0008075661375661,0.1354227911066161,0.0,909,776,0.1518629255396204,-0.0329022641093474,0.1060243719829611,1685,7.430114138561801
psydial,psydial_1884,2.45,4.37962962962963,0.1851955306267806,0.1290226371524566,1.0,793,444,0.1784733634373289,0.0696222502035002,0.0906447466194277,1237,7.121252453244542
psydial,psydial_1897,3.0500000000000003,4.194444444444444,-0.1282866697191696,0.1604320004259084,0.0,663,534,0.2085407505668934,-0.0734519749694749,0.1102033018296314,1197,7.088408778675395
psydial,psydial_1917,2.1333333333333333,4.203703703703703,0.0012969012130597,0.1409489821742361,1.0,1242,844,0.1684349044767608,0.0270417392566782,0.1300473856046696,2086,7.643482907077201
psydial,psydial_1952,1.7166666666666668,4.12037037037037,0.0563355291005291,0.1324595081485307,1.0,1060,927,0.1973824368018812,0.0356768461829176,0.1065143027603721,1987,7.59488438721652
psydial,psydial_1956,2.533333333333333,4.203703703703703,0.0319905615079365,0.1331023800731349,1.0,1013,932,0.1466569003766187,0.0652538888888888,0.1023998746604144,1945,7.57353126274595
psydial,psydial_1959,1.7666666666666668,4.305555555555555,0.0285599739000745,0.1254067779004837,1.0,754,658,0.229716935700834,0.057496556407798,0.097831046669105,1412,7.253470382684528
psydial,psydial_196,3.4333333333333336,4.407407407407407,-0.0720966037466037,0.14589304817332,0.0,1120,907,0.1765653365503588,-0.0471011225511225,0.1100019547357026,2027,7.614805364711073
psydial,psydial_1986,2.316666666666667,4.092592592592593,0.0240786159323541,0.1524746969199429,1.0,548,582,0.1393577834566054,0.0067391670375315,0.1091801605287638,1130,7.030857476116121
psydial,psydial_1990,2.266666666666667,3.8333333333333335,-0.0686344788359788,0.1399228676121166,0.0,761,402,0.1417955167817763,-0.0578217698412698,0.0985348304994546,1163,7.059617628291383
psydial,psydial_1993,2.75,4.37037037037037,0.0598458125472411,0.1452288258388759,1.0,1063,1561,0.175205318789887,0.0137888699924414,0.1119068587586397,2624,7.872836175025724
psydial,psydial_2008,2.4166666666666665,4.342592592592593,0.0475930580671087,0.1593854760992727,1.0,1195,944,0.1654611399711399,0.0043198563391601,0.1223730930046335,2139,7.668561108015897
psydial,psydial_2011,2.516666666666666,4.12962962962963,0.0235640507936508,0.1316642105210738,1.0,1261,1718,0.1708358614988808,-0.0787275031746031,0.1046869219484344,2979,7.9996785794994505
psydial,psydial_2017,2.5333333333333337,3.8796296296296298,0.0896289599867725,0.1320462795993567,1.0,491,358,0.1261030995588302,-0.0048863591269841,0.1181819438401217,849,6.745236349484363
psydial,psydial_2020,2.8000000000000003,4.333333333333333,0.0685930982050141,0.1604345758314199,1.0,546,537,0.1080684463684463,0.0481315235128319,0.1161491003602986,1083,6.988413181999592
psydial,psydial_2022,2.85,4.388888888888889,0.0928952213279678,0.1425874831249765,1.0,719,1076,0.1946816058225852,0.0161025262687234,0.123128153272135,1795,7.493317248862145
psydial,psydial_2046,2.316666666666667,4.601851851851852,0.1117429936305732,0.1184661406645419,1.0,795,893,0.2025702340551605,0.0314582019007178,0.1035823626555381,1688,7.4318919168078
psydial,psydial_2050,2.35,4.037037037037037,0.0908558410762678,0.1422180319347672,1.0,833,1107,0.1516603911874403,0.0508723577235772,0.088572624454792,1940,7.57095858316901
psydial,psydial_2063,2.3666666666666667,4.046296296296297,0.1047732778548312,0.1461183424005526,1.0,527,470,0.1693905769032125,0.0255564994606256,0.1077959022735105,997,6.905753276311464
psydial,psydial_2068,2.65,4.055555555555555,0.0214609461656148,0.1402522526108355,1.0,841,696,0.1729519332963656,0.0654934834576401,0.1234104457770821,1537,7.338238150065589
psydial,psydial_2078,2.65,3.8796296296296298,-0.017156221532091,0.1601393623168532,0.0,1160,837,0.1627234352235258,0.0517177760524499,0.1205939891720024,1997,7.599901959208498
psydial,psydial_2079,2.5500000000000003,4.416666666666667,0.0315610914485914,0.1776134320320901,1.0,1122,1103,0.1425087138359304,0.0340159892034891,0.1114863592120326,2225,7.70796153183549
psydial,psydial_2096,2.5000000000000004,4.296296296296296,0.0574824367224367,0.1474232235092556,1.0,938,573,0.1756690884273331,-0.0139139446589446,0.1067726414276764,1511,7.321188556739478
psydial,psydial_2109,2.8000000000000003,4.185185185185185,0.110577067493664,0.146384500238399,1.0,605,378,0.1654426700219383,0.0849395091369881,0.1122807674174598,983,6.891625897052253
psydial,psydial_2116,2.6833333333333336,4.361111111111111,0.0295941618881409,0.1339270488744877,1.0,967,660,0.1802169781532684,-0.0277690995595445,0.1147661727021443,1627,7.395107546562485
psydial,psydial_2117,2.333333333333333,4.064814814814814,0.1259758709544423,0.1365310937029847,1.0,779,910,0.169683469425506,0.0301800711193568,0.1032354128896853,1689,7.432483807917119
psydial,psydial_2121,2.516666666666667,4.555555555555556,0.0558764799967606,0.1535143955268608,1.0,990,1131,0.2004154496647144,0.0388743743926142,0.1079104973891618,2121,7.660114319173928
psydial,psydial_2134,2.433333333333333,4.111111111111111,-0.016840128968254,0.1534590145611013,0.0,933,576,0.1587701464124744,-0.0407506922877846,0.0997806097193706,1509,7.31986492980897
psydial,psydial_216,1.95,4.453703703703703,0.1552057726528578,0.1531415272443342,1.0,1127,1079,0.2020708344459278,0.1234542529717417,0.1030026026424249,2206,7.699389406256737
psydial,psydial_2167,2.0500000000000003,3.6018518518518516,0.0259469926125586,0.1307739068200987,1.0,805,911,0.1691088326646253,0.0181347434361585,0.1080440728615595,1716,7.448333860897476
psydial,psydial_2182,2.583333333333333,4.333333333333333,0.1581313295615275,0.1533810750875208,1.0,515,311,0.1806550930305897,0.0938123055162659,0.1148523330207893,826,6.717804695023691
psydial,psydial_2196,2.733333333333333,4.083333333333333,0.026291631652661,0.1603646163452719,1.0,353,209,0.1191122698412698,0.0594666841736694,0.1149972244135289,562,6.333279628139691
psydial,psydial_220,2.066666666666667,4.564814814814814,0.1408820799457995,0.1606726653732053,1.0,1240,1340,0.1718777610818933,0.0610429555426506,0.1032344052208988,2580,7.855932199718614
psydial,psydial_221,2.65,4.231481481481481,0.06938953709689,0.1451279701206463,1.0,1118,881,0.1919174571319353,0.0906742799683976,0.1111498496925918,1999,7.600902459542082
psydial,psydial_2225,2.9,4.222222222222222,0.0613323553305837,0.1812070547849889,1.0,648,365,0.1840345739700374,0.0430410604924384,0.1001791518995998,1013,6.921658184151129
psydial,psydial_2230,2.5,4.287037037037037,0.0437578491335372,0.1493261129688801,1.0,555,372,0.1572021109362018,0.0188763979903888,0.0988651245602498,927,6.833031732786201
psydial,psydial_2235,2.75,4.2407407407407405,0.0753333017277707,0.1025593742975322,1.0,574,478,0.1525792271635022,0.0752319778058716,0.0937398213473895,1052,6.959398512133975
psydial,psydial_2247,2.25,3.944444444444444,-0.0110516573295984,0.1590028368540567,0.0,1455,1120,0.1572593255754147,0.0060766724336793,0.1098740603743861,2575,7.853993087224244
psydial,psydial_2285,2.6333333333333333,4.305555555555556,0.1928243281471004,0.1520217029885916,1.0,518,449,0.1529636444805195,0.0487940672638692,0.0949058157450425,967,6.875232087276577
psydial,psydial_23,1.5833333333333333,3.972222222222222,0.0836703968253968,0.1698619081622559,1.0,512,489,0.2097317493386243,0.0848145238095238,0.1210361887489257,1001,6.90975328164481
psydial,psydial_2306,1.65,4.1759259259259265,0.0980804201007326,0.1608465842455497,1.0,1051,1014,0.1410046272605228,0.0513881219474969,0.1095454668706792,2065,7.633369649679584
psydial,psydial_2312,2.9333333333333336,4.157407407407407,0.0726381166881167,0.1298650745495017,1.0,565,524,0.194651037139775,0.0501427534677534,0.1161445146966637,1089,6.993932975223189
psydial,psydial_2320,2.433333333333333,3.75,-0.0474551251008877,0.1161231938388544,0.0,599,565,0.1777808139202923,-0.0242346314231907,0.1052699871221173,1164,7.060476365999801
psydial,psydial_2321,2.483333333333333,4.435185185185186,0.0426540834613415,0.1260178455105009,1.0,1096,709,0.1181223333333333,-0.0053506254114549,0.1144380864067799,1805,7.498869733976931
psydial,psydial_2324,2.983333333333333,4.018518518518518,0.0058523171768707,0.1385615790537925,1.0,569,629,0.1726832686891961,-0.0801430484693877,0.1124109837838199,1198,7.089243155027514
psydial,psydial_2333,2.1333333333333333,4.037037037037037,0.0588541655582158,0.1578992484746611,1.0,904,374,0.1762004479234616,0.0112394741509266,0.1180180077137785,1278,7.153833801578843
psydial,psydial_2334,2.733333333333333,4.092592592592593,0.1195590753645632,0.1482115639657462,1.0,625,639,0.1517911426051902,0.0213512840366498,0.125796649539727,1264,7.142827401161621
psydial,psydial_2346,2.033333333333333,4.157407407407407,0.1401677891156462,0.1465183223219056,1.0,713,792,0.1540856119118571,0.0539187811791383,0.1176534389029859,1505,7.317212408359839
psydial,psydial_2374,2.033333333333333,4.333333333333333,0.1142137876579203,0.1564064469985315,1.0,1482,1139,0.175796856651215,0.0072363824101068,0.1120114792234196,2621,7.871692664323645
psydial,psydial_2375,2.4166666666666665,4.37037037037037,0.0284303276598457,0.1182789897503711,1.0,1257,942,0.1835564121540006,0.0022312488047427,0.1034951601682847,2199,7.696212639346407
psydial,psydial_2380,2.9166666666666665,4.138888888888889,0.0612165737514517,0.130625200054625,1.0,1038,572,0.1546176041049931,0.0043931087882307,0.1049983806838319,1610,7.384610383176974
psydial,psydial_2381,2.95,4.268518518518518,0.0809456373111493,0.1501498124762972,1.0,839,699,0.1819110075914424,0.0540617469879518,0.1030187893844992,1538,7.338888133838879
psydial,psydial_255,2.533333333333333,4.314814814814816,0.0385504273504273,0.1327625597490302,1.0,790,790,0.1564616253073999,-0.0238673305860805,0.1217297844748618,1580,7.365812837209472
psydial,psydial_260,2.7,4.333333333333333,0.0067691277857944,0.1361164987056806,1.0,506,564,0.1894723216073216,0.0391044652877986,0.1168228928577413,1070,6.976348070447749
psydial,psydial_278,2.433333333333333,4.25,-0.0283240366377159,0.1504532686886171,0.0,806,540,0.1545608301198696,-0.019163774084057,0.1158957697330839,1346,7.205635176410364
psydial,psydial_29,1.8833333333333333,4.388888888888888,0.1058418081093823,0.1433759727297439,1.0,516,861,0.1288975589649005,0.0139980237309445,0.1300168547127548,1377,7.228388451573604
psydial,psydial_299,2.1833333333333336,4.351851851851851,0.0402280474513749,0.131321541065058,1.0,1430,921,0.1641117938074352,0.0746556477755421,0.1127927772642294,2351,7.763021309018518
psydial,psydial_320,2.716666666666667,4.027777777777778,0.1519880926274018,0.1542500614672738,1.0,770,676,0.1854271959258466,0.0647113304093567,0.1107121059696741,1446,7.277247726631484
psydial,psydial_321,2.983333333333333,4.018518518518518,0.0964435027244728,0.1386875701989115,1.0,680,808,0.1920408551363807,0.0890295131485429,0.1105403127641934,1488,7.305860032684009
psydial,psydial_322,1.95,4.166666666666667,0.1461174631930066,0.154022300568775,1.0,700,419,0.1960434630274874,0.0832816913963653,0.1106167890509406,1119,7.02108396428914
psydial,psydial_329,2.45,4.398148148148148,0.0494322889109347,0.1403470447575449,1.0,730,667,0.1680547281323877,0.0611399305555555,0.112689434655266,1397,7.242797922793756
psydial,psydial_343,2.7,4.268518518518518,0.0621255877508235,0.1364020627887379,1.0,543,360,0.1462383857911635,0.0435880091344713,0.1139442386706002,903,6.806829360392176
psydial,psydial_344,2.716666666666667,4.259259259259259,0.0334765432098765,0.1514966411872677,1.0,913,648,0.1293991548053754,0.0255507495590828,0.1093223119579531,1561,7.3537223303996315
psydial,psydial_345,3.0666666666666664,4.722222222222222,0.1133446145124716,0.1660052180308431,1.0,676,510,0.2006204836359028,0.1070713987349325,0.1064194279299747,1186,7.079184394609668
psydial,psydial_358,2.733333333333333,4.222222222222222,0.0131709733893557,0.14249816303829,1.0,860,657,0.1749988468792866,0.0438839869281045,0.1047932483577816,1517,7.325148957955575
psydial,psydial_361,2.75,4.37037037037037,0.024387746031746,0.1496241833795075,1.0,635,633,0.17752823756105,0.0819900698412698,0.0942142854406939,1268,7.1459844677143876
psydial,psydial_369,2.3833333333333333,4.416666666666667,0.0016215480043149,0.1354634189137645,1.0,2070,1366,0.1847180437122036,0.0289067315842194,0.0982502739184809,3436,8.142354276849835
psydial,psydial_374,2.083333333333333,4.037037037037037,0.0998604490500863,0.1207793115231734,1.0,976,623,0.1932722441962669,0.0893532650711407,0.1135392241084732,1599,7.3777589082278725
psydial,psydial_391,2.966666666666667,4.0555555555555545,0.136377774551555,0.156163218231658,1.0,627,728,0.152058145682937,0.0533113692089302,0.1073200983070126,1355,7.212294468500341
psydial,psydial_457,2.9,4.101851851851851,0.0252688099721998,0.1468261243517023,1.0,894,566,0.2032466593998461,0.0235893574567303,0.121971284253541,1460,7.2868764117507
psydial,psydial_470,2.216666666666667,3.9166666666666665,0.0785077210884353,0.1561718645801809,1.0,710,442,0.1576113008174786,-0.0197381604308389,0.1208087807856624,1152,7.050122520269059
psydial,psydial_481,1.6166666666666665,4.157407407407407,0.0521227913129076,0.1100933287458628,1.0,657,664,0.2737418502362777,-0.0015902208687092,0.1052607140416787,1321,7.186901020411631
psydial,psydial_484,2.45,4.138888888888888,-0.0408731358434846,0.1319950295962955,0.0,656,570,0.1917803560818266,-0.057830035683524,0.091942042219322,1226,7.112327444710911
psydial,psydial_486,2.333333333333333,4.222222222222222,0.0561639260598754,0.1440585036777616,1.0,1988,1103,0.1825312686805374,0.0490971026722925,0.102955342155377,3091,8.036573409707312
psydial,psydial_493,1.9833333333333332,4.212962962962963,0.1346388201745344,0.1408534751820048,1.0,1167,977,0.1770146132592155,0.0394340410911839,0.1081054702769748,2144,7.6708948313621175
psydial,psydial_495,2.8833333333333333,4.0740740740740735,0.042023233290762,0.1507714651383359,1.0,1316,1389,0.1708925779273062,0.047605643738977,0.114949652161993,2705,7.903226808730733
psydial,psydial_511,1.9166666666666667,4.342592592592593,0.1052493111012521,0.1365157057799527,1.0,1619,1438,0.1663721936196918,0.0511830289362121,0.1042108029836853,3057,8.025516386489008
psydial,psydial_513,2.533333333333333,4.305555555555556,0.0477612596236099,0.1449653764098164,1.0,1683,1085,0.1615967549566294,0.0334991612014067,0.1134837264592117,2768,7.926241523170962
psydial,psydial_523,2.75,4.222222222222222,0.0087663545568039,0.1279828315448451,1.0,899,894,0.1611859272710968,-0.0387921705011592,0.1214890770106252,1793,7.492203042618741
psydial,psydial_553,2.25,4.472222222222222,-0.0367123137598597,0.1300439394161175,0.0,825,738,0.2094304123935811,-0.0558657026000584,0.1031128414696373,1563,7.355001921105257
psydial,psydial_564,2.6,4.083333333333333,-0.0517443601190476,0.1310656008376251,0.0,1211,860,0.1932901651651651,0.0187684507275132,0.1054434058702287,2071,7.6362696033793735
psydial,psydial_577,2.1166666666666667,4.12962962962963,0.0141936069582871,0.1251614991347628,1.0,869,469,0.1596442072118702,0.0016680486341823,0.1138287277502891,1338,7.199678345691172
psydial,psydial_589,1.6166666666666665,4.12037037037037,0.0534021733821733,0.1244208408562754,1.0,663,847,0.1961228657612607,0.0738539041514041,0.1171974658853523,1510,7.32052696227274
psydial,psydial_609,2.3000000000000003,2.092592592592592,0.0220019590114527,0.1689806449547493,1.0,407,443,0.1605696830882891,0.097374131002612,0.0959077985868262,850,6.7464121285733745
psydial,psydial_62,1.55,3.6018518518518516,0.0773368713215623,0.1383744641488117,1.0,901,861,0.2195630589090096,0.0252258761369716,0.1006925835191043,1762,7.47477218239787
psydial,psydial_620,1.9333333333333331,4.0740740740740735,0.0049424808429117,0.1206799027425558,1.0,589,790,0.2233288224295266,0.0698422413793103,0.1114432234433908,1379,7.22983877815125
psydial,psydial_622,2.6333333333333333,4.083333333333333,0.0089223823447507,0.1325995298560432,1.0,1152,807,0.1672881300473405,0.0254837823725981,0.0990625893901245,1959,7.580699752224563
psydial,psydial_626,2.2666666666666666,4.4259259259259265,0.0712624136321195,0.137591911008285,1.0,1284,700,0.1850970229481083,0.0629608963585434,0.1122094193948225,1984,7.59337419312129
psydial,psydial_640,2.2666666666666666,4.277777777777778,0.0309785420912853,0.1529948186482328,1.0,1296,1417,0.1387962208581349,0.0518436029275523,0.1040791961038082,2713,7.906178840394815
psydial,psydial_642,2.0,4.185185185185186,0.0238723295270488,0.1397630804935132,1.0,992,696,0.1666842170929507,-0.013397886297376,0.1180304278870087,1688,7.4318919168078
psydial,psydial_650,1.3666666666666665,3.8611111111111107,0.0021875223563604,0.1288757603919375,1.0,722,501,0.2414699719318621,0.0209095461658841,0.0980570586797946,1223,7.1098794630722715
psydial,psydial_661,2.8166666666666664,4.157407407407407,-0.0456679464285714,0.1423263463299203,0.0,810,521,0.1520533637152777,-0.0167034151785714,0.1131963109313557,1331,7.194436851100335
psydial,psydial_668,2.266666666666667,4.287037037037037,0.1609453686299081,0.1459589708467608,1.0,393,358,0.1751472449629326,0.1192616489139515,0.1115155414163075,751,6.62273632394984
psydial,psydial_739,2.766666666666667,4.009259259259259,0.0152845861678004,0.1377280786451002,1.0,1063,795,0.1252491422311078,-0.0857255215419501,0.1163387314640327,1858,7.527793987721444
psydial,psydial_741,2.5666666666666664,3.9166666666666665,-0.0607134004884004,0.142001509090911,0.0,793,683,0.1516353539635438,-0.0098251322751322,0.1161076782382761,1476,7.29776828253138
psydial,psydial_751,1.5666666666666669,4.101851851851852,0.0900420438022537,0.14540404449468,1.0,1319,873,0.2171277015358612,0.1187467981340118,0.1047069973639588,2192,7.693025748417888
psydial,psydial_766,2.85,4.055555555555556,0.1460267292318387,0.1515718864355964,1.0,698,738,0.2141022111176432,0.0785567141698528,0.1197734933524808,1436,7.270312886079025
psydial,psydial_767,2.5,3.8703703703703702,0.0572922555043522,0.1372140850347097,1.0,1097,853,0.186229770838035,-0.0095427967961378,0.1085571521871563,1950,7.576097340623111
psydial,psydial_770,2.583333333333333,4.388888888888889,0.174202503548845,0.142014721091385,1.0,1241,838,0.2052235084343347,0.0817530971738288,0.109953792959421,2079,7.640123172695364
psydial,psydial_794,3.35,4.2407407407407405,0.0834680409663865,0.1691707521397892,1.0,689,685,0.1763328466939044,-0.0018348622782446,0.1200029321745434,1374,7.226209010100671
psydial,psydial_797,2.783333333333333,4.305555555555555,-0.0917366109028645,0.1606810718571731,0.0,1727,968,0.2003695760299253,-0.0386083865518996,0.1004139539569332,2695,7.899524472032198
psydial,psydial_804,2.333333333333333,4.194444444444444,0.1730306394373467,0.1453649531647912,1.0,626,469,0.2260573490338164,0.1792661375661375,0.1125238621471434,1095,6.999422467507961
psydial,psydial_825,2.6666666666666665,4.0555555555555545,0.2061051922646993,0.1499744208814359,1.0,719,686,0.179318551147687,0.1418376676727029,0.1173251824580979,1405,7.2485040723706105
psydial,psydial_831,2.8666666666666667,3.8888888888888893,-0.0288225893784304,0.135763432952533,0.0,546,474,0.1549083700290152,-0.0012812935766206,0.1088360705770188,1020,6.928537818164665
psydial,psydial_866,2.6500000000000004,4.601851851851852,0.0901357721915662,0.1585132022098366,1.0,1178,923,0.2045115982425063,0.086345658764221,0.1102554642768455,2101,7.650644551436897
psydial,psydial_883,2.1333333333333333,3.4907407407407405,0.1514328571428571,0.1582727857647661,1.0,886,746,0.1095142528698498,0.176563081632653,0.1157452512082209,1632,7.398174092970465
psydial,psydial_887,2.1333333333333333,3.814814814814815,-0.0271547790515383,0.1457632728783469,0.0,821,678,0.1747363436306261,-0.0551470997452478,0.0918284121462588,1499,7.313220387090301
psydial,psydial_889,3.016666666666667,4.009259259259259,0.0261682287157287,0.1415328883108095,1.0,560,483,0.2080637214520126,0.0241749783549783,0.0758278442025622,1043,6.950814768442584
psydial,psydial_894,2.6166666666666667,3.907407407407407,0.0317167392883079,0.1083623533482671,1.0,774,742,0.1981670006929556,0.071500178960473,0.100463237077389,1516,7.324489979348532
psydial,psydial_895,2.2166666666666663,3.907407407407407,0.033834551366843,0.1510573374195418,1.0,729,498,0.1606644902132632,0.0478706266534391,0.1025333638413239,1227,7.113142108707088
psydial,psydial_899,2.5333333333333337,4.296296296296297,0.0194704202446005,0.1422801237535633,1.0,620,429,0.1195625774754346,0.0007116282851938,0.1003564017050136,1049,6.956545443151569
psydial,psydial_905,2.3166666666666664,4.138888888888888,0.1270864601436681,0.1650280221465628,1.0,1381,761,0.1496692138424518,0.0477647882632371,0.1090162552147682,2142,7.669961995473577
psydial,psydial_914,2.283333333333333,4.101851851851852,0.0176670618854829,0.1566137917355194,1.0,1245,870,0.1736950929152148,0.0415401018572071,0.1075740096611257,2115,7.65728279297819
psydial,psydial_918,2.7166666666666663,4.388888888888889,0.0710754661123709,0.1293703238846077,1.0,1587,1058,0.1998541532373992,0.0115666276140085,0.0958923169243967,2645,7.880804344674901
psydial,psydial_943,2.45,4.25,0.0930576086956521,0.13606824360088,1.0,1389,917,0.1756225229004964,0.042380063837129,0.1034252924231982,2306,7.7437032581737535
psydial,psydial_953,2.3000000000000003,4.296296296296297,-0.0173145531877575,0.1563979749394135,0.0,918,818,0.1512609909353111,0.0225062198544242,0.1060367192622316,1736,7.459914766241105
psydial,psydial_957,3.033333333333333,4.527777777777778,0.0481839532665712,0.1339715387949692,1.0,1176,1089,0.2299653270135215,0.0450007238231487,0.1011611927291648,2265,7.725771441587952
psydial,psydial_959,2.033333333333333,4.37037037037037,0.2288904082409218,0.1618761162036783,1.0,743,735,0.1827044547203638,0.1256130272885409,0.0967230600896489,1478,7.2991214627108
psydial,psydial_967,1.6333333333333335,4.3240740740740735,-0.0569404473707546,0.171916418532248,0.0,908,622,0.1545321590408866,0.0544385031480003,0.1179728233752999,1530,7.333676395657684
psydial,psydial_979,3.0,4.37962962962963,0.0437040833636253,0.1474864679883337,1.0,664,703,0.1488581652257445,0.0442507270083605,0.1140624127909051,1367,7.221105098182496
psydial,psydial_991,2.416666666666667,4.138888888888889,0.086619369047619,0.1289239317234194,1.0,513,401,0.1688299896744412,0.0861004722222222,0.1021978036500489,914,6.818924065275521
psydial,psydial_999,2.95,4.407407407407407,0.147270955165692,0.1366276005775918,1.0,1149,1695,0.1569403034325632,0.0571473249094959,0.1518612649975729,2844,7.953318346560431
simpsydial,simpsydial_103,3.583333333333333,4.222222222222222,0.0111284511784511,0.1477689815632977,1.0,339,434,0.1988899495798319,0.081226942039442,0.1030352439211549,773,6.651571873589727
simpsydial,simpsydial_112,2.933333333333333,4.203703703703704,0.1231123947550034,0.1421408122862617,1.0,587,940,0.2087065286515609,0.1001174637681159,0.0871231941743368,1527,7.331714969726466
simpsydial,simpsydial_114,3.716666666666667,4.333333333333333,0.1797149585921325,0.1387205589177531,1.0,357,411,0.1702834902866619,0.1703893547273982,0.0946712579519309,768,6.645090969505644
simpsydial,simpsydial_115,3.5666666666666664,4.416666666666667,0.0168469516594516,0.1094807511862846,1.0,339,475,0.2207449928469241,-0.0254920574795574,0.0981318988014037,814,6.703188113240863
simpsydial,simpsydial_120,2.9333333333333336,4.203703703703703,0.0796801462513726,0.1273389805422003,1.0,804,1049,0.190075077075702,-0.0083486822401916,0.1099156632295655,1853,7.5251007461258
simpsydial,simpsydial_125,2.766666666666666,4.314814814814816,0.1880415140415141,0.1760147745262085,1.0,269,371,0.2296496864860124,-0.0170655753968253,0.1252657196580362,640,6.46302945692067
simpsydial,simpsydial_14,3.1,4.972222222222222,0.2111981257086168,0.1612079931674067,1.0,1132,1374,0.2368730129658701,0.1378306423611111,0.1333751525183182,2506,7.826842098158293
simpsydial,simpsydial_140,3.6666666666666665,4.388888888888888,0.0314566229851113,0.1155660929899524,1.0,655,689,0.2147622432306256,0.0255447274517042,0.0919347687158354,1344,7.20414929203594
simpsydial,simpsydial_147,2.45,4.277777777777778,0.1165285364145657,0.1082831732212849,1.0,353,403,0.1921258671742808,-0.0727689950980392,0.1087256400003891,756,6.6293632534374485
simpsydial,simpsydial_152,3.3833333333333333,4.222222222222222,0.0087834421402969,0.1395034044610547,1.0,320,413,0.1584800182696841,0.0349242447516641,0.1121208124532829,733,6.598509028614515
simpsydial,simpsydial_16,3.3666666666666667,4.194444444444445,0.2749301042639279,0.14021894947556,1.0,264,474,0.2417892592592592,0.040159477124183,0.100497356728437,738,6.6052979209482015
simpsydial,simpsydial_163,2.6166666666666667,4.212962962962963,0.1223511054421769,0.146601896224924,1.0,290,339,0.1896623003848004,0.0010331207482993,0.1032923351128436,629,6.4457198193855785
simpsydial,simpsydial_168,3.5500000000000003,4.351851851851852,-0.0183704110704111,0.1273582211049721,0.0,399,652,0.1963264867066577,0.0271817307692307,0.1156279387614022,1051,6.9584483932976555
simpsydial,simpsydial_187,2.333333333333333,4.194444444444444,0.1669108122672937,0.143954731993096,1.0,415,414,0.1473842014501273,0.1008464187732706,0.08181104677641,829,6.721425700790643
simpsydial,simpsydial_188,3.333333333333333,4.1944444444444455,0.2684460401891252,0.1685078087710531,1.0,248,356,0.1732731908421389,0.1829444191151638,0.0953022884683756,604,6.405228458030842
simpsydial,simpsydial_189,2.65,4.439814814814815,0.0615134495464852,0.1291652692271199,1.0,572,637,0.1942389912546759,0.0543210140306122,0.1059627617074404,1209,7.098375638590786
simpsydial,simpsydial_197,3.0666666666666664,4.305555555555556,0.0706606547619047,0.1152544892986669,1.0,511,618,0.2097367262230562,-0.0229064246031746,0.1058035711547568,1129,7.029972911706386
simpsydial,simpsydial_198,2.3833333333333333,4.583333333333334,0.0589102642775323,0.1461316506919972,1.0,498,577,0.2033478370221328,0.0345220013091146,0.1211048232908427,1075,6.98100574072173
simpsydial,simpsydial_200,3.2999999999999994,4.175925925925926,0.2113264785823004,0.1518349065772401,1.0,376,705,0.1990926199598613,0.0666460317460317,0.1291512464545307,1081,6.9865664594064265
simpsydial,simpsydial_203,3.1833333333333336,4.203703703703703,0.0047170105820106,0.1205069624257919,1.0,388,376,0.1829381579516456,-0.0343600105820105,0.0946801048869857,764,6.639875833826536
simpsydial,simpsydial_205,3.6,4.203703703703703,0.1131685577876984,0.1478126888464992,1.0,333,432,0.1238312178693384,0.1414484126984126,0.1255597370281032,765,6.641182169740591
simpsydial,simpsydial_207,2.9,4.5092592592592595,0.1704206291695422,0.1165476851411406,1.0,701,690,0.2040462700743537,0.0649722912353347,0.0974447750524873,1391,7.238496840894365
simpsydial,simpsydial_208,3.0666666666666664,4.1759259259259265,0.1769668522785457,0.1458548648411751,1.0,322,464,0.1797028266178266,-0.0059254288274449,0.0935648085918218,786,6.668228248417403
simpsydial,simpsydial_218,3.6,4.583333333333333,-0.0171171480614104,0.1587954779117333,0.0,318,499,0.2051321428571428,0.0334128870673952,0.1235485404040815,817,6.706862336602747
simpsydial,simpsydial_226,3.35,4.37962962962963,0.1419034374999999,0.146436355769629,1.0,409,573,0.1863816897444556,0.1040803918650793,0.1084467687374417,982,6.890609120147166
simpsydial,simpsydial_231,3.233333333333333,4.305555555555555,0.1171132539682539,0.1541039802604146,1.0,237,367,0.2065910880553338,-0.0211043386243386,0.1282552711412428,604,6.405228458030842
simpsydial,simpsydial_232,3.083333333333333,4.185185185185186,0.0218605841790268,0.1396412606455214,1.0,314,484,0.1797800760233918,0.0262803083528493,0.1101685546177305,798,6.683360945766275
simpsydial,simpsydial_234,2.85,4.0740740740740735,0.0429361394557823,0.1547074546240563,1.0,359,547,0.2132958289077713,-0.0872597448979592,0.1066856062659013,906,6.810142450115136
simpsydial,simpsydial_24,2.95,4.203703703703703,-0.0025082465277777,0.1369072530243963,0.0,330,453,0.1981327515015015,0.0454827442956349,0.0949933115734926,783,6.664409020350408
simpsydial,simpsydial_242,2.966666666666667,4.546296296296297,0.1743687921912059,0.1310838503663998,1.0,447,495,0.2174543365014044,0.0789985176062762,0.0996316079149111,942,6.849066282633458
simpsydial,simpsydial_248,3.0500000000000003,4.666666666666667,0.0962556989247312,0.1250314881710523,1.0,785,808,0.1944203736813874,0.0238077444956477,0.1007777801033516,1593,7.374001859350161
simpsydial,simpsydial_250,3.516666666666667,4.537037037037037,0.1131579147640791,0.1434341060323881,1.0,378,548,0.234297052154195,-0.0432226788432267,0.1253935874389552,926,6.831953565565855
simpsydial,simpsydial_252,3.2,4.222222222222221,0.0146024628369866,0.1339602376809416,1.0,325,483,0.2244085560243788,-0.010663315696649,0.1135745218646315,808,6.695798917058491
simpsydial,simpsydial_254,3.8,4.314814814814815,0.0922894677871149,0.1251997129370624,1.0,434,472,0.2114405644691282,0.1190515546218487,0.1170075388079416,906,6.810142450115136
simpsydial,simpsydial_261,3.583333333333333,4.564814814814814,0.0607823979591836,0.135849921702225,1.0,362,402,0.2439099125570499,0.0886435487528344,0.0962827421120667,764,6.639875833826536
simpsydial,simpsydial_265,3.15,4.138888888888889,0.0898679761904762,0.132042657524016,1.0,260,415,0.2161353536242083,0.134043865079365,0.123901662787635,675,6.516193076042964
simpsydial,simpsydial_269,3.533333333333333,4.111111111111111,0.0131091349206349,0.1355803598918098,1.0,262,436,0.1853430978402289,-0.0634599444444444,0.0888519908079869,698,6.54965074223381
simpsydial,simpsydial_27,3.4333333333333336,4.518518518518518,0.2161925677910053,0.1413863237527045,1.0,490,817,0.205295696801823,0.1582142319775132,0.1018155264469497,1307,7.176254532017144
simpsydial,simpsydial_271,2.9,4.657407407407407,0.0651181004791853,0.1412786793248077,1.0,543,772,0.2379968748049678,0.0088100067385444,0.1020087960374601,1315,7.182352111885263
simpsydial,simpsydial_273,3.6666666666666665,4.481481481481482,0.0934522591544868,0.1105771176022329,1.0,518,513,0.2100029250125976,0.0681733262611975,0.0830889582182676,1031,6.939253946041508
simpsydial,simpsydial_274,3.1666666666666665,4.5,0.0299097495267219,0.1338499929985157,1.0,555,665,0.2059198654665118,0.0125978156400174,0.1158771508446643,1220,7.107425474110705
simpsydial,simpsydial_275,3.433333333333333,4.055555555555555,0.0788807580174927,0.1114338632708871,1.0,258,398,0.171504812910597,0.0262809037900874,0.115649079097761,656,6.48768401848461
simpsydial,simpsydial_280,3.266666666666667,4.2592592592592595,-0.024929179550608,0.161886707710154,0.0,396,452,0.2397934555161417,-0.0231953772418058,0.1112263111252643,848,6.744059186311348
simpsydial,simpsydial_282,3.3000000000000003,4.0740740740740735,0.0376607142857143,0.1127729771732342,1.0,239,338,0.1818710317460317,0.046277812284334,0.1129110327286613,577,6.359573868672378
simpsydial,simpsydial_290,3.1833333333333336,4.277777777777778,0.0085630217519106,0.1499844490106525,1.0,416,411,0.2011370380241648,-0.0234542328042328,0.109205807436375,827,6.71901315438526
simpsydial,simpsydial_298,3.6833333333333336,4.175925925925926,0.0549361889200124,0.1026123538231975,1.0,264,327,0.2175210280023959,0.0310916977902272,0.1455190194894099,591,6.3835066348840055
simpsydial,simpsydial_30,3.5666666666666664,4.509259259259259,0.1801160293410293,0.146881567833312,1.0,340,484,0.213550410192147,0.122642322029822,0.0990622775377636,824,6.715383386334681
simpsydial,simpsydial_301,3.15,4.351851851851851,0.1049988219246031,0.1112012950527352,1.0,333,331,0.1689939095928226,0.0174442026289682,0.0869609247109563,664,6.499787040655854
simpsydial,simpsydial_311,3.266666666666667,4.027777777777778,0.0088336309523809,0.1583081289390834,1.0,213,447,0.1603413060810321,0.0783079365079365,0.1048713945574131,660,6.493753839851686
simpsydial,simpsydial_313,3.7000000000000006,4.416666666666667,0.0978274718915344,0.1304424222358645,1.0,249,331,0.2097478815439218,0.0961007605820105,0.0982659634270833,580,6.364750756851911
simpsydial,simpsydial_314,3.0666666666666664,4.796296296296297,0.1428966595107988,0.149306127881126,1.0,620,1040,0.2108407671701076,0.0445278525891231,0.1179194141488835,1660,7.415175109613295
simpsydial,simpsydial_334,3.483333333333333,4.092592592592593,0.081921708937198,0.1328268112851204,1.0,473,660,0.2123130964572208,0.0587970626293996,0.0821859162040287,1133,7.033506484287697
simpsydial,simpsydial_338,3.7,4.3240740740740735,0.0130109084768659,0.1050489135296064,1.0,244,406,0.171620212106673,0.015096850726106,0.099907485232283,650,6.478509642208569
simpsydial,simpsydial_342,3.4166666666666665,4.277777777777778,0.0931558531746031,0.1173761433843215,1.0,309,417,0.1992819677871148,0.0189829166666666,0.1012009591184663,726,6.588926477533519
simpsydial,simpsydial_358,2.983333333333334,4.333333333333333,0.0501688512518409,0.112970683504613,1.0,496,612,0.1994177215772987,0.0149198289968908,0.0998968112301748,1108,7.011213987350367
simpsydial,simpsydial_384,3.266666666666667,3.972222222222222,-0.0268970965608465,0.1605350195034522,0.0,611,678,0.1739806095333001,-0.0854717294973544,0.1243843417206567,1289,7.162397497355718
simpsydial,simpsydial_385,3.0500000000000003,4.62037037037037,0.1714889835858586,0.1318244559616865,1.0,450,504,0.2337648308481641,0.1579458062770563,0.1002252000092328,954,6.86171134048073
simpsydial,simpsydial_396,3.3000000000000003,4.194444444444444,0.1359929410246483,0.1422019641896048,1.0,627,738,0.1972183965858863,0.0163491031100787,0.1082227001444643,1365,7.2196420401307355
simpsydial,simpsydial_398,3.3000000000000003,4.638888888888889,0.0603010281385281,0.115658618582091,1.0,341,467,0.2519589450336175,0.1118270622895622,0.0878150537350431,808,6.695798917058491
simpsydial,simpsydial_409,3.383333333333333,4.157407407407407,-0.0313924539170506,0.1717708496554951,0.0,322,434,0.1714532287581699,0.0283859703020993,0.1291613672664275,756,6.6293632534374485
simpsydial,simpsydial_411,1.8333333333333333,4.037037037037037,0.1058034090909091,0.1512651170149088,1.0,343,412,0.1692268344558667,-0.0007419372294372,0.0979294653197764,755,6.628041376179533
simpsydial,simpsydial_413,3.65,4.37962962962963,0.0377942646329365,0.1212949213315123,1.0,333,557,0.1915078271637122,-0.0130340587797619,0.1029574574094615,890,6.792344427470809
simpsydial,simpsydial_420,3.0,4.138888888888889,0.0476045449735449,0.1473837652954484,1.0,385,595,0.1998495835364862,-0.002146656084656,0.1251595818336957,980,6.8885724595653635
simpsydial,simpsydial_425,3.4333333333333336,4.203703703703703,0.148111746031746,0.1435808233693642,1.0,262,312,0.1933450665304626,0.0940673492063492,0.1197410188749581,574,6.354370040797351
simpsydial,simpsydial_428,2.5333333333333337,4.148148148148148,0.0454275607638889,0.1109039302339212,1.0,330,372,0.1563802057370239,0.0434021577380952,0.1403257724076809,702,6.555356891810665
simpsydial,simpsydial_435,3.016666666666667,4.398148148148149,0.0813864179348715,0.1437860586293481,1.0,497,433,0.2253381055330937,0.0656396048109965,0.0888542854516987,930,6.836259277277067
simpsydial,simpsydial_456,3.4166666666666665,4.564814814814814,0.2540757341269841,0.1458586567346536,1.0,413,479,0.2090784945964201,0.1180112251984126,0.1019933215660001,892,6.794586580876499
simpsydial,simpsydial_459,3.4,4.351851851851852,0.0169362727807172,0.1298702332580631,1.0,283,390,0.170806664791901,0.0270208039388595,0.1148056643235177,673,6.513230110912307
simpsydial,simpsydial_461,3.6,4.277777777777778,0.0328025235615079,0.1124697636633997,1.0,331,668,0.1608472619649782,0.0616312562003968,0.1163464814102092,999,6.907755278982137
simpsydial,simpsydial_463,2.75,4.768518518518519,0.0437244462212746,0.0964891673657676,1.0,681,1680,0.2296670264455273,0.0760473258706467,0.0874902431166731,2361,7.767263996757308
simpsydial,simpsydial_469,2.583333333333333,4.138888888888888,0.1285139758643183,0.1195961805397321,1.0,375,564,0.1986406856856857,0.1077574309632528,0.1092886470832291,939,6.84587987526405
simpsydial,simpsydial_471,2.233333333333333,4.287037037037037,0.0681169518849206,0.1514821893572271,1.0,330,386,0.2138953844048671,-0.0014095486111111,0.1261502386004279,716,6.57507584059962
simpsydial,simpsydial_476,3.5666666666666664,4.333333333333333,-0.044063822008204,0.1459239876028232,0.0,454,520,0.2217896864225142,-0.0384258560727661,0.1190507252550643,974,6.882437470997847
simpsydial,simpsydial_478,2.85,4.203703703703703,0.0785477248677248,0.1699250404362224,1.0,387,552,0.1875811650442865,0.0915265925925925,0.1191384298041454,939,6.84587987526405
simpsydial,simpsydial_483,3.366666666666667,4.37037037037037,0.1508696644664466,0.1537006403901161,1.0,517,513,0.1927642565822625,0.0572666038032374,0.0926374597637162,1030,6.93828448401696
simpsydial,simpsydial_487,3.6,4.3240740740740735,0.0994661945812808,0.1341682779182993,1.0,299,557,0.193800473583594,0.0430979064039408,0.1010327224507995,856,6.75343791859778
simpsydial,simpsydial_489,3.6666666666666665,4.240740740740741,0.0597194566544566,0.1248961074793111,1.0,335,534,0.1584652509448224,0.0553470329670329,0.1121070227081727,869,6.76849321164863
simpsydial,simpsydial_494,3.233333333333333,4.37037037037037,0.1118517113095237,0.1413145636659678,1.0,332,408,0.184671626486852,0.0293855220734126,0.1022480408709678,740,6.608000625296087
simpsydial,simpsydial_499,3.8166666666666655,4.527777777777779,0.0193397663139329,0.1246869987842922,1.0,461,522,0.1790298423527956,-0.0306554938271605,0.1197585945187621,983,6.891625897052253
simpsydial,simpsydial_510,3.466666666666667,4.5092592592592595,0.1353033229813664,0.1662974313945193,1.0,585,701,0.1611633567299752,-0.0167379054520358,0.1099295650134201,1286,7.160069207596127
simpsydial,simpsydial_511,3.733333333333334,4.472222222222222,0.0148462708587708,0.1393970097969934,1.0,400,440,0.1816214368578057,0.0280368131868132,0.1091156864049039,840,6.734591659972948
simpsydial,simpsydial_512,2.6833333333333336,4.0,0.0850646008403361,0.1364481437129827,1.0,350,484,0.1879424594820384,0.1581007994864612,0.1292300808447286,834,6.727431724850855
simpsydial,simpsydial_517,3.0666666666666664,4.277777777777778,0.0643165931804821,0.1189212811577926,1.0,281,313,0.207600835421888,0.0339174676660787,0.1234961690243093,594,6.38856140554563
simpsydial,simpsydial_529,3.25,4.416666666666667,-0.029571020874103,0.1512660701247038,0.0,376,469,0.1725678096963423,-0.0210824146553598,0.1130734437172465,845,6.740519359606223
simpsydial,simpsydial_53,3.35,4.398148148148148,0.0673026054192721,0.1392887036764238,1.0,507,517,0.2243679407261592,-0.0567050705467372,0.1218250915280158,1024,6.932447891572509
simpsydial,simpsydial_537,2.9,4.064814814814815,0.0847575623582765,0.1285889128993266,1.0,363,512,0.1792160560446843,0.019971462585034,0.119306427149492,875,6.775366090936392
simpsydial,simpsydial_541,3.5333333333333337,4.361111111111112,0.0246792368742369,0.1706756584744909,1.0,338,266,0.2232956889630041,0.0873935592185592,0.108159542122808,604,6.405228458030842
simpsydial,simpsydial_543,3.3666666666666667,4.388888888888888,0.1229785836385837,0.1423720096381991,1.0,336,454,0.2323112992687711,0.1329151648351648,0.0882875350933697,790,6.673297967767654
simpsydial,simpsydial_547,3.1833333333333336,4.083333333333333,0.0878846119929453,0.1137246969552594,1.0,371,502,0.2361748897260053,0.1012003582451499,0.1131664749363448,873,6.773080375655535
simpsydial,simpsydial_548,2.7999999999999994,4.12962962962963,-0.0085285795270488,0.1656409926490618,0.0,257,475,0.1855338238299612,0.0741266115970197,0.1158674649094769,732,6.597145701886651
simpsydial,simpsydial_550,3.333333333333333,4.203703703703703,0.2410554957599478,0.1718101383267691,1.0,378,409,0.1955808501984127,0.135737404870624,0.1089056144044385,787,6.669498089857879
simpsydial,simpsydial_562,2.3,4.37037037037037,0.1593639704791574,0.1615760887270919,1.0,547,778,0.1971814864697504,0.0827423638925975,0.1538365773280241,1325,7.189922170745808
simpsydial,simpsydial_568,3.266666666666667,4.342592592592593,-0.0721526946334089,0.1224589079175094,0.0,534,861,0.2160419871078322,-0.1379616742252456,0.1033802074161763,1395,7.241366283322318
simpsydial,simpsydial_569,2.9166666666666665,4.37962962962963,0.0535309155621011,0.1205740606772254,1.0,494,1170,0.2040018986779322,0.0124884020618556,0.0908940810144295,1664,7.417580402414544
simpsydial,simpsydial_57,3.1,4.0092592592592595,0.1429493187830687,0.1258853821963353,1.0,312,392,0.2280450868249823,0.0477959589947089,0.0843040379795273,704,6.558197802812269
simpsydial,simpsydial_570,3.45,4.287037037037037,0.0956751661129568,0.1237325414578556,1.0,443,425,0.2099798277243589,0.0336311877076412,0.1034531133983447,868,6.767343125265392
simpsydial,simpsydial_571,3.4166666666666665,4.583333333333333,0.1445748305224868,0.1532059987921802,1.0,491,507,0.2198978549117103,0.0684046957671957,0.0989627880402661,998,6.906754778648554
simpsydial,simpsydial_579,2.9,4.296296296296297,0.2657657211444248,0.1448968343520163,1.0,416,664,0.193014937598449,0.0474484029002547,0.1030575199341967,1080,6.985641817639208
simpsydial,simpsydial_58,3.266666666666667,4.314814814814814,0.1182799313358301,0.1359955424001012,1.0,455,599,0.2132225538068334,0.1513482298912074,0.1080458938914653,1054,6.961296045910167
simpsydial,simpsydial_587,3.3833333333333333,4.2407407407407405,0.2330688743572546,0.1607471539169935,1.0,365,509,0.1420545896825396,-0.0031016208361278,0.1177200808776471,874,6.774223886357614
simpsydial,simpsydial_589,3.2,4.342592592592593,0.0631145634920634,0.1412560082436976,1.0,313,489,0.2552581646825396,0.0264709722222222,0.1070512219193945,802,6.688354713946762
simpsydial,simpsydial_59,3.1,4.203703703703703,0.0977060646900269,0.1400386983240108,1.0,276,586,0.1984708096063381,0.0645852051512428,0.0928651061048231,862,6.760414691083428
simpsydial,simpsydial_591,3.333333333333333,4.138888888888888,0.1173921931478861,0.1423769333357383,1.0,517,695,0.1809458096163635,0.0398632602545968,0.0947417762481093,1212,7.10085190894405
simpsydial,simpsydial_596,3.466666666666667,4.462962962962963,0.1172676620930858,0.1407461323865301,1.0,307,497,0.1836703974759302,-0.0779868307775087,0.1104357090341453,804,6.690842277418564
simpsydial,simpsydial_605,3.466666666666667,4.25,-0.0617917340521114,0.1402293523042926,0.0,277,350,0.1562536191407159,-0.0142000898472596,0.0988445858176943,627,6.4425401664681985
simpsydial,simpsydial_612,2.35,4.166666666666667,0.0751027077497665,0.1412737743888977,1.0,436,722,0.165389621318373,0.1394785387488328,0.1101339142201883,1158,7.055312843339752
simpsydial,simpsydial_615,2.3833333333333333,4.388888888888888,0.2360713045634921,0.1586566485641824,1.0,411,463,0.2296324828683308,0.1001640674603174,0.1231052204694583,874,6.774223886357614
simpsydial,simpsydial_618,3.35,4.296296296296297,0.042990503875969,0.1495833282636238,1.0,440,506,0.1909240602344224,0.0450295542635659,0.1139584038028971,946,6.853299093186078
simpsydial,simpsydial_621,3.6666666666666665,4.611111111111111,0.0340173015873017,0.1540985394772431,1.0,286,374,0.2119811524244401,0.0129829725829725,0.1166344447410804,660,6.493753839851686
simpsydial,simpsydial_625,3.333333333333333,4.546296296296297,0.1236222817460317,0.1484725364878491,1.0,412,436,0.1847884679008215,0.007794300595238,0.1255010134474935,848,6.744059186311348
simpsydial,simpsydial_630,3.6166666666666663,4.481481481481482,0.0595368699526594,0.1343698035156472,1.0,296,498,0.1753145681176356,-0.0451531746031746,0.1171704088916836,794,6.678342114654332
simpsydial,simpsydial_638,3.1333333333333333,4.37037037037037,0.0766068616119586,0.1246510366036599,1.0,527,547,0.2213792551779076,-0.0002856410849129,0.1205724254346984,1074,6.980075940561763
simpsydial,simpsydial_639,2.5166666666666666,4.148148148148148,0.1176323265726043,0.1435919556086547,1.0,553,688,0.1955445122378848,0.1057395392416225,0.095446926566335,1241,7.124478262493424
simpsydial,simpsydial_642,3.083333333333333,4.4907407407407405,0.10101863997114,0.1395498484485075,1.0,563,696,0.1945440343337723,0.0105774314574314,0.0926412287789265,1259,7.138866999945524
simpsydial,simpsydial_646,3.1666666666666665,4.37037037037037,0.2166144935752078,0.1515392797308918,1.0,431,493,0.2406484323757051,0.1310505527210884,0.0969796373714717,924,6.829793737512425
simpsydial,simpsydial_649,3.133333333333333,4.62962962962963,-0.0360195845004668,0.1236051212904685,0.0,351,356,0.2903881718585609,-0.1045050711951447,0.1051804919714063,707,6.56244409369372
simpsydial,simpsydial_65,3.2166666666666663,4.333333333333333,0.1188507843137254,0.1444288324242446,1.0,438,580,0.1812394135879687,0.0614667507002801,0.1078696568071026,1018,6.926577033222725
simpsydial,simpsydial_650,3.3666666666666667,4.370370370370371,-0.0069962418300653,0.1354345984775422,0.0,436,604,0.2126554688542083,-0.0499068534080298,0.108024227196801,1040,6.947937068614969
simpsydial,simpsydial_652,2.3000000000000003,4.388888888888889,0.2356538470017637,0.1584927547634539,1.0,372,775,0.1806217248953541,0.0982761574074074,0.1117768023858994,1147,7.045776576879511
simpsydial,simpsydial_654,2.7166666666666663,4.333333333333333,0.229175744047619,0.178900797802079,1.0,291,564,0.2163811103961104,0.0660484481292517,0.1154995660014344,855,6.752270376141742
simpsydial,simpsydial_668,3.5500000000000003,4.333333333333333,0.0012729886931941,0.1299855532046299,1.0,374,480,0.2354303415562969,0.0014854587953903,0.093934604484354,854,6.75110146893676
simpsydial,simpsydial_672,3.3000000000000003,4.342592592592593,0.0648469710669077,0.1406723140797187,1.0,404,430,0.2148576886098857,-0.0036713029937713,0.1217262221342351,834,6.727431724850855
simpsydial,simpsydial_674,3.3000000000000003,4.018518518518518,-0.0010114814814814,0.1129680689746233,0.0,388,590,0.1721949082042455,-0.0022778941798941,0.1020502353879678,978,6.88653164253051
simpsydial,simpsydial_677,3.4500000000000006,4.296296296296297,0.0703271176739926,0.1222001535613348,1.0,529,769,0.2007519538429407,0.0110449099511599,0.0925561897270052,1298,7.1693500166706
simpsydial,simpsydial_682,2.9,4.0740740740740735,0.0758326358826358,0.1211450774028582,1.0,342,470,0.1608856996522397,-0.0016035173160173,0.1204857292620981,812,6.70073110954781
simpsydial,simpsydial_683,3.4333333333333336,4.222222222222221,0.0849946587301587,0.1040783178825068,1.0,260,361,0.2535799682088744,0.1823658492063492,0.0969074013570669,621,6.432940092739179
simpsydial,simpsydial_686,3.266666666666667,4.611111111111111,0.2016721480900052,0.1492524318131891,1.0,465,540,0.1974308462619197,0.0730829713936856,0.1122154315482742,1005,6.913737350659685
simpsydial,simpsydial_689,3.1666666666666665,4.388888888888889,0.1991196219715956,0.1367461951832698,1.0,392,548,0.1752968673616633,0.0754818139097744,0.0867735203779484,940,6.846943139585379
simpsydial,simpsydial_69,3.283333333333333,4.333333333333333,0.082564947089947,0.118796008445461,1.0,342,318,0.1617535662916731,0.0708429052429052,0.1163812668148272,660,6.493753839851686
simpsydial,simpsydial_692,3.1,4.324074074074074,0.0495947627314814,0.1351290421070886,1.0,491,737,0.2158507865646258,-0.0132286044973544,0.1092176171690455,1228,7.113956109566034
simpsydial,simpsydial_706,3.4666666666666663,4.453703703703703,0.1249179241393527,0.1226210078082109,1.0,397,552,0.1782591079832792,-0.0319893784786641,0.0935441844112509,949,6.856461984594587
simpsydial,simpsydial_714,2.5666666666666664,4.120370370370371,-0.0426093524531024,0.1094964825961799,0.0,232,404,0.1999239170182841,-0.0031018217893218,0.0977773973322804,636,6.456769655572163
simpsydial,simpsydial_718,3.4333333333333336,4.388888888888889,0.2141157367324033,0.1797706630439493,1.0,504,611,0.2123271304645889,0.0938491502324835,0.116834529428128,1115,7.017506142941256
simpsydial,simpsydial_72,3.1,4.194444444444444,0.1019360582010581,0.1454404417529821,1.0,236,337,0.1605825045973674,0.1676837566137566,0.0999950649559774,573,6.352629396319567
simpsydial,simpsydial_723,3.3833333333333333,4.231481481481481,0.0418801036155202,0.1538226748778564,1.0,370,616,0.1849600069297351,0.0170931327160493,0.1063013213792259,986,6.894670039433482
simpsydial,simpsydial_726,2.1666666666666665,4.342592592592593,0.1002404896421845,0.1059469858018216,1.0,308,418,0.1800656488919936,0.0262666464891041,0.1182726233086623,726,6.588926477533519
simpsydial,simpsydial_734,2.1166666666666667,3.9537037037037037,0.0978326972455649,0.1295626587384364,1.0,353,517,0.1769934742532183,0.0150495039682539,0.0993110657587865,870,6.769641976852503
simpsydial,simpsydial_737,3.533333333333333,4.296296296296297,-0.0145089175485008,0.1358012700172977,0.0,373,555,0.1904730594802023,0.0740013392857142,0.1052463761226721,928,6.834108738813838
simpsydial,simpsydial_74,3.1666666666666665,4.037037037037037,0.1791111013129531,0.1253906648759583,1.0,417,500,0.2088892905634758,0.1887467421124828,0.1141900018437071,917,6.822197390620491
simpsydial,simpsydial_746,2.816666666666667,4.166666666666667,0.1222084415584415,0.1299198377656875,1.0,284,333,0.1991918075151871,0.0590248412698412,0.1333450405995755,617,6.42648845745769
simpsydial,simpsydial_750,3.266666666666667,4.601851851851851,0.1060336821556579,0.1542089604099981,1.0,629,619,0.1834883580536039,0.0695857686891961,0.1271000472539175,1248,7.130098510125578
simpsydial,simpsydial_757,2.9166666666666665,4.462962962962963,0.0704324496465253,0.1480861550511881,1.0,604,853,0.1782184895245618,-0.0632647092170201,0.1191888999496207,1457,7.284820912568604
simpsydial,simpsydial_759,3.0333333333333337,4.453703703703703,-0.0514439325971934,0.1434649105252179,0.0,355,772,0.2041863992385945,-0.0453480101219231,0.1040394229348551,1127,7.028201432058005
simpsydial,simpsydial_77,3.433333333333333,4.5,0.0847930996472663,0.145160116249547,1.0,371,407,0.2152011406237536,-0.0704234953703703,0.1107885436644116,778,6.658011045870748
simpsydial,simpsydial_775,3.45,4.472222222222222,0.0414094735784608,0.1311422323148252,1.0,405,658,0.2030218926553672,0.0790793851717902,0.0967844935796827,1063,6.96979066990159
simpsydial,simpsydial_786,3.216666666666667,4.231481481481482,0.2387508906525573,0.1497140956399439,1.0,463,644,0.1785965173103361,0.0086144047619047,0.1062977921443457,1107,7.010311867307229
simpsydial,simpsydial_790,3.25,4.222222222222222,-0.0948946196660482,0.1202388094313754,0.0,398,446,0.1983026824307144,-0.1272803236446093,0.1273857494899021,844,6.739336627357174
simpsydial,simpsydial_791,2.6166666666666667,4.111111111111112,0.0630969727891156,0.1309815088326348,1.0,359,621,0.1807659521215894,-0.0174388662131519,0.1054031955399835,980,6.8885724595653635
simpsydial,simpsydial_8,3.283333333333333,4.3240740740740735,0.1377359286994367,0.1574423789963565,1.0,632,908,0.2227618107420944,0.0457273073476702,0.1042446859799426,1540,7.340186835320115
simpsydial,simpsydial_800,3.1666666666666665,4.148148148148148,0.0116250839438339,0.1321012901764967,1.0,271,484,0.2282514987468671,-0.019676633089133,0.1069798886935628,755,6.628041376179533
simpsydial,simpsydial_804,3.25,4.4907407407407405,0.085132074438971,0.1275919856513988,1.0,592,879,0.1871531636562671,0.0525709291187739,0.1058316146514136,1471,7.294377299288821
simpsydial,simpsydial_805,3.6833333333333336,4.166666666666667,0.1370639406487232,0.1431892334417039,1.0,125,211,0.1684243418984755,0.0353895962732919,0.0890321448132352,336,5.820082930352362
simpsydial,simpsydial_808,2.866666666666667,4.083333333333333,0.0168356009070294,0.1256346777696704,1.0,222,350,0.1776321591490946,-0.0752712301587301,0.1252376735641061,572,6.35088571671474
simpsydial,simpsydial_811,3.3166666666666664,4.462962962962963,0.0508796493721867,0.1267551295672182,1.0,344,521,0.209674372984871,0.010250408670931,0.1039611578699218,865,6.763884908562435
simpsydial,simpsydial_812,3.216666666666667,4.287037037037037,0.1125148660714286,0.1794716365195145,1.0,410,454,0.2433639281255573,0.1123811557539682,0.1044409756074615,864,6.762729506931879
simpsydial,simpsydial_813,3.1333333333333333,4.537037037037037,0.019077733065057,0.1283541003508604,1.0,367,414,0.2272568606701939,-0.0601569751844399,0.1128005663967653,781,6.661854740545311
simpsydial,simpsydial_815,2.766666666666667,4.111111111111112,0.0138759090397388,0.1129633833387576,1.0,717,829,0.1840701877661633,0.0070139282899921,0.1094806776204058,1546,7.344072850573066
simpsydial,simpsydial_820,2.833333333333333,4.37962962962963,0.0087340060007742,0.147298349441819,1.0,423,779,0.1910918253968253,0.0121109514130855,0.1117098439163465,1202,7.0925737159746784
simpsydial,simpsydial_832,3.75,4.398148148148148,0.1196862281237281,0.1160062831190317,1.0,400,535,0.1536224613736495,0.0654600630850631,0.0981604826768813,935,6.841615476477592
simpsydial,simpsydial_844,3.1833333333333336,4.296296296296297,0.2097221044146826,0.1555308296443701,1.0,329,415,0.196562433536633,0.0724082899305555,0.107649524318039,744,6.61338421837956
simpsydial,simpsydial_851,3.4500000000000006,4.601851851851852,0.0423818793911006,0.1147110046954433,1.0,621,699,0.2116100034506556,0.0070380366900858,0.0874404973063189,1320,7.186144304522325
simpsydial,simpsydial_853,3.083333333333333,4.407407407407407,0.1226886333573833,0.1347556968908412,1.0,671,496,0.1560047586454157,0.0533396464646464,0.1092275509714465,1167,7.0630481633881725
simpsydial,simpsydial_864,3.5,4.268518518518519,0.0884205704365079,0.1096177160086588,1.0,411,549,0.1983291990005879,0.0197426339285714,0.1088940390518111,960,6.8679744089702925
simpsydial,simpsydial_870,3.15,4.3240740740740735,0.0033196428571428,0.1381993649294045,1.0,421,597,0.1924604983263146,-0.1032322638404955,0.0979942519838309,1018,6.926577033222725
simpsydial,simpsydial_871,3.3666666666666667,4.1759259259259265,0.1048125340708673,0.140750078377832,1.0,504,588,0.149876455026455,0.0280886924803591,0.1020728474460353,1092,6.996681488176539
simpsydial,simpsydial_875,3.15,4.462962962962963,0.0801799872623947,0.1278028537517765,1.0,415,605,0.1610011864813039,0.0127925338036449,0.126910687914403,1020,6.928537818164665
simpsydial,simpsydial_876,3.4333333333333336,4.416666666666667,-0.0072122082166198,0.1380210833445974,0.0,353,480,0.2062421325784383,0.0019078314659196,0.1014392780394941,833,6.726233402358747
simpsydial,simpsydial_88,2.783333333333333,4.333333333333333,-0.042771875,0.1216194857524479,0.0,293,407,0.1755428212491026,-0.0945309736394558,0.0917340178915178,700,6.55250788703459
simpsydial,simpsydial_882,3.333333333333333,4.407407407407407,0.0581352521599357,0.1350685520071707,1.0,405,593,0.2003520248967166,0.0639055003013863,0.0936893158211276,998,6.906754778648554
simpsydial,simpsydial_890,3.1666666666666665,4.351851851851852,0.1357599393090569,0.1418575391159997,1.0,434,495,0.173525669540793,0.0922170821661998,0.1140177122711717,929,6.835184586147301
simpsydial,simpsydial_891,3.483333333333333,4.305555555555556,0.1248318007662835,0.165387669589675,1.0,445,601,0.2057053048584298,0.0227299352307973,0.1109239827197157,1046,6.953684210870537
simpsydial,simpsydial_892,3.4166666666666665,4.037037037037037,0.0411795874760161,0.1316453220446055,1.0,465,632,0.1570940813778695,0.0633590833769405,0.1276320520990878,1097,7.001245622069476
simpsydial,simpsydial_90,3.266666666666667,4.361111111111112,0.1416709085933223,0.1177765712070264,1.0,445,616,0.1998197092126251,0.0917873335157817,0.1115926756469808,1061,6.967909201801884
simpsydial,simpsydial_900,3.333333333333333,4.305555555555555,-0.0083848280423279,0.1210511101776101,0.0,309,512,0.1652146983180283,-0.1011140079365079,0.0926540816020785,821,6.71174039505618
simpsydial,simpsydial_902,3.65,4.546296296296297,0.143245939849624,0.1528333208722854,1.0,488,479,0.1850860722728808,0.0448733375104427,0.1343227329815395,967,6.875232087276577
simpsydial,simpsydial_903,3.2,4.0740740740740735,0.0390377235282297,0.1496197704343203,1.0,404,476,0.18358208337582,0.008638004822182,0.1096474106810115,880,6.78105762593618
simpsydial,simpsydial_907,3.5500000000000003,4.462962962962963,0.0240143305728088,0.149612216605457,1.0,587,689,0.1933840353641456,0.0432658523119392,0.1049514537756608,1276,7.152268856032539
simpsydial,simpsydial_913,3.25,4.5,0.0896233147168332,0.1275706711030824,1.0,418,480,0.2559519849695009,-0.02221970409563,0.125047950230239,898,6.80128303447162
simpsydial,simpsydial_914,2.983333333333333,4.111111111111112,0.1603071591650358,0.1469685827016349,1.0,377,499,0.1970123283122773,0.0487050500108719,0.1429214498532024,876,6.776506992372183
simpsydial,simpsydial_920,3.1333333333333333,4.203703703703703,0.048466847041847,0.1192435525897479,1.0,507,660,0.1821791505132519,-0.0473221861471861,0.1377360439399721,1167,7.0630481633881725
simpsydial,simpsydial_926,3.45,4.5740740740740735,0.0882577069716776,0.150254792245404,1.0,521,788,0.2082393137314832,-0.0237248249299719,0.111652335846561,1309,7.177782416195197
simpsydial,simpsydial_929,3.1333333333333333,4.388888888888888,-0.1063679947089947,0.1703746799060555,0.0,388,464,0.2266734833420547,-0.0519163068783068,0.1183623886311341,852,6.748759547491679
simpsydial,simpsydial_934,2.65,4.7407407407407405,0.2684892886108215,0.1744398190115931,1.0,698,886,0.2077241398345731,0.1275234995944849,0.118593364733393,1584,7.368339686311381
simpsydial,simpsydial_937,3.1833333333333336,4.592592592592593,0.0844180221152131,0.1357524027399374,1.0,454,458,0.2272698554106126,-0.0026635277331906,0.1031398955216133,912,6.816735880594968
simpsydial,simpsydial_941,3.2999999999999994,4.361111111111112,-0.0096252227791701,0.128941221877226,0.0,581,785,0.1862595478440517,-0.0046404483430799,0.1011641487470648,1366,7.220373836723949
simpsydial,simpsydial_944,3.133333333333333,4.361111111111111,0.2223643187830687,0.1659936573274791,1.0,253,481,0.1990288017890772,0.1457130621693121,0.1138821616299029,734,6.5998704992128365
simpsydial,simpsydial_95,3.2833333333333337,4.481481481481481,0.1069424657534246,0.1555346918644121,1.0,377,373,0.1980186954910169,0.0407877908240921,0.113671844636729,750,6.621405651764134
simpsydial,simpsydial_950,3.3666666666666667,4.444444444444444,0.1232185737401756,0.1434587494651249,1.0,525,857,0.211594109856993,0.0777736823855756,0.0873653543221814,1382,7.232010331664759
simpsydial,simpsydial_953,3.15,4.296296296296297,0.1201364661654135,0.1341851610182347,1.0,583,940,0.2025438524031166,0.0924949387357282,0.1194032179494872,1523,7.329093736246592
simpsydial,simpsydial_96,3.4166666666666665,4.277777777777778,0.1387770439225918,0.1397182304445883,1.0,378,446,0.2118709545603138,0.0815258534464014,0.1055816369721942,824,6.715383386334681
simpsydial,simpsydial_960,3.583333333333333,4.833333333333333,-0.0245238496522204,0.1299445234563139,0.0,454,619,0.2196505204267499,-0.0382088371678259,0.1068296919403306,1073,6.97914527506881
simpsydial,simpsydial_962,3.2166666666666663,4.3240740740740735,0.2006378998778998,0.1248186707274923,1.0,337,330,0.1975633412451169,0.1026565384615384,0.0838510684051237,667,6.504288173536645
simpsydial,simpsydial_964,3.6666666666666665,4.277777777777778,0.0262706499899537,0.1453569579415172,1.0,408,649,0.1841738504464286,-0.0609211523005826,0.112891824088018,1057,6.964135612418245
simpsydial,simpsydial_966,2.766666666666667,4.185185185185186,0.1225150491718426,0.1638253379033349,1.0,471,793,0.2071212822926789,0.0832877760524499,0.1025222808411659,1264,7.142827401161621
simpsydial,simpsydial_97,2.566666666666667,4.62037037037037,0.0964147218293257,0.1483412269176272,1.0,517,567,0.1996383882346248,0.0419111975483262,0.091812503439861,1084,6.98933526597456
simpsydial,simpsydial_976,2.6500000000000004,4.416666666666667,0.0352654047619047,0.1044840584862753,1.0,513,820,0.2378614223083396,0.0073915674603174,0.1181786926466028,1333,7.195937226475569
simpsydial,simpsydial_983,3.516666666666667,4.62962962962963,0.0401756519274376,0.1735291297243589,1.0,429,540,0.1879934609750994,0.0498205782312925,0.1337270560399227,969,6.877296071497429
simpsydial,simpsydial_988,3.35,4.861111111111111,0.0938626632104454,0.1292572771543639,1.0,632,961,0.2378100811157796,0.0761104198668714,0.0937788803936272,1593,7.374001859350161
simpsydial,simpsydial_991,3.1666666666666665,4.240740740740741,0.0509647454510259,0.1522154812150332,1.0,419,462,0.2141714329513998,0.0095560394889663,0.1209230708469673,881,6.782192056006791
simpsydial,simpsydial_993,3.1,4.2407407407407405,0.0755305643738976,0.1484251573143675,1.0,461,631,0.2217815329454397,0.0452391446208112,0.1070899392807218,1092,6.996681488176539
smile,smile_0,2.033333333333333,4.388888888888888,0.1615770481310803,0.1502824876163345,1.0,164,362,0.2027234138225639,0.2262771377368151,0.0744410450658427,526,6.267200548541362
smile,smile_1,2.1666666666666665,4.37962962962963,0.1587234962406015,0.1444459351897085,1.0,203,264,0.1789473373793962,0.074267021720969,0.1014252091961887,467,6.148468295917647
smile,smile_10,2.316666666666667,4.305555555555556,0.1488975896531452,0.1755199325975857,1.0,148,199,0.2359392878028404,0.041490681951793,0.0944476604684976,347,5.8522024797744745
smile,smile_100,2.75,4.268518518518518,0.1150534188034187,0.1268667454458404,1.0,143,296,0.1700911343399148,-0.0234058302808302,0.1005346750455615,439,6.0867747269123065
smile,smile_101,2.333333333333333,4.277777777777778,0.1043539224664224,0.0952880625215656,1.0,140,267,0.1858364571797711,0.066249481074481,0.0669374709077781,407,6.0112671744041615
smile,smile_102,2.3666666666666667,4.157407407407407,0.1566137727448703,0.1313124251239024,1.0,421,349,0.1501698646125116,0.0905492111885405,0.1129519692212757,770,6.647688373563329
smile,smile_103,2.1666666666666665,4.296296296296297,-0.002648380952381,0.1380068716833872,0.0,137,219,0.1936020238095238,0.0955458571428571,0.095180976044181,356,5.877735781779639
smile,smile_104,2.6833333333333336,4.342592592592593,-0.011147802197802,0.1426348024108786,0.0,139,272,0.2591034643008026,-0.0195619505494505,0.1283375425206609,411,6.021023349349527
smile,smile_105,2.6833333333333336,4.351851851851851,0.1769121031746031,0.1504485424244968,1.0,131,221,0.2504051886792452,0.1600440972222222,0.0944082102663147,352,5.8664680569332965
smile,smile_106,2.3833333333333333,4.092592592592593,-0.1715883786848073,0.1786031745439836,0.0,219,421,0.2465192036523346,0.0532148337112622,0.1554844026113835,640,6.46302945692067
smile,smile_107,3.15,4.138888888888888,0.1529949633699633,0.0956138554217408,1.0,76,235,0.1626563825677763,-0.094334249084249,0.1429372827690538,311,5.7430031878094825
smile,smile_108,2.2,4.537037037037037,0.1368564169570267,0.1649649643821822,1.0,216,285,0.1657845611916263,0.0130861401471157,0.1128108911786989,501,6.218600119691729
smile,smile_109,2.983333333333333,4.037037037037037,0.2627714965986394,0.1905135206189748,1.0,188,263,0.2076157495938007,0.1135571882086168,0.101761249042984,451,6.113682179832232
smile,smile_11,2.583333333333333,3.8703703703703702,-0.0225309267793138,0.1170351183385389,0.0,321,391,0.1862088215740048,0.0214523553507424,0.083009343267453,712,6.569481420414296
smile,smile_110,2.1166666666666667,4.333333333333333,0.1561344529478457,0.1205350072482617,1.0,289,454,0.2056964472980203,0.1186523526077097,0.0914819867032066,743,6.612041034833092
smile,smile_111,2.083333333333333,4.361111111111111,0.0835432787698412,0.1632768821454199,1.0,169,389,0.194825962823726,0.0726677827380952,0.0751202088144491,558,6.326149473155099
smile,smile_112,2.35,4.305555555555556,0.0872145282186949,0.1992378656823122,1.0,191,457,0.2420446543721655,0.0498393518518518,0.1292068227317934,648,6.47543271670409
smile,smile_113,2.8166666666666664,4.333333333333333,0.1071535336356765,0.1581518064861852,1.0,221,307,0.191968393789283,0.2159831727135298,0.1074689689913826,528,6.270988431858299
smile,smile_114,1.7833333333333332,4.361111111111111,0.1448448179271709,0.1448595128334342,1.0,183,435,0.2280882973768537,0.1311522408963585,0.0911504923014922,618,6.428105272684596
smile,smile_115,2.066666666666667,4.342592592592593,0.0030517899358324,0.1460171516485292,1.0,247,524,0.1855493604561565,0.1180468676122931,0.0738732844877434,771,6.648984550024776
smile,smile_116,2.0666666666666664,4.333333333333333,0.1044047077922077,0.1522436173018838,1.0,121,446,0.1980120418800625,0.0802762987012986,0.0745596164443723,567,6.342121418721152
smile,smile_117,2.4,4.277777777777778,-0.0255733796296296,0.1145907322259965,0.0,192,552,0.2046679835715747,0.1504184193121693,0.0615513341106669,744,6.61338421837956
smile,smile_118,2.466666666666667,4.361111111111111,0.2478395617667356,0.1657890711135373,1.0,124,281,0.2703261569211018,0.3516594030365769,0.0799108385555126,405,6.0063531596017325
smile,smile_119,2.3666666666666667,3.657407407407407,-0.0031172955974843,0.1087553816333499,0.0,277,428,0.2372213149221502,-0.0763160227613057,0.1075223999676808,705,6.559615237493242
smile,smile_12,2.233333333333333,4.37962962962963,-0.0801253450655624,0.1235870091651738,0.0,126,706,0.1072015337842453,-0.019430210489993,0.0847527956422117,832,6.725033642166843
smile,smile_120,2.2333333333333334,4.37037037037037,0.0463213639719453,0.1614650932220587,1.0,224,451,0.2025055016878546,0.1353926172019195,0.1084822386150184,675,6.516193076042964
smile,smile_121,3.016666666666667,4.342592592592593,0.0271420150987224,0.1237923537966413,1.0,420,333,0.1889610070056829,0.0980806136275648,0.1069665513800671,753,6.625392368007956
smile,smile_122,2.4333333333333336,4.444444444444445,0.0592871459694988,0.126283851093996,1.0,267,468,0.1672378125324203,0.1981469887955182,0.1024102763983922,735,6.601230118728877
smile,smile_123,2.466666666666667,4.222222222222222,0.1510267305996472,0.1271291614796942,1.0,193,296,0.1538383136994635,0.0097269620811287,0.100591423498619,489,6.194405391104672
smile,smile_124,1.5833333333333333,2.7129629629629632,0.0170313968253968,0.1579170016811662,1.0,135,156,0.1442872691933916,-0.0328272698412698,0.081853856531149,291,5.676753802268282
smile,smile_125,1.9166666666666667,3.0555555555555554,-0.1189628306878306,0.1488054533519621,0.0,189,221,0.1504070511380653,-0.2276909391534391,0.0920996298676475,410,6.018593214496234
smile,smile_126,2.266666666666667,3.8981481481481475,-0.1198101865488463,0.1464300576272792,0.0,498,523,0.1815451168859243,-0.0829160816560301,0.1126950977189574,1021,6.92951677076365
smile,smile_127,1.7833333333333332,4.462962962962963,0.153781746031746,0.1494431581610224,1.0,269,300,0.2339274573174057,0.098398695054945,0.0954903442764053,569,6.345636360828596
smile,smile_128,2.2,4.388888888888889,0.1234367724867724,0.132030791960786,1.0,192,404,0.2154039099859353,0.1683073302469135,0.123156955562011,596,6.391917113392602
smile,smile_129,1.7166666666666668,3.4814814814814814,-0.0345072606646825,0.1340166204391433,0.0,649,514,0.135314190633349,0.0009011253720238,0.1240027791978194,1163,7.059617628291383
smile,smile_130,2.8000000000000003,4.287037037037037,-0.1098060812203668,0.1328919901520593,0.0,397,559,0.1654557279942279,-0.0133856318284889,0.099929978300804,956,6.863803391452954
smile,smile_131,1.7666666666666668,4.12962962962963,-0.0329573242630385,0.1729866924816577,0.0,184,870,0.1760458119019965,0.0618618480725623,0.0890576404620809,1054,6.961296045910167
smile,smile_132,2.45,4.37037037037037,-0.0342750992063491,0.1378311522044311,0.0,293,498,0.1459859853280098,0.0221114087301587,0.1022679655718551,791,6.674561391814426
smile,smile_133,1.9166666666666667,4.314814814814815,0.0546230265980265,0.1363245707014211,1.0,196,378,0.1972470254226351,0.0417145645645645,0.1026614124264191,574,6.354370040797351
smile,smile_134,1.9,4.435185185185186,0.2645705782312925,0.167356004250222,1.0,255,456,0.1822653820887042,0.2570063249109167,0.0877361347057779,711,6.568077911411976
smile,smile_135,2.216666666666667,4.2407407407407405,0.2367676807760141,0.1529345906289899,1.0,144,400,0.1520400174562578,0.0884301293356849,0.0964109944725955,544,6.300785794663244
smile,smile_136,2.2666666666666666,4.101851851851852,0.0713079047619047,0.1636529572699866,1.0,135,301,0.173641801206784,0.1469909523809524,0.1122116526216271,436,6.07993319509559
smile,smile_137,3.0500000000000003,4.462962962962963,0.1429969932844933,0.1440675422011337,1.0,143,606,0.2100858365903592,0.1480126831501831,0.0762561035927125,749,6.620073206530356
smile,smile_138,2.7000000000000006,4.3240740740740735,0.1212256559766764,0.1387022090431736,1.0,258,205,0.1918004737609329,0.2066025915127956,0.1035381164518035,463,6.139884552226255
smile,smile_139,2.533333333333333,4.287037037037037,0.000283560090703,0.1375261663392604,1.0,394,854,0.1409310519395134,0.0555628272521129,0.0971880153477531,1248,7.130098510125578
smile,smile_14,1.9833333333333332,4.787037037037037,0.0003352733686066,0.1495220428307595,1.0,147,348,0.1644192618345273,0.0273160052910052,0.0987412750236559,495,6.206575926724928
smile,smile_140,2.6333333333333333,4.564814814814816,0.1260407965632735,0.1500527209588462,1.0,557,755,0.1822567752883101,0.1540374180865006,0.1049516832103079,1312,7.180069874302796
smile,smile_141,2.9166666666666665,4.388888888888888,0.0844939858906526,0.1374184627069612,1.0,236,333,0.1743779014795218,0.0609523544973545,0.1038334780752503,569,6.345636360828596
smile,smile_142,2.6666666666666665,4.287037037037037,0.1226692671394799,0.1234609297081582,1.0,247,387,0.1778686392458217,0.1561403073286052,0.1043125810565227,634,6.453624998892692
smile,smile_143,2.35,4.277777777777778,0.1764883896569379,0.1537520175113604,1.0,164,521,0.2180034846230159,0.1358250512032769,0.0974620469422749,685,6.530877627725885
smile,smile_144,2.6333333333333333,3.842592592592593,-0.0766439213564213,0.1613317428050318,0.0,122,275,0.1359367123165055,-0.0007669011544011,0.1324556927211116,397,5.986452005284438
smile,smile_145,2.7,4.342592592592593,0.1984260085978836,0.1146851736607129,1.0,133,225,0.2393619911081716,0.124943783068783,0.0744485950300841,358,5.883322388488279
smile,smile_146,2.466666666666667,3.9537037037037037,-0.293392821067821,0.1825556326265336,0.0,121,449,0.1940498791486291,0.0305981962481962,0.1085413724994101,570,6.3473892096560105
smile,smile_147,2.45,3.5462962962962963,-0.0344770238095237,0.1229213479188248,0.0,213,383,0.1544562759952465,0.0600568849206349,0.1140170210321632,596,6.391917113392602
smile,smile_148,2.716666666666667,4.351851851851851,0.061553058459156,0.1255659553402942,1.0,215,529,0.205111166056166,0.0465861207897793,0.094201671523118,744,6.61338421837956
smile,smile_149,1.9666666666666668,4.37962962962963,0.188258071278826,0.1338326900857601,1.0,277,587,0.17869689267864,0.2024465483677747,0.1075787624833814,864,6.762729506931879
smile,smile_15,1.3,3.2129629629629632,,,,21,611,0.1455044613194115,,,632,6.450470422144176
smile,smile_150,2.583333333333333,4.0092592592592595,-0.0542546554394115,0.1523291737619683,0.0,218,499,0.2073974295432459,0.0318331784746418,0.1069091929349853,717,6.576469569048224
smile,smile_151,2.433333333333333,4.37962962962963,0.0213407903439153,0.144317672306781,1.0,252,530,0.2312383717210492,0.0655361193783068,0.1109276669800037,782,6.663132695990803
smile,smile_152,2.55,4.407407407407407,0.1289532490079365,0.1668050127312104,1.0,249,433,0.1769523687855645,0.1074161706349206,0.0899542888340489,682,6.52649485957079
smile,smile_153,2.0500000000000003,3.2592592592592595,0.0789336451247165,0.1082184430107711,1.0,152,582,0.1724359255104019,0.0430390306122449,0.1108535579063747,734,6.5998704992128365
smile,smile_154,2.2333333333333334,3.175925925925926,0.0366331746031745,0.1125501417731671,1.0,160,378,0.2368618488407106,-0.0478194444444444,0.110661634464067,538,6.289715570908998
smile,smile_155,2.4833333333333334,4.435185185185186,0.2549026302401302,0.1412287315900526,1.0,400,598,0.2362322533484248,0.0798421754171754,0.1028045760501624,998,6.906754778648554
smile,smile_156,2.3,3.2685185185185186,-0.0966209677419355,0.1395332414058865,0.0,321,144,0.1677850764256319,-0.0419109447004608,0.1185299694664963,465,6.144185634125646
smile,smile_157,2.0,3.9537037037037037,0.0256230573323857,0.1399650761286033,1.0,345,581,0.2094801053113553,0.0007855425254679,0.1107349011836742,926,6.831953565565855
smile,smile_158,2.6333333333333333,4.342592592592593,0.1934762488328664,0.1374701977774324,1.0,183,293,0.1754923219874804,0.1965833333333332,0.0751591838954069,476,6.1675164908883415
smile,smile_159,2.8166666666666664,4.277777777777778,0.3910913029100529,0.1860297762077783,1.0,129,281,0.1190313214869281,0.126896164021164,0.0786283368337018,410,6.018593214496234
smile,smile_16,1.9,4.361111111111111,0.1254545292829776,0.1847337952613036,1.0,157,325,0.113307033604581,0.0364508210180624,0.1000611602030107,482,6.180016653652572
smile,smile_160,1.8,3.7129629629629632,0.1985018037518037,0.1369987433799697,1.0,287,489,0.1678133416005291,0.1231888816738816,0.1127899219519838,776,6.655440350367647
smile,smile_161,2.1166666666666667,3.342592592592593,0.0580124141198768,0.1015227405019018,1.0,346,298,0.1506980213654088,-0.0418118218431651,0.1141776982209101,644,6.4692503167957724
smile,smile_162,1.7333333333333332,2.9351851851851856,0.061044983416252,0.101725344588014,1.0,344,378,0.1842933367746376,0.0167681236673774,0.1143523642518646,722,6.583409222158765
smile,smile_163,2.4,3.675925925925926,0.0217146475256769,0.1061633020602425,1.0,351,517,0.1850186703224597,-0.0420309173669467,0.1222412971161513,868,6.767343125265392
smile,smile_164,2.316666666666667,3.564814814814815,0.1829146524010448,0.1193937738086002,1.0,405,427,0.1780384816207184,0.1001902200120554,0.1093709598383832,832,6.725033642166843
smile,smile_165,2.2666666666666666,2.861111111111111,0.0658299229353577,0.1167487812167859,1.0,357,366,0.1704070917255791,-0.0069834828617437,0.1123102147851217,723,6.584791392385716
smile,smile_166,1.6333333333333335,3.6666666666666665,0.1892960317460317,0.1345341498631691,1.0,175,368,0.1939218143431931,0.0971484968734968,0.0961580604566505,543,6.298949246855942
smile,smile_167,2.066666666666667,4.351851851851852,0.0847555764411027,0.1095950965810303,1.0,201,381,0.2044099131677761,0.1283432121971595,0.0985236222840918,582,6.368187186350492
smile,smile_168,2.516666666666667,4.481481481481482,0.1832928493619671,0.1490857777392406,1.0,267,437,0.2006689753004005,0.2016476346093993,0.1121430569393711,704,6.558197802812269
smile,smile_169,2.95,4.305555555555555,0.1388367604617604,0.1599700083901863,1.0,232,386,0.1868385341669824,0.1734370941558441,0.110543975112757,618,6.428105272684596
smile,smile_17,2.2333333333333334,4.083333333333333,0.0017348385331143,0.1287826182406311,1.0,157,265,0.132706400359623,0.0050008483853311,0.1136966863714085,422,6.0473721790462776
smile,smile_170,2.216666666666667,3.5092592592592595,0.0296435916919959,0.1519250945645767,1.0,480,478,0.2152414365248587,0.0488371327254306,0.1066504006196607,958,6.8658910748834385
smile,smile_171,2.2,3.722222222222222,0.287340992063492,0.1474359566011482,1.0,162,314,0.1040784972677595,0.1230294973544973,0.1175789512037741,476,6.1675164908883415
smile,smile_172,2.45,4.287037037037037,0.1611027472527472,0.1482878001213482,1.0,207,450,0.2330961235287766,0.0656564306064305,0.1094442688411373,657,6.489204931325317
smile,smile_173,2.1833333333333336,4.314814814814814,-0.0203483319881624,0.1639088834777884,0.0,304,487,0.1704636008168958,-0.0466297619047618,0.1188612296535356,791,6.674561391814426
smile,smile_174,2.2333333333333334,3.685185185185185,-0.0193668719211822,0.1562286566930242,0.0,300,420,0.218750507859267,0.0126856663929939,0.1000335866952869,720,6.580639137284949
smile,smile_175,2.45,4.342592592592593,0.09854006398425,0.1587878409224425,1.0,657,460,0.2159403653257312,0.1074282484311554,0.1014261676098578,1117,7.0192966537150445
smile,smile_176,1.7666666666666666,3.8333333333333335,0.1148135044642857,0.1535150828807243,1.0,332,450,0.252083907425404,0.101548933531746,0.1055564151455302,782,6.663132695990803
smile,smile_177,1.9333333333333331,3.2222222222222228,,,,28,364,0.1376010138609434,,,392,5.973809611869261
smile,smile_178,2.85,4.398148148148148,0.0986208705357142,0.1287229155991257,1.0,170,401,0.1840360503725299,0.0751862723214285,0.0912656139692797,571,6.349138991379798
smile,smile_179,3.0666666666666664,4.296296296296297,0.0465857851473923,0.1323295301865006,1.0,149,281,0.1938806182889822,0.1010164682539682,0.090607086576812,430,6.066108090103747
smile,smile_18,2.5500000000000003,4.814814814814815,0.0582465109314165,0.1484502408218674,1.0,274,514,0.0937953551783749,0.0263465184186882,0.0848585592160894,788,6.670766320845874
smile,smile_180,2.4333333333333336,4.407407407407407,0.341001440329218,0.1607463603767522,1.0,146,454,0.1215642464776172,0.2783204879482657,0.0806273612575859,600,6.398594934535208
smile,smile_181,2.3833333333333333,4.435185185185186,0.2611902201740911,0.1520522802350213,1.0,165,416,0.2198844770094769,0.0179245903737839,0.1055517276761416,581,6.366470447731438
smile,smile_183,2.566666666666667,4.537037037037037,0.0839981691919191,0.1297509866744621,1.0,229,437,0.2252036465287049,0.1778234577922077,0.0978086620900639,666,6.502790045915623
smile,smile_184,2.8000000000000003,4.027777777777778,0.0654163015873015,0.1115311268993503,1.0,134,171,0.1298503355869096,0.2014454761904761,0.0827874623322158,305,5.723585101952381
smile,smile_185,2.8000000000000003,4.37037037037037,0.0262362487852283,0.1526298769949304,1.0,256,347,0.2057529867568329,-0.027151401036605,0.099558844869236,603,6.403574197934815
smile,smile_186,3.0666666666666664,4.1759259259259265,0.060035294117647,0.1581108459486558,1.0,182,300,0.1722556919216713,0.1098610060690943,0.1104993195819018,482,6.180016653652572
smile,smile_187,1.8333333333333333,4.148148148148148,0.1569174503968254,0.1409255818131987,1.0,211,355,0.1581836464354528,0.0479907837301587,0.1186612577765337,566,6.340359303727752
smile,smile_188,2.333333333333333,4.3240740740740735,0.0966251984126984,0.1041723571814613,1.0,163,376,0.1782901582976514,0.085085992063492,0.1055970553055495,539,6.29156913955832
smile,smile_189,2.65,4.3055555555555545,-0.1583582598471487,0.1332219573396809,0.0,148,469,0.203871580400276,0.0018120223398001,0.1147380268522562,617,6.42648845745769
smile,smile_19,2.066666666666667,4.37037037037037,0.0756435083435083,0.1350219165481804,1.0,205,423,0.1636020665593129,0.0690463573463573,0.0960489458003351,628,6.444131256700441
smile,smile_190,2.266666666666667,4.305555555555556,0.0750424107142857,0.1435712503553062,1.0,92,548,0.1643067077480343,0.0768870287698412,0.0898939703382349,640,6.46302945692067
smile,smile_191,2.0,4.277777777777778,0.1298148809523809,0.1614227716152627,1.0,362,432,0.1899378879132425,0.06708231292517,0.1054061037694576,794,6.678342114654332
smile,smile_192,2.65,4.092592592592593,-0.0437468849206349,0.152231294567601,0.0,209,295,0.1656126012876012,-0.0344751686507936,0.1040561628528568,504,6.22455842927536
smile,smile_193,1.95,4.25,0.1228449892386333,0.1745522037740844,1.0,304,510,0.1679206420492348,0.0619529190207156,0.1107816207593098,814,6.703188113240863
smile,smile_194,1.5666666666666669,2.990740740740741,0.2673679773929774,0.1987728683690538,1.0,175,442,0.0999716091132372,0.1230372294372294,0.1616207059164833,617,6.42648845745769
smile,smile_195,1.5333333333333332,4.462962962962963,0.2577918776371307,0.1768112126291404,1.0,408,676,0.1918353251945455,0.1337099206349206,0.1294219842343208,1084,6.98933526597456
smile,smile_196,1.6499999999999997,4.138888888888888,0.2094164786967417,0.1696787054851712,1.0,393,643,0.2004008981773571,0.1353780753968253,0.1336711529667417,1036,6.9440872082295275
smile,smile_197,1.5333333333333332,3.2037037037037037,0.215481881533101,0.1647105957948121,1.0,217,508,0.1526037996628176,0.1193347657762291,0.1351822372564527,725,6.587550014824796
smile,smile_198,2.6833333333333336,4.111111111111111,0.1332867162698413,0.1807024691612125,1.0,209,316,0.2532102567085466,0.0050272817460317,0.1356125544138933,525,6.26530121273771
smile,smile_199,1.8833333333333333,4.305555555555556,0.0747865079365079,0.1203456377479862,1.0,88,269,0.2007064743589743,0.0820358465608465,0.0526128547366243,357,5.8805329864007
smile,smile_2,2.0500000000000003,4.2592592592592595,-0.002359539525381,0.1373965503360959,0.0,518,438,0.1968841232841232,0.085925278956467,0.0951555732789633,956,6.863803391452954
smile,smile_20,2.033333333333333,4.37962962962963,0.0441975544481359,0.1251883308732874,1.0,224,566,0.1272181748881479,0.0397727021040974,0.091480796495861,790,6.673297967767654
smile,smile_200,1.9333333333333336,4.296296296296297,0.1553243297318927,0.1485085665489688,1.0,608,538,0.1401565269901281,0.0440610010670935,0.1257188993929524,1146,7.044905117129371
smile,smile_201,2.233333333333334,4.101851851851852,0.0217785079365079,0.1593153125496915,1.0,509,302,0.1071442616068042,-0.058081615079365,0.1446438188199463,811,6.699500340161678
smile,smile_202,1.7333333333333334,4.018518518518518,0.1220639890224002,0.1582735144531571,1.0,548,418,0.1273422002949509,0.0057393932650941,0.1331450611826374,966,6.874198495453294
smile,smile_21,2.1666666666666665,4.111111111111112,0.1322416666666666,0.1159854280664188,1.0,138,390,0.1109364787734866,-0.0070799999999999,0.0667480452011868,528,6.270988431858299
smile,smile_22,1.9833333333333332,4.333333333333333,-0.0113823086946221,0.14777282780108,0.0,345,372,0.2151661791070881,0.1263433961146647,0.1248552715263525,717,6.576469569048224
smile,smile_23,2.8166666666666664,4.12037037037037,-0.056167361111111,0.1349631221562627,0.0,112,123,0.2022298698134224,-0.0127636904761904,0.085557317650132,235,5.4638318050256105
smile,smile_24,2.333333333333333,3.925925925925926,-0.1461384379509379,0.1295779690726213,0.0,120,241,0.1989000205254515,-0.119176443001443,0.0845572069324942,361,5.8916442118257715
smile,smile_25,2.9000000000000004,4.472222222222222,0.2352126044277359,0.1382265930322894,1.0,201,290,0.148690988815455,0.1965472744360902,0.0833409036914815,491,6.198478716492308
smile,smile_26,2.033333333333333,4.361111111111111,0.1054000222935616,0.162273413960465,1.0,457,491,0.1368709469472436,0.1342264134118067,0.1115588683776795,948,6.855408798609928
smile,smile_28,1.8,4.333333333333333,0.1834399610136451,0.1547661853762254,1.0,295,462,0.1066278881530537,0.1814181147312726,0.1138440566469077,757,6.630683385642372
smile,smile_29,2.1,4.046296296296296,0.1148661794750904,0.1548736371282412,1.0,514,768,0.1483355814877554,0.1601629970139871,0.1185769983274212,1282,7.1569563646156364
smile,smile_3,3.2,4.564814814814815,0.1534178333333333,0.1492051957725572,1.0,262,432,0.1421075199819881,0.0265167539682539,0.0991292258770564,694,6.543911845564792
smile,smile_30,2.5500000000000003,4.592592592592593,0.2965883408919122,0.1721445143420965,1.0,117,362,0.1914826858222042,0.2131847127739985,0.1065256659155405,479,6.173786103901937
smile,smile_31,2.45,4.398148148148148,0.1010640661938534,0.1432847445195534,1.0,248,353,0.1769338951181247,0.0967089750084431,0.0976361689549756,601,6.400257445308821
smile,smile_32,2.45,4.388888888888889,0.0739740259740259,0.1643465036620589,1.0,176,359,0.1897492721088435,-0.0332600649350649,0.0853812062589386,535,6.284134161070802
smile,smile_33,3.0666666666666664,4.277777777777778,0.0997251700680272,0.1125717124814432,1.0,117,177,0.197483059334845,0.115672297808012,0.1108543302843186,294,5.68697535633982
smile,smile_34,2.033333333333333,4.481481481481482,0.1533129173508483,0.11788275974523,1.0,301,540,0.2532947747586165,0.159461767925561,0.0912894378905889,841,6.7357800142423265
smile,smile_35,2.9666666666666663,4.592592592592593,0.2383077215608465,0.1531856736698404,1.0,252,363,0.2234508474576271,0.2495105406746031,0.0871526696725099,615,6.423246963533519
smile,smile_36,2.866666666666667,4.796296296296297,0.1101740902051877,0.118659152753135,1.0,214,434,0.1542494537815126,0.0146455671699574,0.1209062342965942,648,6.47543271670409
smile,smile_37,3.25,4.111111111111111,0.1480468253968254,0.1155036275680418,1.0,134,348,0.1580263321159339,0.0974126666666666,0.0914102846474191,482,6.180016653652572
smile,smile_38,2.733333333333333,4.453703703703703,0.0404982590885815,0.1224882918167741,1.0,164,492,0.1710679434092477,0.1227698668714797,0.1017404149792348,656,6.48768401848461
smile,smile_39,2.65,4.1759259259259265,0.1247586433531746,0.1542966382257566,1.0,170,523,0.1798019076956333,0.0808613219246031,0.0925519254521934,693,6.542471960506805
smile,smile_4,2.6666666666666665,4.083333333333333,0.1843906135531136,0.1471652548072758,1.0,273,660,0.1984666739814205,0.0225338827838827,0.0987644587183362,933,6.839476438228843
smile,smile_40,2.3166666666666664,4.305555555555556,-0.0284779431216931,0.1289128284562762,0.0,251,423,0.1709574514991181,-0.0703427166005291,0.109134877418951,674,6.51471269087253
smile,smile_41,2.466666666666667,4.4259259259259265,0.0717899553571428,0.1416433570069879,1.0,252,503,0.1597652978600346,-0.0303371279761904,0.0982922907536854,755,6.628041376179533
smile,smile_42,2.7166666666666663,4.37962962962963,0.1756452806122447,0.1688671736451021,1.0,149,368,0.1715543927134456,0.1237194727891156,0.1162176701678242,517,6.249975242259483
smile,smile_43,2.6333333333333333,4.166666666666667,0.1897178053830227,0.116273053152337,1.0,124,199,0.1937193483709273,0.1451859213250517,0.1844817546397588,323,5.780743515792329
smile,smile_44,1.3833333333333335,4.0740740740740735,0.1113153115501519,0.1407303813025706,1.0,479,579,0.1517013262322472,0.0975483156028368,0.1084926823488397,1058,6.9650803456014065
smile,smile_45,1.6666666666666667,4.092592592592593,0.3103487071172555,0.1704220782905121,1.0,166,399,0.1405563532763532,0.1071445084485407,0.128130394153363,565,6.338594078203183
smile,smile_46,2.1166666666666667,4.388888888888889,0.1090858928571428,0.148087868136098,1.0,409,502,0.197612689558582,0.0677079216269841,0.0865355419688148,911,6.815639990074331
smile,smile_47,2.9333333333333336,4.398148148148148,-0.0040050952380952,0.0979789293395597,0.0,263,432,0.1799922726931592,0.0280288968253968,0.0763348662250094,695,6.54534966033442
smile,smile_48,3.583333333333333,4.259259259259259,-0.0064937865497076,0.0959317050307512,0.0,203,301,0.1707910238638834,-0.0154380639097744,0.0770863170235532,504,6.22455842927536
smile,smile_49,2.7833333333333337,4.222222222222222,0.049615197568389,0.1405702417970523,1.0,244,433,0.2038917312443845,0.0551771952043228,0.0613955900818738,677,6.519147287940395
smile,smile_5,2.933333333333333,3.5185185185185177,0.1554602380952381,0.1226783088241566,1.0,84,364,0.2045679946344735,0.0723103174603174,0.0751863498217781,448,6.1070228877422545
smile,smile_50,2.1,4.513888888888889,0.2008772145417307,0.1405148571136898,1.0,164,476,0.1739316644573604,0.0963646697388632,0.0976594990536318,640,6.46302945692067
smile,smile_51,2.1,4.37037037037037,0.3134839111668059,0.1835594051182016,1.0,294,406,0.2133044780296669,0.0930483570036201,0.1116729836253868,700,6.55250788703459
smile,smile_52,2.6666666666666665,4.314814814814814,0.155565250410509,0.1602258616291478,1.0,302,311,0.1911934444970041,0.0705018267651888,0.1294100216485731,613,6.419994928147142
smile,smile_53,2.5166666666666666,4.083333333333333,0.1820274062816615,0.1826853068472059,1.0,246,287,0.2502851161927601,0.0895435157041539,0.1264623513112986,533,6.280395838960195
smile,smile_54,1.7833333333333332,4.37962962962963,0.1285952718676123,0.1398325063218391,1.0,244,409,0.1566394880952381,0.0784906534954407,0.1071645602863134,653,6.483107351457199
smile,smile_55,2.65,4.361111111111112,-0.0230140100250626,0.1696731663266297,0.0,485,487,0.1707306169887759,-0.0026155346700083,0.134439001622492,972,6.880384082186005
smile,smile_56,1.5333333333333332,3.1851851851851856,-0.0157023745519713,0.1417159873981089,0.0,319,319,0.1187036879160266,-0.0752077700972862,0.1433112669661408,638,6.459904454377535
smile,smile_57,2.1666666666666665,4.416666666666667,0.1667976812947401,0.1722755183960716,1.0,264,409,0.1798347152777778,0.0696646903205727,0.1410926430012871,673,6.513230110912307
smile,smile_58,1.7,4.388888888888888,0.0243682539682539,0.1487592743605872,1.0,452,307,0.1713810682326622,0.0151415178571428,0.1372547649904092,759,6.633318433280377
smile,smile_59,1.3333333333333333,4.018518518518518,0.0400112677527151,0.1274827200404793,1.0,200,381,0.2145225646441372,0.0025298558897243,0.0992042045371372,581,6.366470447731438
smile,smile_6,3.4000000000000004,4.435185185185184,0.085691433747412,0.1061475491776536,1.0,242,292,0.2290181389870436,0.0230091959972394,0.0948464179115659,534,6.282266746896006
smile,smile_60,1.7666666666666666,4.203703703703703,0.1133944962042787,0.1675835476427713,1.0,242,324,0.1722726064499874,0.0424880952380952,0.1195127109023131,566,6.340359303727752
smile,smile_61,1.75,3.7037037037037037,-0.0986963675213675,0.1545631362688529,0.0,205,310,0.1014380055898328,-0.0388204517704517,0.1433862028281237,515,6.246106765481563
smile,smile_62,1.6833333333333331,4.157407407407407,0.1402270394979697,0.11907229561101,1.0,224,292,0.1991200922654103,0.0464640088593577,0.0787224177549306,516,6.248042874508429
smile,smile_63,2.233333333333333,3.9444444444444446,0.0308159152313407,0.1185209244620219,1.0,247,454,0.1843236418762261,0.0146221968929415,0.0815848038373749,701,6.553933404025811
smile,smile_64,2.0166666666666666,4.296296296296297,-0.0251151360544217,0.1612138151973458,0.0,221,469,0.183939494478951,-0.0802394935752078,0.0971983912559789,690,6.53813982376767
smile,smile_65,2.1333333333333333,3.972222222222222,0.040543924963925,0.1446159025979717,1.0,285,384,0.1515465269841269,0.0416871212121212,0.1052061288735125,669,6.507277712385012
smile,smile_66,2.2,4.25,0.0005755617398473,0.131041369494911,1.0,395,299,0.1728231841817187,-0.0093616161616161,0.1028167953682385,694,6.543911845564792
smile,smile_67,2.15,4.37037037037037,0.003224375,0.129463732086643,1.0,210,319,0.185460597798259,-0.0587191964285714,0.1130761247287943,529,6.272877006546167
smile,smile_68,1.7166666666666668,4.407407407407407,0.0585731845238095,0.1142440494316716,1.0,209,410,0.2087204983572813,0.0401453769841269,0.1001006345722732,619,6.429719478039138
smile,smile_69,2.2,4.351851851851852,0.0226236205593348,0.1437248601288545,1.0,324,323,0.1546287660499444,0.0653940287226001,0.1015855817666646,647,6.473890696352274
smile,smile_7,2.3833333333333333,4.3240740740740735,0.160924823037323,0.1365463876643757,1.0,383,347,0.1662851542688081,0.122562264049764,0.1025609824467518,730,6.594413459749778
smile,smile_70,2.1,4.1759259259259265,0.1511159029649595,0.1198749738389884,1.0,277,277,0.1511611155531864,0.0563893381251871,0.1005868782291874,554,6.318968113746434
smile,smile_71,2.016666666666667,4.472222222222221,0.0151347275847275,0.1386597896703182,1.0,379,305,0.1636557164307164,-0.0267587087087087,0.0982987146079629,684,6.529418838262226
smile,smile_72,2.1666666666666665,4.296296296296297,-0.0241608436853001,0.1313778842730587,0.0,239,376,0.1141092686302495,-0.099131754658385,0.1150630074059561,615,6.423246963533519
smile,smile_73,2.533333333333333,4.0740740740740735,0.0637301109198699,0.1072713010409596,1.0,425,329,0.1816360416666666,0.0589670969592656,0.131163287392086,754,6.626717749249025
smile,smile_74,,,0.0020491709183673,0.1385754160358281,1.0,291,0,,-0.0185154903628117,0.1134978174441883,291,5.676753802268282
smile,smile_75,1.95,4.5092592592592595,0.152256218294878,0.150439692268825,1.0,495,268,0.2699296960225531,0.0581023154966453,0.1004356441355944,763,6.638567789166521
smile,smile_76,2.483333333333333,4.3240740740740735,-0.0573768736186457,0.1618402163635907,0.0,407,402,0.1699325972373682,0.0730930580671086,0.1168048490879588,809,6.697034247666484
smile,smile_77,1.9666666666666668,4.277777777777778,0.0616221717171717,0.1098803375968146,1.0,285,620,0.1326392486945678,0.0264318253968253,0.1110555070546755,905,6.80903930604298
smile,smile_78,2.8166666666666664,4.398148148148149,0.2059122338366241,0.1399647440665486,1.0,215,384,0.212423965079365,0.2188510840108401,0.1066429618362535,599,6.396929655216146
smile,smile_79,1.9,3.861111111111111,-0.0389154365079364,0.1480058356789004,0.0,162,354,0.1582094248907292,-0.0574696031746031,0.1010097607349264,516,6.248042874508429
smile,smile_8,2.733333333333333,4.518518518518518,0.3210096525096527,0.1454382008411478,1.0,194,380,0.2057910644761049,0.166356628056628,0.0989345710461102,574,6.354370040797351
smile,smile_80,2.6833333333333336,4.037037037037037,-0.0553041666666666,0.115408129829867,0.0,113,373,0.1626294719169719,0.0295080357142857,0.1273120356155802,486,6.18826412308259
smile,smile_81,1.7333333333333332,4.351851851851852,0.1655130731922399,0.1289243671396946,1.0,189,410,0.211492310889443,0.1895525352733686,0.1213094543884301,599,6.396929655216146
smile,smile_82,2.9166666666666665,4.268518518518518,-0.0310930735930735,0.1008551569704595,0.0,174,386,0.0912934276451517,0.0205111712361712,0.0922977478659162,560,6.329720905522696
smile,smile_83,2.4166666666666665,4.37962962962963,0.0373641933497536,0.1497454461804219,1.0,593,550,0.2297544817064225,0.0134894978106185,0.112040150183759,1143,7.042286171939743
smile,smile_84,2.5666666666666664,4.37962962962963,-0.0175548085901025,0.1418972811126606,0.0,522,482,0.2418914443437699,-0.0847644607843136,0.1028264457209463,1004,6.912742820493176
smile,smile_85,2.333333333333333,4.416666666666667,0.0099941826215022,0.1435207343552354,1.0,496,737,0.2337182806776556,-0.0211686917034855,0.0898768882832731,1233,7.1180162044653335
smile,smile_86,2.066666666666667,4.333333333333333,0.0356536228689006,0.1310057386665179,1.0,553,549,0.2130127064961787,-0.0193616034685479,0.0861237700554402,1102,7.005789019253503
smile,smile_87,2.066666666666667,3.9166666666666665,0.0076607910906297,0.129484568650334,1.0,476,628,0.1884247115162705,-0.024090838880355,0.0810911180250008,1104,7.007600613951853
smile,smile_88,2.183333333333333,4.347222222222222,-0.0103113771645021,0.129957158359834,0.0,452,578,0.1903037959940859,-0.0793211625180375,0.0922883870091895,1030,6.93828448401696
smile,smile_89,2.5166666666666666,4.342592592592593,0.0990253968253968,0.1484649514224112,1.0,472,373,0.2528696984563056,0.0649955227743271,0.1007318690962318,845,6.740519359606223
smile,smile_9,2.533333333333333,4.361111111111111,0.1360859457671957,0.2172709433067227,1.0,133,297,0.2095388296406525,0.2405365244708994,0.10641388126513,430,6.066108090103747
smile,smile_90,2.65,4.101851851851852,-0.0070023482726424,0.1299384620560568,0.0,435,391,0.2128195929942657,-0.0803043510737628,0.0889433410000638,826,6.717804695023691
smile,smile_91,2.083333333333333,4.291666666666667,0.0469637580673294,0.1284873242885994,1.0,467,587,0.2162662190366342,-0.044802071341357,0.1005246862159283,1054,6.961296045910167
smile,smile_92,2.816666666666667,3.9907407407407405,0.1497509658580412,0.1541580218084745,1.0,274,464,0.2212192037327751,0.0555285639412997,0.1116011161255178,738,6.6052979209482015
smile,smile_93,2.1666666666666665,4.296296296296297,0.1305468614718615,0.1265007036115157,1.0,287,346,0.1456466758513494,0.0797053463203463,0.0970921411618596,633,6.452048954437226
smile,smile_94,2.4666666666666663,4.208333333333334,0.114147514962269,0.1394598427972326,1.0,316,398,0.2120926276165993,0.1059458495966692,0.087470190618621,714,6.5722825426940075
smile,smile_95,2.533333333333333,3.907407407407407,0.0583685626102292,0.1358091864690163,1.0,324,473,0.1755922422345375,0.0581791950113378,0.0984716186870159,797,6.682108597449809
smile,smile_96,2.75,4.435185185185186,0.1976043587805492,0.1443594585313609,1.0,327,456,0.1652797645680196,0.28725781053162,0.1187662163824337,783,6.664409020350408
smile,smile_97,2.5166666666666666,4.3240740740740735,0.1668698412698412,0.1454960025659022,1.0,201,370,0.119816502880007,0.2252538638262322,0.1045512999645565,571,6.349138991379798
smile,smile_98,1.6166666666666665,3.407407407407407,0.0477619206349206,0.1259065952866252,1.0,137,261,0.1008777730536659,0.0640394603174603,0.097819473503293,398,5.988961416889864
smile,smile_99,2.7,4.351851851851852,0.1643753233392121,0.1193792333603937,1.0,148,381,0.1831129170933606,0.0396469576719576,0.1285267817569548,529,6.272877006546167
soulchat,soulchat_1013,1.8333333333333333,3.7037037037037037,0.1603659611992945,0.1449312120998389,1.0,326,315,0.1641340815956012,0.0922930650037793,0.1144380999377902,641,6.464588303689961
soulchat,soulchat_10318,2.2333333333333334,3.972222222222222,0.005212566137566,0.145843363135512,1.0,191,302,0.2035795777127688,0.0046132495590829,0.0913885908822178,493,6.202535517187923
soulchat,soulchat_104432,2.066666666666667,3.1759259259259256,-0.0453864126984127,0.1404607117138326,0.0,259,471,0.1873864426578712,0.0200531428571428,0.1255925561815575,730,6.594413459749778
soulchat,soulchat_105382,2.333333333333333,4.203703703703703,-0.0087367922293295,0.1304263765714524,0.0,345,291,0.2118214482719802,0.0329957829898128,0.1100588184001494,636,6.456769655572163
soulchat,soulchat_105827,1.6333333333333335,4.296296296296297,0.2406008241758242,0.1476482571213367,1.0,142,294,0.2321914536340852,0.1763958485958486,0.0729205052770716,436,6.07993319509559
soulchat,soulchat_109377,2.316666666666667,4.185185185185186,0.1978519151138716,0.1383727819375645,1.0,243,466,0.187845238963565,0.103556055900621,0.0977922955494727,709,6.565264970035361
soulchat,soulchat_10989,2.466666666666667,4.3240740740740735,0.1100721198156682,0.1137068505924002,1.0,165,196,0.2432215962142432,-0.0719574116743471,0.1044868548420412,361,5.8916442118257715
soulchat,soulchat_110546,2.5,4.111111111111111,0.0795122929606625,0.1273624404094632,1.0,243,376,0.1276420613295272,-0.0126129830917874,0.1358871507682852,619,6.429719478039138
soulchat,soulchat_111279,2.4833333333333334,4.2592592592592595,0.0939972663139329,0.122662853778733,1.0,282,336,0.1546276819086452,0.0238091637272192,0.1146823300002009,618,6.428105272684596
soulchat,soulchat_111507,2.25,4.333333333333333,0.0310083736884584,0.1525993185353948,1.0,304,592,0.2014916326336137,0.0204435902609631,0.0996234247026574,896,6.799055862058796
soulchat,soulchat_112571,1.9833333333333332,3.6018518518518516,0.0143937229437228,0.1123861551596783,1.0,121,175,0.2505894363166953,0.0440239177489177,0.0819684069470242,296,5.6937321388027
soulchat,soulchat_113358,2.216666666666667,4.305555555555555,0.234553125,0.1932189681663347,1.0,331,737,0.1871390927524856,0.0965695312499999,0.109694655113356,1068,6.974478911025045
soulchat,soulchat_11444,1.9833333333333332,4.0092592592592595,0.0582440476190476,0.0993156651332716,1.0,78,255,0.1592918457220286,0.0881744505494505,0.0726997315197934,333,5.811140992976701
soulchat,soulchat_115287,2.5500000000000003,4.37962962962963,0.2863610376249266,0.1819236114025711,1.0,144,297,0.1427475157076719,0.138011493239271,0.0966758555019994,441,6.091309882077698
soulchat,soulchat_117216,2.0,4.083333333333333,0.1725589212228101,0.1786317238870716,1.0,146,273,0.1923576584295334,0.1073777483833039,0.1523990975151044,419,6.040254711277414
soulchat,soulchat_118141,2.45,4.342592592592593,0.0410594130675526,0.2249381517577588,1.0,226,399,0.1958448687423687,0.0986448504983388,0.0962511238453303,625,6.439350371100098
soulchat,soulchat_118517,2.0333333333333337,4.0092592592592595,0.0857243493909191,0.1499595285870538,1.0,443,456,0.2085282642661837,0.0809378737541528,0.1278653230913901,899,6.802394763324311
soulchat,soulchat_118547,2.033333333333333,3.888888888888889,0.0655833994708995,0.1754343298106244,1.0,103,333,0.1829027961493239,-0.0057994047619047,0.1176036474301882,436,6.07993319509559
soulchat,soulchat_118967,2.55,3.842592592592593,-0.0819894957983193,0.1023563532748133,0.0,95,267,0.1838223145071982,-0.1565224789915966,0.0952634167013547,362,5.8944028342648505
soulchat,soulchat_119053,2.0500000000000003,3.8796296296296298,0.1870764087301587,0.1507174100129951,1.0,209,579,0.196631723753829,0.1236758928571428,0.0774533620282869,788,6.670766320845874
soulchat,soulchat_119162,2.483333333333333,4.25,0.1072892006802721,0.1286278447203074,1.0,220,465,0.1559403500069618,0.1605744236583522,0.135029162445641,685,6.530877627725885
soulchat,soulchat_120361,2.1,4.407407407407407,0.1947131746031747,0.1353673377942126,1.0,236,384,0.197213383068783,0.136953253968254,0.1057043160992962,620,6.431331081933479
soulchat,soulchat_120459,2.7999999999999994,3.9351851851851847,0.0706958333333333,0.1411830030305328,1.0,153,357,0.209205694672505,0.0258804421768707,0.0866556149143524,510,6.236369590203704
soulchat,soulchat_124639,2.3666666666666667,3.6481481481481484,-0.058224181547619,0.1250676165341937,0.0,89,195,0.1828711085509472,-0.1125802083333333,0.1366476660878856,284,5.652489180268651
soulchat,soulchat_125333,2.433333333333333,3.8981481481481484,0.034201278659612,0.1191937697794409,1.0,102,191,0.1506457897261468,0.0388382936507936,0.0814192291839437,293,5.683579767338681
soulchat,soulchat_127377,2.216666666666667,3.842592592592593,-0.1836516106442577,0.1673265616620737,0.0,181,274,0.1689337017070979,-0.0186360994397759,0.1068368755543082,455,6.1224928095143865
soulchat,soulchat_128113,2.216666666666667,4.064814814814815,0.0723605013550134,0.1136650105483027,1.0,214,313,0.2232489922723475,0.0702261807975222,0.0910583848514752,527,6.269096283706261
soulchat,soulchat_128955,2.083333333333333,3.1481481481481484,-0.0722146403242147,0.1366205616934352,0.0,246,293,0.1325092988486474,-0.0131305217831813,0.1141674093622879,539,6.29156913955832
soulchat,soulchat_129663,2.5333333333333337,3.9629629629629632,0.1233217013888888,0.1547618774797627,1.0,173,354,0.2304073337934207,0.1248212177579365,0.1324626041469963,527,6.269096283706261
soulchat,soulchat_130882,2.45,4.0740740740740735,0.0791522675736961,0.135061027647678,1.0,150,298,0.2029657947492722,0.0157519699546485,0.1207183510591259,448,6.1070228877422545
soulchat,soulchat_133137,2.35,3.6481481481481475,0.0036889367816091,0.1429919705646519,1.0,300,311,0.2123999750341637,0.0469752394636015,0.1004242322169051,611,6.416732282512326
soulchat,soulchat_133327,2.766666666666667,4.416666666666667,0.2247587301587301,0.1471024962683315,1.0,100,196,0.1801498769204651,0.3524502204585538,0.0719836590846333,296,5.6937321388027
soulchat,soulchat_137516,2.3833333333333333,3.9166666666666665,-0.0275048185941043,0.2063590628010197,0.0,81,172,0.1374998636673483,-0.0827560941043083,0.0838664944361277,253,5.537334267018537
soulchat,soulchat_139945,1.9,4.083333333333333,0.0369394970109255,0.148272624331406,1.0,397,354,0.2252904140786749,-0.0158733302411873,0.1138018022932308,751,6.62273632394984
soulchat,soulchat_140855,2.066666666666667,4.203703703703703,0.1594032175032175,0.1600595451809294,1.0,198,318,0.2036873285560178,0.1398220506220506,0.1165555107412344,516,6.248042874508429
soulchat,soulchat_142645,1.6666666666666667,3.592592592592592,0.2490393849206349,0.2301752376865197,1.0,131,355,0.216903727406184,0.0764988591269841,0.1027453076617513,486,6.18826412308259
soulchat,soulchat_144678,1.6,3.6388888888888893,0.0411406746031746,0.1660262608852568,1.0,109,133,0.193391660266257,-0.0335780753968254,0.1266087147605369,242,5.493061443340548
soulchat,soulchat_14530,2.3666666666666667,3.6759259259259256,0.0645798015873016,0.0997983945004673,1.0,159,293,0.1908166764475743,0.0882695502645502,0.0705681726648665,452,6.115892125483034
soulchat,soulchat_14716,2.783333333333333,3.8055555555555554,-0.144228448275862,0.1023587165058218,0.0,156,230,0.229761454068807,-0.1385673097974822,0.0798440599740412,386,5.958424693029782
soulchat,soulchat_147541,2.4,4.453703703703703,0.1319385793650793,0.1615452611742263,1.0,262,276,0.2145874071101599,0.0640949682539682,0.0886763934507744,538,6.289715570908998
soulchat,soulchat_147688,2.4,4.111111111111111,-0.1450569396051103,0.1239693226786966,0.0,218,401,0.187626359531908,0.113694337979094,0.1015332325095243,619,6.429719478039138
soulchat,soulchat_149043,1.95,4.0,0.0276956225198412,0.1321009752527516,1.0,171,289,0.1967903854875283,0.1377273189484126,0.0816877357342389,460,6.133398042996649
soulchat,soulchat_150876,1.8,4.287037037037037,0.3066329365079364,0.1158598026070085,1.0,55,106,0.1852936426116838,0.1904523809523809,0.0518007205909103,161,5.087596335232384
soulchat,soulchat_152749,2.833333333333333,4.342592592592593,0.0061633297258297,0.1351375603566653,1.0,233,545,0.1501040741234304,0.0644579725829726,0.0899660578776831,778,6.658011045870748
soulchat,soulchat_155808,1.65,3.2962962962962963,-0.2129796992481203,0.2238537503781169,0.0,203,611,0.1996689942255972,-0.0633005534670008,0.1321681239375636,814,6.703188113240863
soulchat,soulchat_157820,1.8,3.8981481481481475,0.5114235863095238,0.1993070312098678,1.0,92,358,0.1906455928503206,0.2400745039682539,0.0940808863248748,450,6.111467339502679
soulchat,soulchat_160456,2.35,3.75,0.0361218013468013,0.1149081668294033,1.0,177,331,0.2087128191856452,0.0564238696488696,0.1214620894836585,508,6.2324480165505225
soulchat,soulchat_16072,2.5666666666666664,3.8981481481481484,0.034950582010582,0.1515351381080432,1.0,85,143,0.1258298507462686,-0.0488696296296296,0.1015324656669346,228,5.43372200355424
soulchat,soulchat_16273,2.583333333333333,4.064814814814814,-0.0788726666666666,0.1826306271346587,0.0,134,300,0.1560953021873125,0.0171394285714285,0.1011183074661332,434,6.075346031088684
soulchat,soulchat_163086,2.533333333333333,4.287037037037037,0.0616213577097506,0.0849622375032292,1.0,149,333,0.2079238082990397,-0.1232873724489795,0.0799056078130987,482,6.180016653652572
soulchat,soulchat_164603,1.8666666666666665,3.7870370370370368,0.0199711003331373,0.1376543738719025,1.0,416,389,0.1639445123224728,0.035627356456986,0.1235411334035874,805,6.692083742506628
soulchat,soulchat_165169,2.7,4.12037037037037,0.091857477025898,0.140145365686697,1.0,199,312,0.1635278314736235,0.0043892961570593,0.0958645763224648,511,6.238324625039508
soulchat,soulchat_16582,2.3166666666666664,3.6296296296296298,-0.0155366444785798,0.1230466636817741,0.0,478,402,0.1751160204370128,0.0614182838368322,0.0944564749308952,880,6.78105762593618
soulchat,soulchat_166302,2.266666666666667,4.296296296296297,0.0095880307539682,0.1219030152636821,1.0,410,757,0.1939629525294966,0.0131918402777777,0.0857913650156991,1167,7.0630481633881725
soulchat,soulchat_173167,2.45,4.194444444444445,0.3386986394557823,0.1653591269748376,1.0,79,163,0.2163001726448155,0.1798163265306122,0.0728786353706962,242,5.493061443340548
soulchat,soulchat_173513,2.3000000000000003,3.944444444444444,0.1092470833333333,0.1022594314114321,1.0,110,223,0.1861449080255155,0.0946127976190476,0.0569472454122679,333,5.811140992976701
soulchat,soulchat_174642,2.083333333333333,4.388888888888889,0.3037495464852607,0.1497255631719956,1.0,114,310,0.2392362113062279,0.130872052154195,0.1091484874173511,424,6.052089168924417
soulchat,soulchat_174868,2.4166666666666665,4.185185185185185,0.1023319841269841,0.1425596347306702,1.0,212,293,0.1788469637268052,0.0672607837301587,0.085872565772306,505,6.226536669287466
soulchat,soulchat_17561,2.0500000000000003,3.75,0.1030481894841269,0.1210543860803012,1.0,169,522,0.1758619767010117,0.0345142361111111,0.1003180475183345,691,6.539585955617669
soulchat,soulchat_175668,1.6833333333333331,3.675925925925926,0.0394312925170068,0.1642161701591905,1.0,222,477,0.2180083748812915,0.1706180933484505,0.1200883841081039,699,6.551080335043404
soulchat,soulchat_177121,2.2666666666666666,3.8055555555555554,0.0805050843253968,0.1598664919745001,1.0,173,441,0.2093872326940035,0.0716083829365079,0.12295194848301,614,6.421622267806518
soulchat,soulchat_179258,2.316666666666667,3.842592592592592,0.0255260351966873,0.1362601053775282,1.0,127,411,0.1993937504935639,-0.0586211180124223,0.0950208739078977,538,6.289715570908998
soulchat,soulchat_179502,1.75,4.175925925925926,0.0277986635650429,0.1231359440000869,1.0,446,331,0.1306651594695849,0.0858981755154169,0.1085895841797589,777,6.656726524178391
soulchat,soulchat_179718,2.25,4.25,-0.0065996787603929,0.0797597586894003,0.0,116,207,0.2682518318101651,-0.0072309334845049,0.0858133920811827,323,5.780743515792329
soulchat,soulchat_180258,2.5666666666666664,3.9814814814814814,0.0535334591560201,0.158876841670498,1.0,215,231,0.1712671260546261,-0.024565921409214,0.0720580490890414,446,6.102558594613569
soulchat,soulchat_180294,2.2666666666666666,3.694444444444444,0.0920053099017384,0.1383029972146552,1.0,115,326,0.2042308134294727,-0.0383151171579742,0.1350076439361436,441,6.091309882077698
soulchat,soulchat_180423,2.1166666666666667,4.101851851851852,0.0551205761316873,0.1298091991177976,1.0,147,391,0.2048381461397822,0.1724508671369782,0.1448720806205665,538,6.289715570908998
soulchat,soulchat_180487,2.3000000000000003,4.305555555555555,0.1370968442932729,0.1390690928249619,1.0,114,161,0.1399341426482873,0.0215437641723356,0.1028211883115222,275,5.62040086571715
soulchat,soulchat_183585,1.8666666666666665,3.092592592592592,0.0692666666666666,0.1048077828432134,1.0,35,104,0.1985007477025898,0.1311952380952381,0.1274050291580724,139,4.941642422609304
soulchat,soulchat_183774,1.6666666666666667,3.9166666666666665,-0.017806142526455,0.1530766005023305,0.0,250,423,0.2311067412391688,-0.0106871114417989,0.0852055113986153,673,6.513230110912307
soulchat,soulchat_18458,2.8666666666666667,4.416666666666667,-0.1274504658385092,0.1579591113946512,0.0,126,211,0.2266850660066006,0.0886165631469979,0.1188185633676975,337,5.823045895483019
soulchat,soulchat_185080,2.15,3.972222222222222,-0.0188945533769063,0.1195109570704185,0.0,268,529,0.1738367895299145,0.0148290538437597,0.1091138548826221,797,6.682108597449809
soulchat,soulchat_185560,2.216666666666667,4.157407407407407,0.0308900037792895,0.1445444074621238,1.0,221,287,0.1534773909443873,0.013342932728647,0.1004179973407895,508,6.2324480165505225
soulchat,soulchat_189145,1.9333333333333331,3.7407407407407405,0.0436191738816738,0.1548172909061912,1.0,120,272,0.1632999034341239,0.032490404040404,0.1022781276736281,392,5.973809611869261
soulchat,soulchat_18917,1.3666666666666665,2.8703703703703702,0.0664925170068027,0.1511300606276096,1.0,184,151,0.266344477978985,0.1204359183673469,0.09803014237171,335,5.817111159963204
soulchat,soulchat_189462,1.6333333333333335,3.6666666666666665,0.2848534798534798,0.1570657327414458,1.0,75,257,0.2424522129416282,0.1830934065934066,0.1121162186297184,332,5.808142489980444
soulchat,soulchat_191141,1.5333333333333332,3.324074074074074,0.1072313095238095,0.1694658675166643,1.0,109,241,0.2129288433908046,0.195753869047619,0.1232423938625553,350,5.860786223465865
soulchat,soulchat_192378,2.1333333333333333,4.268518518518519,0.1886971674876847,0.1554326602513806,1.0,158,446,0.1997895690312738,0.0204485495347564,0.1059279203395601,604,6.405228458030842
soulchat,soulchat_192635,2.75,3.9629629629629632,-0.0634014384920635,0.1568378421414444,0.0,173,483,0.1985686566539414,0.0581646081349206,0.0680741347767834,656,6.48768401848461
soulchat,soulchat_193235,2.1333333333333333,3.925925925925926,-0.1400096153846153,0.0828695245604269,0.0,75,326,0.2094673514095438,-0.1270535714285714,0.0496510393754594,401,5.996452088619021
soulchat,soulchat_193835,1.9833333333333332,3.9444444444444446,0.0203883286647992,0.1056149033398432,1.0,98,251,0.2212695165945166,0.0437083566760037,0.1235289395318581,349,5.857933154483459
soulchat,soulchat_195108,2.6833333333333336,3.8518518518518516,0.1197158622908622,0.1149491459326725,1.0,196,412,0.2064363789436369,0.0806513835263835,0.0943343987187074,608,6.411818267709897
soulchat,soulchat_19563,1.95,3.6296296296296298,-0.0454421768707482,0.204489379041015,0.0,81,381,0.2161978099931729,0.0202941326530612,0.1079035059132647,462,6.137727054086234
soulchat,soulchat_197299,1.6833333333333331,3.9166666666666665,0.0358041369047619,0.1575383900051964,1.0,209,225,0.1619705632716049,0.0214092063492063,0.0973975420226544,434,6.075346031088684
soulchat,soulchat_197406,1.9,4.351851851851851,0.0418017048794826,0.143565931776354,1.0,415,562,0.2088787745055828,0.0294338477366255,0.0972192779665865,977,6.885509670034818
soulchat,soulchat_199070,2.1333333333333333,3.75,-0.024990253411306,0.1340096740310432,0.0,295,418,0.2398567664066441,0.1068754873294346,0.090829113413252,713,6.570882962339584
soulchat,soulchat_201447,1.8,4.138888888888889,-0.0060595588235293,0.2130286057156066,0.0,182,367,0.1879610046998315,0.0874261554621848,0.1511639608286101,549,6.309918278226516
soulchat,soulchat_201476,1.7666666666666668,4.083333333333333,0.1834942250233426,0.1807229748297098,1.0,435,455,0.1927833893871449,0.1034823015873016,0.1289227125099763,890,6.792344427470809
soulchat,soulchat_20427,2.233333333333333,4.37037037037037,0.0434059203789042,0.1213799614422886,1.0,322,238,0.2076728009981285,0.064594553251408,0.1055498187360558,560,6.329720905522696
soulchat,soulchat_204320,2.2333333333333334,4.2407407407407405,-0.0415617979242979,0.1136990559335985,0.0,142,305,0.1775349608537108,0.0982912851037851,0.1182811381578865,447,6.104793232414985
soulchat,soulchat_204468,1.7666666666666666,3.6944444444444446,0.2008094897959183,0.1326372605109914,1.0,187,233,0.1761757777069161,0.0507699659863945,0.1081576206860561,420,6.042632833682381
soulchat,soulchat_209378,2.15,4.101851851851852,0.2234785541752932,0.1596098224805464,1.0,239,324,0.1855449647266314,0.0828447636300897,0.0864382911707522,563,6.335054251498059
soulchat,soulchat_209555,2.6166666666666667,4.361111111111111,0.2383190136054422,0.1565725609266049,1.0,185,367,0.1737475758180367,0.0885721088435373,0.1179732694357826,552,6.315358001522335
soulchat,soulchat_210571,1.85,3.8055555555555554,0.2577137148426622,0.1568250898674447,1.0,297,237,0.1994579191033138,0.0395594054580896,0.1119838357325371,534,6.282266746896006
soulchat,soulchat_211860,2.45,4.37962962962963,0.2364821428571429,0.1363272692435633,1.0,158,354,0.1654246365309408,0.146147030651341,0.0673074779577543,512,6.240275845170769
soulchat,soulchat_212484,1.9833333333333332,4.342592592592593,0.0753369929453263,0.1403900281308697,1.0,190,379,0.2099089982839982,0.054115873015873,0.1003282476279756,569,6.345636360828596
soulchat,soulchat_21254,1.9166666666666667,4.333333333333333,0.0508667016806723,0.152616279199808,1.0,180,405,0.1859998296456629,0.0088969654528478,0.1019661343932376,585,6.373319789577012
soulchat,soulchat_212974,1.883333333333333,4.194444444444445,-0.0315232426303854,0.1479756533545725,0.0,118,230,0.2000033882783883,-0.0117424036281179,0.0855656079146341,348,5.855071922202427
soulchat,soulchat_21405,2.4333333333333336,4.0740740740740735,0.1455314425770307,0.15794075021536,1.0,95,183,0.1474347974822112,0.1085835434173669,0.0611750047882883,278,5.631211781821365
soulchat,soulchat_21492,2.216666666666667,4.148148148148148,0.0480873482726423,0.1278444978551879,1.0,181,285,0.1828848257418909,-0.0326311624649859,0.1103968995946665,466,6.1463292576688975
soulchat,soulchat_214957,2.3666666666666667,4.0092592592592595,0.1843865914786967,0.1307037519087137,1.0,107,182,0.2059147100651435,0.0550889306599833,0.0891334717341218,289,5.66988092298052
soulchat,soulchat_215203,2.033333333333333,3.7037037037037037,0.1308903628117913,0.1283580488511112,1.0,114,274,0.1965544324648098,0.0021994331065759,0.1122004911712787,388,5.963579343618446
soulchat,soulchat_215274,2.066666666666667,3.7962962962962963,0.0330492063492063,0.0974065878736693,1.0,97,207,0.2445015512265512,-0.0401700746965452,0.1043124072565852,304,5.720311776607412
soulchat,soulchat_215431,2.3000000000000003,4.3240740740740735,0.1129835846560846,0.1441303117872011,1.0,312,407,0.1969846294966898,0.0853662566137566,0.0916691980630976,719,6.579251212010101
soulchat,soulchat_215603,2.65,4.12037037037037,0.1213226785714285,0.1517686146495926,1.0,111,302,0.1888811257381223,-0.1016104166666666,0.1049957948309039,413,6.025865973825314
soulchat,soulchat_216367,2.0500000000000003,4.231481481481482,-0.1296486904761904,0.1405330926164809,0.0,160,349,0.2369379528478058,-0.0368260052910052,0.0968231613496283,509,6.234410725718371
soulchat,soulchat_216777,2.283333333333333,4.333333333333333,0.272711433531746,0.1486706477081563,1.0,89,192,0.1887389431000087,0.2409930555555555,0.1022261468560579,281,5.641907070938114
soulchat,soulchat_217596,2.4166666666666665,4.0740740740740735,0.0214254464285714,0.1575526063352357,1.0,90,304,0.2234149098735539,0.1041881448412698,0.0842984226847344,394,5.978885764901122
soulchat,soulchat_217635,2.733333333333333,4.0740740740740735,0.0551693076081007,0.1147914840158807,1.0,158,201,0.2455229373346561,-0.1115469759168034,0.1040444536360016,359,5.886104031450156
soulchat,soulchat_220634,1.4666666666666668,3.361111111111111,0.0289892857142857,0.0480771553483337,1.0,37,207,0.237097260301427,0.0394571428571428,0.0653495856622598,244,5.501258210544727
soulchat,soulchat_221019,2.3666666666666667,4.148148148148148,-0.1122266369047619,0.1603381787162626,0.0,129,396,0.2422920860506132,0.0358175099206349,0.1096717355195022,525,6.26530121273771
soulchat,soulchat_222059,1.9833333333333327,4.25,0.3646205782312925,0.2027384406925577,1.0,149,369,0.2307054453262786,0.0429850340136054,0.1278030203003821,518,6.251903883165888
soulchat,soulchat_225090,2.45,3.9444444444444446,-0.0169574263038548,0.1281675167645584,0.0,118,301,0.1807031963470319,-0.0317442554799697,0.0798115211602457,419,6.040254711277414
soulchat,soulchat_227914,2.283333333333333,3.824074074074074,0.0594628709454796,0.1323867927508885,1.0,241,393,0.2022259961970899,-0.0230819358178053,0.0901950627677516,634,6.453624998892692
soulchat,soulchat_228257,1.8833333333333333,3.9907407407407405,-0.0435404761904761,0.1285609895936277,0.0,79,288,0.1649507964954201,-0.0140794217687074,0.1056320472275359,367,5.908082938168931
soulchat,soulchat_22977,1.9166666666666667,3.222222222222222,0.0052310057997558,0.1415183030334485,1.0,270,745,0.2188642468944099,-0.0284104395604395,0.1026459706261777,1015,6.923628628138427
soulchat,soulchat_230352,1.6499999999999997,3.824074074074074,0.1220146825396825,0.1703229508897973,1.0,244,362,0.1767093192139934,0.0578453816278284,0.1106003553456018,606,6.408528791059498
soulchat,soulchat_230429,2.233333333333333,4.101851851851852,0.2811337474120082,0.1506323520417462,1.0,127,324,0.1872532426303854,0.1566172877846791,0.1003841400563424,451,6.113682179832232
soulchat,soulchat_233113,2.45,4.287037037037037,0.1092323412698412,0.1140607249915209,1.0,131,252,0.2230120550003266,0.1741125992063492,0.0773093616834688,383,5.950642552587727
soulchat,soulchat_234243,2.1333333333333333,3.8796296296296298,-0.1669673421141506,0.1178417975438653,0.0,244,449,0.1686874612193362,-0.0120291877744005,0.0869485177774079,693,6.542471960506805
soulchat,soulchat_235389,2.1833333333333336,3.6203703703703702,-0.0370456349206349,0.126915881573792,0.0,88,119,0.2344269913419913,0.0063357142857142,0.0727732243723292,207,5.337538079701318
soulchat,soulchat_238566,1.4833333333333334,3.7407407407407405,0.0055841820987654,0.1386220068954823,1.0,371,461,0.2251723477665402,-0.1033016754850088,0.1065612291554504,832,6.725033642166843
soulchat,soulchat_240759,1.7833333333333332,3.824074074074074,0.2172041771094402,0.1435159290778395,1.0,105,228,0.2185325070667537,0.0061492898913951,0.0930344553183076,333,5.811140992976701
soulchat,soulchat_243147,2.1666666666666665,3.4907407407407405,-0.0584782386072708,0.138459471462962,0.0,166,594,0.1820956240672907,-0.0074190348182283,0.1079785084539173,760,6.634633357861686
soulchat,soulchat_24586,1.9333333333333336,3.8148148148148144,0.0692165249433106,0.186585490115192,1.0,220,209,0.1851080714285714,0.081362462207105,0.1283189743876195,429,6.063785208687608
soulchat,soulchat_246013,2.466666666666667,4.25,-0.0898586466165413,0.1795434042718589,0.0,108,296,0.1658108663790719,-0.066169298245614,0.1440132633963923,404,6.003887067106539
soulchat,soulchat_246825,2.4166666666666665,3.9166666666666665,0.0671561076604555,0.1004002713992119,1.0,128,239,0.2090371066252588,-0.007383850931677,0.1082338855876984,367,5.908082938168931
soulchat,soulchat_247190,2.6333333333333333,4.212962962962963,0.1100962921626984,0.1363100107255307,1.0,172,346,0.2093467512128491,-0.0127010664682539,0.0834645986150838,518,6.251903883165888
soulchat,soulchat_247641,2.1,4.157407407407407,-0.0661788293650794,0.1517350992915669,0.0,109,342,0.1801814361981028,0.1455767857142857,0.1059345257166209,451,6.113682179832232
soulchat,soulchat_248347,2.483333333333333,4.092592592592593,0.0092469418564527,0.161254742585834,1.0,473,522,0.1974329086605402,0.0440605590062111,0.1160110196978773,995,6.903747257584598
soulchat,soulchat_249771,1.8333333333333333,4.388888888888888,0.2370989682539682,0.1564052874957365,1.0,86,297,0.2470658179012345,0.0976675132275132,0.059476553132279,383,5.950642552587727
soulchat,soulchat_25146,3.3000000000000003,4.546296296296297,0.0974632605820105,0.1434561359492139,1.0,192,333,0.1873668528316676,0.0741159501763668,0.0925175831654455,525,6.26530121273771
soulchat,soulchat_252995,2.6833333333333336,4.2592592592592595,0.1286739241622574,0.125874717990864,1.0,238,355,0.167920390632168,0.0939060582010582,0.1290935345182996,593,6.386879319362645
soulchat,soulchat_254691,2.3166666666666664,4.305555555555556,0.1538761111111111,0.1600663293500719,1.0,162,213,0.2131874649859943,0.1239806613756613,0.0837908452983439,375,5.929589143389895
soulchat,soulchat_256317,2.8000000000000003,4.287037037037037,-0.0528693191311612,0.1824407803221648,0.0,203,403,0.2112242436145355,0.0065148287385129,0.0918558989640514,606,6.408528791059498
soulchat,soulchat_257439,1.9,4.25,0.1090041841736694,0.164346005509796,1.0,350,611,0.1851175361229763,-0.0229874766573296,0.1202359269756056,961,6.8690144506657065
soulchat,soulchat_257560,1.9666666666666668,3.8611111111111107,0.02407215007215,0.1567776388660925,1.0,122,254,0.1562842711370262,-0.0074810606060606,0.1224944873294212,376,5.932245187448011
soulchat,soulchat_26459,1.7166666666666668,3.7407407407407405,0.0832040962621607,0.1533717842534099,1.0,168,289,0.1895938166099773,0.0345990143369175,0.0972356073531493,457,6.126869184114185
soulchat,soulchat_28022,1.9,3.6666666666666665,-0.0171995535714285,0.1216409980376538,0.0,529,308,0.1784351369644848,-0.0188184447496947,0.0926819233439391,837,6.731018100482083
soulchat,soulchat_28634,1.9166666666666667,3.4722222222222228,-0.1137489974937343,0.1474655600766296,0.0,106,175,0.1664139534327787,-0.0700938805346699,0.081988577861524,281,5.641907070938114
soulchat,soulchat_28869,2.583333333333333,4.37962962962963,0.162962506012506,0.1254498175350567,1.0,177,277,0.1896524135276001,0.0782048821548821,0.0973800633859565,454,6.12029741895095
soulchat,soulchat_31700,2.233333333333333,3.5833333333333335,-0.0436581422692534,0.1180294401727579,0.0,145,420,0.1586452825087861,-0.0169920634920635,0.0628178484620373,565,6.338594078203183
soulchat,soulchat_33707,2.583333333333333,4.25,-0.0064022675736961,0.1272149931176386,0.0,255,349,0.183758842203548,0.0485458130871396,0.0937675824998729,604,6.405228458030842
soulchat,soulchat_36290,2.033333333333333,4.25,0.068961111111111,0.162848624676882,1.0,132,249,0.2220742261904762,-0.1709566964285714,0.1344448633830802,381,5.945420608606575
soulchat,soulchat_36564,2.266666666666667,4.0,0.2207108134920634,0.1368984561316356,1.0,89,281,0.2210766193977591,0.1805214533730158,0.0610960742557687,370,5.916202062607435
soulchat,soulchat_37002,2.083333333333333,4.018518518518518,0.0240695238095237,0.0870712321569948,1.0,86,153,0.1289705715388006,0.0522063492063492,0.1339660127111136,239,5.480638923341991
soulchat,soulchat_38064,2.4,4.027777777777778,0.0634028467908902,0.1125909916674024,1.0,124,244,0.1912215433975008,-0.0421060731538992,0.1050180857941159,368,5.910796644040527
soulchat,soulchat_41153,1.7833333333333332,4.185185185185185,-0.1461397619047619,0.2076003847798394,0.0,162,364,0.1888503208137715,-0.1503513492063491,0.1292067919902312,526,6.267200548541362
soulchat,soulchat_4188,2.3166666666666664,3.7592592592592595,-0.0234647108843537,0.1229793328578871,0.0,153,137,0.1654561166914682,0.0197797477324263,0.0863474507442152,290,5.673323267171493
soulchat,soulchat_43285,2.266666666666667,4.231481481481482,0.0654186713191023,0.1833080701307263,1.0,299,440,0.1923327560490553,0.1468730295566502,0.1111505440291979,739,6.606650186198215
soulchat,soulchat_48262,2.6166666666666667,4.287037037037037,0.000340066137566,0.1174217520165477,1.0,163,346,0.1754812373416231,0.0656795899470899,0.0845096376373258,509,6.234410725718371
soulchat,soulchat_49825,1.85,3.9444444444444446,0.2837183531746031,0.1588282487058014,1.0,90,208,0.2272140424343942,0.2394835317460317,0.1078274501511438,298,5.700443573390687
soulchat,soulchat_53787,2.016666666666667,4.0092592592592595,0.4190128851540616,0.1934445093489102,1.0,98,246,0.1476940777576853,0.2544350140056022,0.0804382732141241,344,5.84354441703136
soulchat,soulchat_54500,2.316666666666667,4.111111111111112,0.019696164021164,0.1086729434437342,1.0,144,279,0.224259456202234,0.0204192239858906,0.1172306331883848,423,6.049733455231958
soulchat,soulchat_5501,2.2166666666666663,3.842592592592592,0.1196944113756614,0.1549088205854363,1.0,129,248,0.2283281347545992,0.1528065641534391,0.0998776638777509,377,5.934894195619588
soulchat,soulchat_56159,2.5500000000000003,3.9629629629629632,0.0416243626743626,0.1155688197050505,1.0,174,383,0.1752494960105254,-0.0917857503607503,0.0883705636312557,557,6.324358962381311
soulchat,soulchat_57071,1.8333333333333333,4.111111111111111,0.1797917460317459,0.1427402407943948,1.0,87,207,0.1475182359307359,0.0934834391534391,0.0964311340723116,294,5.68697535633982
soulchat,soulchat_58897,2.6666666666666665,4.25,0.0188676406926405,0.106652728802961,1.0,121,201,0.2514886925429894,0.1028531926406926,0.0832276329729203,322,5.777652323222656
soulchat,soulchat_59081,1.7666666666666666,4.416666666666667,0.0396547335600907,0.1574685551227619,1.0,153,546,0.1599143256185155,0.0332569727891156,0.1235489683950017,699,6.551080335043404
soulchat,soulchat_59156,2.266666666666667,3.9629629629629632,-0.1204220663265306,0.1640860258182993,0.0,153,524,0.2008849545384497,-0.123941581632653,0.118551860015351,677,6.519147287940395
soulchat,soulchat_60352,2.5,4.12037037037037,0.1622839285714286,0.1546308499963945,1.0,259,634,0.1934401974603174,0.1276622142857142,0.1142830296528754,893,6.795705775173514
soulchat,soulchat_61371,2.1666666666666665,4.3240740740740735,0.1435061904761904,0.1391706997388368,1.0,111,268,0.1460743610957897,0.097087619047619,0.1206962964661869,379,5.940171252720432
soulchat,soulchat_61405,2.5166666666666666,4.361111111111111,0.0395486678004535,0.1375191946587523,1.0,223,368,0.1828423110934253,0.0304119897959183,0.0929193221746949,591,6.3835066348840055
soulchat,soulchat_61440,1.7333333333333332,4.314814814814815,0.3035805377872542,0.1878670542593682,1.0,345,372,0.2191399285058376,0.1446075870646766,0.1398131456522891,717,6.576469569048224
soulchat,soulchat_63047,2.3833333333333333,4.064814814814815,0.2551658352229781,0.1452285686677983,1.0,116,321,0.1320499402218152,0.0512153628117914,0.0973545732498517,437,6.082218910376446
soulchat,soulchat_63298,2.15,3.9814814814814814,-0.1028498917748917,0.1441551096606219,0.0,122,260,0.177483921457029,0.025960606060606,0.1036887226352795,382,5.948034989180646
soulchat,soulchat_63823,2.7999999999999994,4.12962962962963,-0.0230564574314574,0.1097818182284465,0.0,123,254,0.2190208260447036,-0.0200426406926407,0.0842091196255316,377,5.934894195619588
soulchat,soulchat_6512,2.6333333333333333,4.027777777777778,0.1760378835978836,0.1402686363049395,1.0,87,203,0.2009384327442316,0.1155719047619047,0.1147532510283401,290,5.673323267171493
soulchat,soulchat_66637,2.1166666666666667,3.9907407407407405,-0.0186271577380952,0.1827632858895027,0.0,89,285,0.2185352728893489,0.2041906994047619,0.0960816661598867,374,5.926926025970411
soulchat,soulchat_68118,1.8666666666666665,3.509259259259259,0.0010991452991453,0.1280085564671316,1.0,206,509,0.1415052492063492,0.0011955433455433,0.1351957346689069,715,6.573680166960646
soulchat,soulchat_69379,2.216666666666667,3.7592592592592595,0.0269324884792626,0.1012498451401552,1.0,168,228,0.2226807095745451,0.0839723502304147,0.0978731015845855,396,5.983936280687191
soulchat,soulchat_70068,2.3000000000000003,4.361111111111112,0.1134356244384546,0.1538149684180015,1.0,277,384,0.1190182952380952,0.065095342917041,0.1334147790827944,661,6.495265555937008
soulchat,soulchat_7027,2.5166666666666666,3.8703703703703702,0.1182378231292517,0.1287393429226362,1.0,188,188,0.213951556264964,0.0988949886621315,0.1047124678026459,376,5.932245187448011
soulchat,soulchat_70676,2.35,3.842592592592593,0.117803738512949,0.11110906463691,1.0,203,217,0.2318945531898656,0.0373531328320802,0.0672436679708446,420,6.042632833682381
soulchat,soulchat_7238,2.1666666666666665,3.925925925925926,0.1495904761904762,0.1155775226376998,1.0,169,226,0.2013023992392656,0.0209430803571428,0.1282392289833503,395,5.981414211254481
soulchat,soulchat_72847,2.1333333333333333,4.287037037037037,0.2817019345238095,0.1894187932022066,1.0,129,212,0.1734046113847838,0.1821639384920635,0.1000221162490295,341,5.834810737062605
soulchat,soulchat_73677,2.0500000000000003,3.907407407407407,0.1680450148809523,0.1306467688896043,1.0,91,230,0.1974088414853121,0.1427270833333333,0.1085381095780778,321,5.7745515455444085
soulchat,soulchat_73782,2.516666666666667,4.518518518518519,0.1377624074074074,0.1342027846256435,1.0,159,490,0.1908183257433257,0.1150612169312169,0.0883708799603694,649,6.476972362889683
soulchat,soulchat_73784,2.233333333333333,4.1759259259259265,-0.1370151969429748,0.140193026562641,0.0,144,316,0.219877330541337,-0.0792335390946502,0.1015572963319772,460,6.133398042996649
soulchat,soulchat_74897,1.8833333333333333,3.342592592592593,0.0323105982905983,0.1491709673519557,1.0,334,438,0.1565667425167425,0.0218401892551892,0.1147513816294692,772,6.650279048587422
soulchat,soulchat_75401,2.083333333333333,3.342592592592593,-0.0689713383838383,0.1605064643997504,0.0,122,424,0.2048083390705679,-0.0721630772005772,0.1137687549267246,546,6.304448802421981
soulchat,soulchat_77299,2.083333333333333,4.333333333333333,0.0552060414642046,0.1634090187615371,1.0,254,516,0.2223660655583732,-0.019706162941367,0.0956151234382512,770,6.647688373563329
soulchat,soulchat_80154,1.9833333333333327,3.7777777777777772,0.1234849760059062,0.1889679626974758,1.0,225,223,0.2025092104287197,0.1419136489479513,0.0961647946594424,448,6.1070228877422545
soulchat,soulchat_80536,2.15,4.166666666666667,0.3262592261904761,0.1686607188000595,1.0,151,219,0.2327803193499622,0.2966543509070294,0.1399275183350314,370,5.916202062607435
soulchat,soulchat_82948,2.1833333333333336,4.185185185185186,0.2842772321428571,0.2077247141093649,1.0,171,271,0.2028258436326184,0.0762610863095238,0.121924080219112,442,6.093569770045136
soulchat,soulchat_83658,1.85,3.5833333333333335,0.0108346801346801,0.1480220118807446,1.0,174,441,0.2171827142122281,-0.108744745069745,0.1056222004063835,615,6.423246963533519
soulchat,soulchat_85832,2.033333333333333,3.7314814814814814,0.388419597069597,0.1891167002022474,1.0,142,255,0.1899115547167376,0.1896543803418803,0.1397907043442986,397,5.986452005284438
soulchat,soulchat_88035,2.216666666666667,3.9537037037037037,0.0846874999999999,0.0752298306178554,1.0,52,213,0.1851837651727357,0.0289083333333333,0.0623747682142141,265,5.583496308781699
soulchat,soulchat_88746,1.4833333333333334,3.4814814814814814,0.0746318366114562,0.1481282929046005,1.0,470,478,0.1374456916099773,0.0917724939613526,0.1391423966950215,948,6.855408798609928
soulchat,soulchat_89540,2.1666666666666665,3.8703703703703702,0.1262247023809524,0.2199074689182059,1.0,93,213,0.2732043475723623,0.0329125,0.1266877360243182,306,5.726847747587197
soulchat,soulchat_90914,3.083333333333333,4.1759259259259265,0.0780058201058201,0.0822613804593427,1.0,84,229,0.1035209397546897,0.0633666666666666,0.1291131680254388,313,5.749392985908253
soulchat,soulchat_92082,2.4,4.101851851851852,0.1732069160997732,0.0969441045117255,1.0,114,180,0.201237206442031,0.1403988095238094,0.1132832405681227,294,5.68697535633982
soulchat,soulchat_92713,2.533333333333333,4.1759259259259265,0.0546557334428022,0.1196233949649543,1.0,154,230,0.169573489908784,0.086364627805145,0.0836032964858501,384,5.953243334287785
soulchat,soulchat_93872,2.3,4.064814814814815,0.0974615787981859,0.1345910118688277,1.0,151,271,0.2306094177874712,0.0584455073696145,0.0990834069663564,422,6.0473721790462776
soulchat,soulchat_94971,1.4666666666666668,3.731481481481481,0.2213255325814536,0.1368139847449778,1.0,203,307,0.1826071135613082,0.1091680033416875,0.1088102951962635,510,6.236369590203704
soulchat,soulchat_95432,1.85,3.842592592592593,0.2132633156966489,0.157816480330392,1.0,148,163,0.1796959621727479,0.1180287624926513,0.0877957978460164,311,5.7430031878094825
soulchat,soulchat_96121,2.45,3.944444444444444,-0.1933704212454212,0.2205143446311395,0.0,140,279,0.1789879159318048,-0.1347789377289377,0.1359721578677304,419,6.040254711277414
soulchat,soulchat_96316,1.95,3.9166666666666665,0.177569074074074,0.1554943136823505,1.0,162,401,0.2364257329122125,0.2016419841269841,0.0941426779534667,563,6.335054251498059
soulchat,soulchat_97418,1.8333333333333333,3.7407407407407405,-0.0033496296296295,0.1439688246806268,0.0,86,180,0.2105416597048176,-0.213737671957672,0.16323991271229,266,5.58724865840025
soulchat,soulchat_99719,2.216666666666667,3.7685185185185186,-0.0162495647721453,0.1367901915052928,0.0,168,460,0.2306001513391757,0.119522363031234,0.1431116086762278,628,6.444131256700441
